timestamp,embedding_case,umap_n_components,umap_n_neighbors,umap_min_dist,umap_metric,umap2d_n_neighbors,umap2d_min_dist,umap2d_metric,hdbscan_min_cluster_size,hdbscan_min_samples,hdbscan_cluster_selection_method,hdbscan_metric,random_state,n_clusters,noise_ratio,min_size,median_size,max_size
2026-04-17T03:08:57,video,10,10,0.0,cosine,15,0.1,euclidean,10,,eom,cosine,42,19,0.3128,11,19,77
2026-04-17T03:08:57,video,10,10,0.0,cosine,15,0.1,euclidean,10,,eom,euclidean,42,21,0.3361,10,17,76
2026-04-17T03:08:57,video,10,10,0.0,cosine,15,0.1,cosine,10,,eom,euclidean,42,21,0.3361,10,17,76
2026-04-17T03:08:57,video,10,10,0.0,cosine,15,0.1,cosine,10,,eom,cosine,42,19,0.3128,11,19,77
2026-04-17T03:09:08,video,10,10,0.0,euclidean,15,0.1,euclidean,10,,eom,euclidean,42,4,0.0082,14,16,680
2026-04-17T03:09:08,video,10,10,0.0,euclidean,15,0.1,cosine,10,,eom,cosine,42,14,0.2295,10,17,220
2026-04-17T03:09:08,video,10,10,0.0,euclidean,15,0.1,cosine,10,,eom,euclidean,42,4,0.0082,14,16,680
2026-04-17T03:09:08,video,10,10,0.0,euclidean,15,0.1,euclidean,10,,eom,cosine,42,14,0.2295,10,17,220
2026-04-17T03:09:21,video,10,10,0.0,correlation,15,0.1,cosine,10,,eom,euclidean,42,15,0.2131,11,19,203
2026-04-17T03:09:21,video,10,10,0.0,correlation,15,0.1,euclidean,10,,eom,euclidean,42,15,0.2131,11,19,203
2026-04-17T03:09:21,video,10,10,0.0,correlation,15,0.1,euclidean,10,,eom,cosine,42,19,0.3429,11,19,74
2026-04-17T03:09:21,video,10,10,0.0,correlation,15,0.1,cosine,10,,eom,cosine,42,19,0.3429,11,19,74
2026-04-17T03:09:32,video,10,10,0.0,cosine,15,0.1,euclidean,10,,leaf,euclidean,42,23,0.3989,10,16,47
2026-04-17T03:09:33,video,10,10,0.0,cosine,15,0.1,cosine,10,,leaf,cosine,42,20,0.3607,11,18,63
2026-04-17T03:09:33,video,10,10,0.0,cosine,15,0.1,euclidean,10,,leaf,cosine,42,20,0.3607,11,18,63
2026-04-17T03:09:33,video,10,10,0.0,cosine,15,0.1,cosine,10,,leaf,euclidean,42,23,0.3989,10,16,47
2026-04-17T03:09:45,video,10,10,0.0,euclidean,15,0.1,euclidean,10,,leaf,euclidean,42,18,0.4454,13,17,60
2026-04-17T03:09:45,video,10,10,0.0,euclidean,15,0.1,euclidean,10,,leaf,cosine,42,20,0.4139,10,17,61
2026-04-17T03:09:45,video,10,10,0.0,euclidean,15,0.1,cosine,10,,leaf,euclidean,42,18,0.4454,13,17,60
2026-04-17T03:09:45,video,10,10,0.0,euclidean,15,0.1,cosine,10,,leaf,cosine,42,20,0.4139,10,17,61
2026-04-17T03:09:58,video,10,10,0.0,correlation,15,0.1,euclidean,10,,leaf,euclidean,42,20,0.3306,11,19,82
2026-04-17T03:09:58,video,10,10,0.0,correlation,15,0.1,cosine,10,,leaf,cosine,42,21,0.4153,11,18,49
2026-04-17T03:09:58,video,10,10,0.0,correlation,15,0.1,cosine,10,,leaf,euclidean,42,20,0.3306,11,19,82
2026-04-17T03:09:58,video,10,10,0.0,correlation,15,0.1,euclidean,10,,leaf,cosine,42,21,0.4153,11,18,49
2026-04-17T03:10:09,video,10,10,0.0,cosine,15,0.1,euclidean,15,,eom,euclidean,42,10,0.2555,16,33,209
2026-04-17T03:10:09,video,10,10,0.0,cosine,15,0.1,cosine,15,,eom,euclidean,42,10,0.2555,16,33,209
2026-04-17T03:10:09,video,10,10,0.0,cosine,15,0.1,euclidean,15,,eom,cosine,42,11,0.2404,15,28,206
2026-04-17T03:10:09,video,10,10,0.0,cosine,15,0.1,cosine,15,,eom,cosine,42,11,0.2404,15,28,206
2026-04-17T03:10:21,video,10,10,0.0,euclidean,15,0.1,euclidean,15,,eom,euclidean,42,3,0.0,16,16,700
2026-04-17T03:10:21,video,10,10,0.0,euclidean,15,0.1,euclidean,15,,eom,cosine,42,3,0.0,16,16,700
2026-04-17T03:10:22,video,10,10,0.0,euclidean,15,0.1,cosine,15,,eom,euclidean,42,3,0.0,16,16,700
2026-04-17T03:10:22,video,10,10,0.0,euclidean,15,0.1,cosine,15,,eom,cosine,42,3,0.0,16,16,700
2026-04-17T03:10:33,video,10,10,0.0,correlation,15,0.1,cosine,15,,eom,euclidean,42,7,0.1202,16,19,321
2026-04-17T03:10:33,video,10,10,0.0,correlation,15,0.1,euclidean,15,,eom,euclidean,42,7,0.1202,16,19,321
2026-04-17T03:10:33,video,10,10,0.0,correlation,15,0.1,euclidean,15,,eom,cosine,42,9,0.306,16,36,196
2026-04-17T03:10:33,video,10,10,0.0,correlation,15,0.1,cosine,15,,eom,cosine,42,9,0.306,16,36,196
2026-04-17T03:10:46,video,10,10,0.0,cosine,15,0.1,cosine,15,,leaf,euclidean,42,13,0.3784,16,29,74
2026-04-17T03:10:46,video,10,10,0.0,cosine,15,0.1,cosine,15,,leaf,cosine,42,14,0.3538,15,27,77
2026-04-17T03:10:46,video,10,10,0.0,cosine,15,0.1,euclidean,15,,leaf,euclidean,42,13,0.3784,16,29,74
2026-04-17T03:10:46,video,10,10,0.0,cosine,15,0.1,euclidean,15,,leaf,cosine,42,14,0.3538,15,27,77
2026-04-17T03:10:58,video,10,10,0.0,euclidean,15,0.1,euclidean,15,,leaf,euclidean,42,10,0.4057,16,37,97
2026-04-17T03:10:58,video,10,10,0.0,euclidean,15,0.1,cosine,15,,leaf,euclidean,42,10,0.4057,16,37,97
2026-04-17T03:10:58,video,10,10,0.0,euclidean,15,0.1,euclidean,15,,leaf,cosine,42,10,0.4563,16,37,76
2026-04-17T03:10:58,video,10,10,0.0,euclidean,15,0.1,cosine,15,,leaf,cosine,42,10,0.4563,16,37,76
2026-04-17T03:11:10,video,10,10,0.0,correlation,15,0.1,cosine,15,,leaf,euclidean,42,14,0.3962,15,21,73
2026-04-17T03:11:10,video,10,10,0.0,correlation,15,0.1,euclidean,15,,leaf,euclidean,42,14,0.3962,15,21,73
2026-04-17T03:11:10,video,10,10,0.0,correlation,15,0.1,euclidean,15,,leaf,cosine,42,12,0.3893,16,35,76
2026-04-17T03:11:10,video,10,10,0.0,correlation,15,0.1,cosine,15,,leaf,cosine,42,12,0.3893,16,35,76
2026-04-17T03:11:23,video,10,10,0.0,cosine,15,0.1,euclidean,25,,eom,euclidean,42,5,0.3893,38,72,193
2026-04-17T03:11:23,video,10,10,0.0,cosine,15,0.1,euclidean,25,,eom,cosine,42,3,0.2596,36,189,317
2026-04-17T03:11:23,video,10,10,0.0,cosine,15,0.1,cosine,25,,eom,euclidean,42,5,0.3893,38,72,193
2026-04-17T03:11:23,video,10,10,0.0,cosine,15,0.1,cosine,25,,eom,cosine,42,3,0.2596,36,189,317
2026-04-17T03:11:33,video,10,10,0.0,euclidean,15,0.1,euclidean,25,,eom,euclidean,42,3,0.2678,38,208,290
2026-04-17T03:11:33,video,10,10,0.0,euclidean,15,0.1,euclidean,25,,eom,cosine,42,4,0.3169,34,126,213
2026-04-17T03:11:34,video,10,10,0.0,euclidean,15,0.1,cosine,25,,eom,euclidean,42,3,0.2678,38,208,290
2026-04-17T03:11:34,video,10,10,0.0,euclidean,15,0.1,cosine,25,,eom,cosine,42,4,0.3169,34,126,213
2026-04-17T03:11:47,video,10,10,0.0,correlation,15,0.1,euclidean,25,,eom,euclidean,42,3,0.2678,43,196,297
2026-04-17T03:11:47,video,10,10,0.0,correlation,15,0.1,cosine,25,,eom,euclidean,42,3,0.2678,43,196,297
2026-04-17T03:11:47,video,10,10,0.0,correlation,15,0.1,cosine,25,,eom,cosine,42,3,0.2801,37,192,298
2026-04-17T03:11:47,video,10,10,0.0,correlation,15,0.1,euclidean,25,,eom,cosine,42,3,0.2801,37,192,298
2026-04-17T03:11:59,video,10,10,0.0,cosine,15,0.1,euclidean,25,,leaf,euclidean,42,6,0.5533,31,44,98
2026-04-17T03:11:59,video,10,10,0.0,cosine,15,0.1,cosine,25,,leaf,euclidean,42,6,0.5533,31,44,98
2026-04-17T03:11:59,video,10,10,0.0,cosine,15,0.1,euclidean,25,,leaf,cosine,42,5,0.4194,35,62,189
2026-04-17T03:12:00,video,10,10,0.0,cosine,15,0.1,cosine,25,,leaf,cosine,42,5,0.4194,35,62,189
2026-04-17T03:12:10,video,10,10,0.0,euclidean,15,0.1,euclidean,25,,leaf,euclidean,42,5,0.3702,38,73,208
2026-04-17T03:12:10,video,10,10,0.0,euclidean,15,0.1,euclidean,25,,leaf,cosine,42,5,0.4016,34,65,213
2026-04-17T03:12:10,video,10,10,0.0,euclidean,15,0.1,cosine,25,,leaf,euclidean,42,5,0.3702,38,73,208
2026-04-17T03:12:11,video,10,10,0.0,euclidean,15,0.1,cosine,25,,leaf,cosine,42,5,0.4016,34,65,213
2026-04-17T03:12:23,video,10,10,0.0,correlation,15,0.1,cosine,25,,leaf,euclidean,42,6,0.5683,35,48,81
2026-04-17T03:12:23,video,10,10,0.0,correlation,15,0.1,euclidean,25,,leaf,euclidean,42,6,0.5683,35,48,81
2026-04-17T03:12:24,video,10,10,0.0,correlation,15,0.1,euclidean,25,,leaf,cosine,42,7,0.5847,33,37,63
2026-04-17T03:12:24,video,10,10,0.0,correlation,15,0.1,cosine,25,,leaf,cosine,42,7,0.5847,33,37,63
2026-04-17T03:12:35,video,10,10,0.05,cosine,15,0.1,euclidean,10,,eom,cosine,42,17,0.3238,10,18,80
2026-04-17T03:12:35,video,10,10,0.05,cosine,15,0.1,euclidean,10,,eom,euclidean,42,3,0.0,16,17,699
2026-04-17T03:12:35,video,10,10,0.05,cosine,15,0.1,cosine,10,,eom,euclidean,42,3,0.0,16,17,699
2026-04-17T03:12:35,video,10,10,0.05,cosine,15,0.1,cosine,10,,eom,cosine,42,17,0.3238,10,18,80
2026-04-17T03:12:47,video,10,10,0.05,euclidean,15,0.1,euclidean,10,,eom,euclidean,42,4,0.0096,14,16,679
2026-04-17T03:12:47,video,10,10,0.05,euclidean,15,0.1,euclidean,10,,eom,cosine,42,17,0.3566,11,16,69
2026-04-17T03:12:47,video,10,10,0.05,euclidean,15,0.1,cosine,10,,eom,euclidean,42,4,0.0096,14,16,679
2026-04-17T03:12:47,video,10,10,0.05,euclidean,15,0.1,cosine,10,,eom,cosine,42,17,0.3566,11,16,69
2026-04-17T03:13:00,video,10,10,0.05,correlation,15,0.1,euclidean,10,,eom,euclidean,42,16,0.276,12,17,200
2026-04-17T03:13:00,video,10,10,0.05,correlation,15,0.1,euclidean,10,,eom,cosine,42,19,0.3566,12,19,61
2026-04-17T03:13:00,video,10,10,0.05,correlation,15,0.1,cosine,10,,eom,euclidean,42,16,0.276,12,17,200
2026-04-17T03:13:00,video,10,10,0.05,correlation,15,0.1,cosine,10,,eom,cosine,42,19,0.3566,12,19,61
2026-04-17T03:13:11,video,10,10,0.05,cosine,15,0.1,cosine,10,,leaf,euclidean,42,19,0.4249,11,17,56
2026-04-17T03:13:11,video,10,10,0.05,cosine,15,0.1,euclidean,10,,leaf,euclidean,42,19,0.4249,11,17,56
2026-04-17T03:13:11,video,10,10,0.05,cosine,15,0.1,cosine,10,,leaf,cosine,42,20,0.418,10,17,62
2026-04-17T03:13:11,video,10,10,0.05,cosine,15,0.1,euclidean,10,,leaf,cosine,42,20,0.418,10,17,62
2026-04-17T03:13:24,video,10,10,0.05,euclidean,15,0.1,euclidean,10,,leaf,euclidean,42,19,0.4426,10,16,61
2026-04-17T03:13:24,video,10,10,0.05,euclidean,15,0.1,euclidean,10,,leaf,cosine,42,19,0.4303,11,16,61
2026-04-17T03:13:24,video,10,10,0.05,euclidean,15,0.1,cosine,10,,leaf,euclidean,42,19,0.4426,10,16,61
2026-04-17T03:13:24,video,10,10,0.05,euclidean,15,0.1,cosine,10,,leaf,cosine,42,19,0.4303,11,16,61
2026-04-17T03:13:35,video,10,10,0.05,correlation,15,0.1,cosine,10,,leaf,euclidean,42,20,0.377,12,17,66
2026-04-17T03:13:35,video,10,10,0.05,correlation,15,0.1,euclidean,10,,leaf,cosine,42,19,0.3566,12,19,61
2026-04-17T03:13:35,video,10,10,0.05,correlation,15,0.1,euclidean,10,,leaf,euclidean,42,20,0.377,12,17,66
2026-04-17T03:13:35,video,10,10,0.05,correlation,15,0.1,cosine,10,,leaf,cosine,42,19,0.3566,12,19,61
2026-04-17T03:13:48,video,10,10,0.05,cosine,15,0.1,euclidean,15,,eom,euclidean,42,3,0.0,16,17,699
2026-04-17T03:13:48,video,10,10,0.05,cosine,15,0.1,cosine,15,,eom,euclidean,42,3,0.0,16,17,699
2026-04-17T03:13:48,video,10,10,0.05,cosine,15,0.1,cosine,15,,eom,cosine,42,3,0.0014,16,17,698
2026-04-17T03:13:48,video,10,10,0.05,cosine,15,0.1,euclidean,15,,eom,cosine,42,3,0.0014,16,17,698
2026-04-17T03:14:00,video,10,10,0.05,euclidean,15,0.1,euclidean,15,,eom,euclidean,42,3,0.0,16,16,700
2026-04-17T03:14:00,video,10,10,0.05,euclidean,15,0.1,euclidean,15,,eom,cosine,42,3,0.0,16,16,700
2026-04-17T03:14:00,video,10,10,0.05,euclidean,15,0.1,cosine,15,,eom,euclidean,42,3,0.0,16,16,700
2026-04-17T03:14:01,video,10,10,0.05,euclidean,15,0.1,cosine,15,,eom,cosine,42,3,0.0,16,16,700
2026-04-17T03:14:12,video,10,10,0.05,correlation,15,0.1,euclidean,15,,eom,euclidean,42,3,0.0,16,17,699
2026-04-17T03:14:12,video,10,10,0.05,correlation,15,0.1,euclidean,15,,eom,cosine,42,8,0.2158,16,28,233
2026-04-17T03:14:12,video,10,10,0.05,correlation,15,0.1,cosine,15,,eom,cosine,42,8,0.2158,16,28,233
2026-04-17T03:14:12,video,10,10,0.05,correlation,15,0.1,cosine,15,,eom,euclidean,42,3,0.0,16,17,699
2026-04-17T03:14:25,video,10,10,0.05,cosine,15,0.1,cosine,15,,leaf,euclidean,42,12,0.444,16,28,69
2026-04-17T03:14:25,video,10,10,0.05,cosine,15,0.1,euclidean,15,,leaf,cosine,42,12,0.3975,15,31,71
2026-04-17T03:14:25,video,10,10,0.05,cosine,15,0.1,euclidean,15,,leaf,euclidean,42,12,0.444,16,28,69
2026-04-17T03:14:25,video,10,10,0.05,cosine,15,0.1,cosine,15,,leaf,cosine,42,12,0.3975,15,31,71
2026-04-17T03:14:36,video,10,10,0.05,euclidean,15,0.1,euclidean,15,,leaf,cosine,42,10,0.4399,16,33,99
2026-04-17T03:14:36,video,10,10,0.05,euclidean,15,0.1,euclidean,15,,leaf,euclidean,42,10,0.4604,16,32,96
2026-04-17T03:14:36,video,10,10,0.05,euclidean,15,0.1,cosine,15,,leaf,euclidean,42,10,0.4604,16,32,96
2026-04-17T03:14:36,video,10,10,0.05,euclidean,15,0.1,cosine,15,,leaf,cosine,42,10,0.4399,16,33,99
2026-04-17T03:14:49,video,10,10,0.05,correlation,15,0.1,euclidean,15,,leaf,euclidean,42,13,0.4262,15,24,64
2026-04-17T03:14:49,video,10,10,0.05,correlation,15,0.1,euclidean,15,,leaf,cosine,42,12,0.4754,16,21,79
2026-04-17T03:14:49,video,10,10,0.05,correlation,15,0.1,cosine,15,,leaf,cosine,42,12,0.4754,16,21,79
2026-04-17T03:14:49,video,10,10,0.05,correlation,15,0.1,cosine,15,,leaf,euclidean,42,13,0.4262,15,24,64
2026-04-17T03:15:01,video,10,10,0.05,cosine,15,0.1,cosine,25,,eom,euclidean,42,5,0.4426,35,61,181
2026-04-17T03:15:01,video,10,10,0.05,cosine,15,0.1,euclidean,25,,eom,euclidean,42,5,0.4426,35,61,181
2026-04-17T03:15:01,video,10,10,0.05,cosine,15,0.1,euclidean,25,,eom,cosine,42,3,0.2404,45,202,309
2026-04-17T03:15:01,video,10,10,0.05,cosine,15,0.1,cosine,25,,eom,cosine,42,3,0.2404,45,202,309
2026-04-17T03:15:12,video,10,10,0.05,euclidean,15,0.1,euclidean,25,,eom,euclidean,42,3,0.2746,35,210,286
2026-04-17T03:15:12,video,10,10,0.05,euclidean,15,0.1,euclidean,25,,eom,cosine,42,4,0.4522,32,87,195
2026-04-17T03:15:12,video,10,10,0.05,euclidean,15,0.1,cosine,25,,eom,euclidean,42,3,0.2746,35,210,286
2026-04-17T03:15:13,video,10,10,0.05,euclidean,15,0.1,cosine,25,,eom,cosine,42,4,0.4522,32,87,195
2026-04-17T03:15:25,video,10,10,0.05,correlation,15,0.1,cosine,25,,eom,euclidean,42,4,0.3893,35,110,192
2026-04-17T03:15:25,video,10,10,0.05,correlation,15,0.1,euclidean,25,,eom,euclidean,42,4,0.3893,35,110,192
2026-04-17T03:15:26,video,10,10,0.05,correlation,15,0.1,cosine,25,,eom,cosine,42,4,0.3634,34,105,222
2026-04-17T03:15:26,video,10,10,0.05,correlation,15,0.1,euclidean,25,,eom,cosine,42,4,0.3634,34,105,222
2026-04-17T03:15:36,video,10,10,0.05,cosine,15,0.1,cosine,25,,leaf,euclidean,42,6,0.5847,35,42,87
2026-04-17T03:15:37,video,10,10,0.05,cosine,15,0.1,euclidean,25,,leaf,cosine,42,5,0.4003,45,66,202
2026-04-17T03:15:37,video,10,10,0.05,cosine,15,0.1,euclidean,25,,leaf,euclidean,42,6,0.5847,35,42,87
2026-04-17T03:15:37,video,10,10,0.05,cosine,15,0.1,cosine,25,,leaf,cosine,42,5,0.4003,45,66,202
2026-04-17T03:15:49,video,10,10,0.05,euclidean,15,0.1,cosine,25,,leaf,euclidean,42,5,0.3893,35,60,210
2026-04-17T03:15:49,video,10,10,0.05,euclidean,15,0.1,euclidean,25,,leaf,euclidean,42,5,0.3893,35,60,210
2026-04-17T03:15:49,video,10,10,0.05,euclidean,15,0.1,cosine,25,,leaf,cosine,42,5,0.6161,26,49,100
2026-04-17T03:15:49,video,10,10,0.05,euclidean,15,0.1,euclidean,25,,leaf,cosine,42,5,0.6161,26,49,100
2026-04-17T03:16:02,video,10,10,0.05,correlation,15,0.1,cosine,25,,leaf,euclidean,42,6,0.6544,35,40,51
2026-04-17T03:16:02,video,10,10,0.05,correlation,15,0.1,cosine,25,,leaf,cosine,42,5,0.556,34,40,170
2026-04-17T03:16:02,video,10,10,0.05,correlation,15,0.1,euclidean,25,,leaf,euclidean,42,6,0.6544,35,40,51
2026-04-17T03:16:02,video,10,10,0.05,correlation,15,0.1,euclidean,25,,leaf,cosine,42,5,0.556,34,40,170
2026-04-17T03:16:13,video,10,15,0.0,cosine,15,0.1,euclidean,10,,eom,cosine,42,17,0.3866,11,23,69
2026-04-17T03:16:13,video,10,15,0.0,cosine,15,0.1,euclidean,10,,eom,euclidean,42,3,0.0,16,16,700
2026-04-17T03:16:14,video,10,15,0.0,cosine,15,0.1,cosine,10,,eom,cosine,42,17,0.3866,11,23,69
2026-04-17T03:16:14,video,10,15,0.0,cosine,15,0.1,cosine,10,,eom,euclidean,42,3,0.0,16,16,700
2026-04-17T03:16:26,video,10,15,0.0,euclidean,15,0.1,euclidean,10,,eom,euclidean,42,4,0.0273,14,16,666
2026-04-17T03:16:26,video,10,15,0.0,euclidean,15,0.1,euclidean,10,,eom,cosine,42,16,0.3634,11,17,72
2026-04-17T03:16:26,video,10,15,0.0,euclidean,15,0.1,cosine,10,,eom,euclidean,42,4,0.0273,14,16,666
2026-04-17T03:16:26,video,10,15,0.0,euclidean,15,0.1,cosine,10,,eom,cosine,42,16,0.3634,11,17,72
2026-04-17T03:16:37,video,10,15,0.0,correlation,15,0.1,cosine,10,,eom,euclidean,42,13,0.209,14,18,215
2026-04-17T03:16:38,video,10,15,0.0,correlation,15,0.1,euclidean,10,,eom,euclidean,42,13,0.209,14,18,215
2026-04-17T03:16:38,video,10,15,0.0,correlation,15,0.1,euclidean,10,,eom,cosine,42,15,0.2855,12,18,215
2026-04-17T03:16:38,video,10,15,0.0,correlation,15,0.1,cosine,10,,eom,cosine,42,15,0.2855,12,18,215
2026-04-17T03:16:50,video,10,15,0.0,cosine,15,0.1,euclidean,10,,leaf,euclidean,42,18,0.3934,11,18,62
2026-04-17T03:16:50,video,10,15,0.0,cosine,15,0.1,cosine,10,,leaf,euclidean,42,18,0.3934,11,18,62
2026-04-17T03:16:50,video,10,15,0.0,cosine,15,0.1,cosine,10,,leaf,cosine,42,18,0.4249,11,20,51
2026-04-17T03:16:50,video,10,15,0.0,cosine,15,0.1,euclidean,10,,leaf,cosine,42,18,0.4249,11,20,51
2026-04-17T03:17:03,video,10,15,0.0,euclidean,15,0.1,euclidean,10,,leaf,euclidean,42,18,0.4153,10,16,71
2026-04-17T03:17:03,video,10,15,0.0,euclidean,15,0.1,euclidean,10,,leaf,cosine,42,18,0.4645,11,16,62
2026-04-17T03:17:03,video,10,15,0.0,euclidean,15,0.1,cosine,10,,leaf,euclidean,42,18,0.4153,10,16,71
2026-04-17T03:17:03,video,10,15,0.0,euclidean,15,0.1,cosine,10,,leaf,cosine,42,18,0.4645,11,16,62
2026-04-17T03:17:14,video,10,15,0.0,correlation,15,0.1,euclidean,10,,leaf,euclidean,42,19,0.3975,11,18,43
2026-04-17T03:17:14,video,10,15,0.0,correlation,15,0.1,euclidean,10,,leaf,cosine,42,18,0.4139,12,21,44
2026-04-17T03:17:15,video,10,15,0.0,correlation,15,0.1,cosine,10,,leaf,euclidean,42,19,0.3975,11,18,43
2026-04-17T03:17:15,video,10,15,0.0,correlation,15,0.1,cosine,10,,leaf,cosine,42,18,0.4139,12,21,44
2026-04-17T03:17:27,video,10,15,0.0,cosine,15,0.1,euclidean,15,,eom,cosine,42,5,0.1093,16,51,344
2026-04-17T03:17:27,video,10,15,0.0,cosine,15,0.1,euclidean,15,,eom,euclidean,42,3,0.0,16,16,700
2026-04-17T03:17:27,video,10,15,0.0,cosine,15,0.1,cosine,15,,eom,cosine,42,5,0.1093,16,51,344
2026-04-17T03:17:27,video,10,15,0.0,cosine,15,0.1,cosine,15,,eom,euclidean,42,3,0.0,16,16,700
2026-04-17T03:17:40,video,10,15,0.0,euclidean,15,0.1,euclidean,15,,eom,cosine,42,8,0.2855,16,52,212
2026-04-17T03:17:40,video,10,15,0.0,euclidean,15,0.1,euclidean,15,,eom,euclidean,42,3,0.0219,16,16,684
2026-04-17T03:17:40,video,10,15,0.0,euclidean,15,0.1,cosine,15,,eom,euclidean,42,3,0.0219,16,16,684
2026-04-17T03:17:40,video,10,15,0.0,euclidean,15,0.1,cosine,15,,eom,cosine,42,8,0.2855,16,52,212
2026-04-17T03:17:52,video,10,15,0.0,correlation,15,0.1,euclidean,15,,eom,euclidean,42,3,0.0,16,17,699
2026-04-17T03:17:52,video,10,15,0.0,correlation,15,0.1,cosine,15,,eom,euclidean,42,3,0.0,16,17,699
2026-04-17T03:17:52,video,10,15,0.0,correlation,15,0.1,euclidean,15,,eom,cosine,42,6,0.168,16,45,255
2026-04-17T03:17:52,video,10,15,0.0,correlation,15,0.1,cosine,15,,eom,cosine,42,6,0.168,16,45,255
2026-04-17T03:18:04,video,10,15,0.0,cosine,15,0.1,euclidean,15,,leaf,euclidean,42,13,0.4372,16,26,60
2026-04-17T03:18:04,video,10,15,0.0,cosine,15,0.1,cosine,15,,leaf,euclidean,42,13,0.4372,16,26,60
2026-04-17T03:18:04,video,10,15,0.0,cosine,15,0.1,euclidean,15,,leaf,cosine,42,13,0.4549,15,22,75
2026-04-17T03:18:04,video,10,15,0.0,cosine,15,0.1,cosine,15,,leaf,cosine,42,13,0.4549,15,22,75
2026-04-17T03:18:15,video,10,15,0.0,euclidean,15,0.1,euclidean,15,,leaf,euclidean,42,11,0.4426,16,31,88
2026-04-17T03:18:15,video,10,15,0.0,euclidean,15,0.1,cosine,15,,leaf,euclidean,42,11,0.4426,16,31,88
2026-04-17T03:18:15,video,10,15,0.0,euclidean,15,0.1,euclidean,15,,leaf,cosine,42,9,0.3811,16,53,86
2026-04-17T03:18:16,video,10,15,0.0,euclidean,15,0.1,cosine,15,,leaf,cosine,42,9,0.3811,16,53,86
2026-04-17T03:18:28,video,10,15,0.0,correlation,15,0.1,euclidean,15,,leaf,euclidean,42,12,0.4645,16,23,68
2026-04-17T03:18:29,video,10,15,0.0,correlation,15,0.1,cosine,15,,leaf,euclidean,42,12,0.4645,16,23,68
2026-04-17T03:18:29,video,10,15,0.0,correlation,15,0.1,cosine,15,,leaf,cosine,42,13,0.4522,16,24,63
2026-04-17T03:18:29,video,10,15,0.0,correlation,15,0.1,euclidean,15,,leaf,cosine,42,13,0.4522,16,24,63
2026-04-17T03:18:41,video,10,15,0.0,cosine,15,0.1,cosine,25,,eom,euclidean,42,3,0.1995,42,207,337
2026-04-17T03:18:41,video,10,15,0.0,cosine,15,0.1,euclidean,25,,eom,euclidean,42,3,0.1995,42,207,337
2026-04-17T03:18:41,video,10,15,0.0,cosine,15,0.1,euclidean,25,,eom,cosine,42,3,0.209,37,209,333
2026-04-17T03:18:42,video,10,15,0.0,cosine,15,0.1,cosine,25,,eom,cosine,42,3,0.209,37,209,333
2026-04-17T03:18:52,video,10,15,0.0,euclidean,15,0.1,cosine,25,,eom,euclidean,42,3,0.224,35,224,309
2026-04-17T03:18:52,video,10,15,0.0,euclidean,15,0.1,euclidean,25,,eom,euclidean,42,3,0.224,35,224,309
2026-04-17T03:18:52,video,10,15,0.0,euclidean,15,0.1,euclidean,25,,eom,cosine,42,3,0.2227,41,210,318
2026-04-17T03:18:52,video,10,15,0.0,euclidean,15,0.1,cosine,25,,eom,cosine,42,3,0.2227,41,210,318
2026-04-17T03:19:06,video,10,15,0.0,correlation,15,0.1,euclidean,25,,eom,euclidean,42,3,0.2309,46,208,309
2026-04-17T03:19:06,video,10,15,0.0,correlation,15,0.1,cosine,25,,eom,cosine,42,3,0.1817,47,209,343
2026-04-17T03:19:06,video,10,15,0.0,correlation,15,0.1,euclidean,25,,eom,cosine,42,3,0.1817,47,209,343
2026-04-17T03:19:06,video,10,15,0.0,correlation,15,0.1,cosine,25,,eom,euclidean,42,3,0.2309,46,208,309
2026-04-17T03:19:17,video,10,15,0.0,cosine,15,0.1,euclidean,25,,leaf,cosine,42,6,0.5437,32,51,96
2026-04-17T03:19:17,video,10,15,0.0,cosine,15,0.1,euclidean,25,,leaf,euclidean,42,5,0.485,35,42,207
2026-04-17T03:19:17,video,10,15,0.0,cosine,15,0.1,cosine,25,,leaf,euclidean,42,5,0.485,35,42,207
2026-04-17T03:19:17,video,10,15,0.0,cosine,15,0.1,cosine,25,,leaf,cosine,42,6,0.5437,32,51,96
2026-04-17T03:19:29,video,10,15,0.0,euclidean,15,0.1,euclidean,25,,leaf,cosine,42,5,0.377,41,68,210
2026-04-17T03:19:29,video,10,15,0.0,euclidean,15,0.1,euclidean,25,,leaf,euclidean,42,5,0.4303,35,52,224
2026-04-17T03:19:30,video,10,15,0.0,euclidean,15,0.1,cosine,25,,leaf,euclidean,42,5,0.4303,35,52,224
2026-04-17T03:19:30,video,10,15,0.0,euclidean,15,0.1,cosine,25,,leaf,cosine,42,5,0.377,41,68,210
2026-04-17T03:19:43,video,10,15,0.0,correlation,15,0.1,cosine,25,,leaf,euclidean,42,6,0.6025,33,49,61
2026-04-17T03:19:43,video,10,15,0.0,correlation,15,0.1,euclidean,25,,leaf,euclidean,42,6,0.6025,33,49,61
2026-04-17T03:19:43,video,10,15,0.0,correlation,15,0.1,cosine,25,,leaf,cosine,42,6,0.6516,28,42,56
2026-04-17T03:19:43,video,10,15,0.0,correlation,15,0.1,euclidean,25,,leaf,cosine,42,6,0.6516,28,42,56
2026-04-17T03:19:54,video,10,15,0.05,cosine,15,0.1,euclidean,10,,eom,euclidean,42,3,0.0,16,17,699
2026-04-17T03:19:54,video,10,15,0.05,cosine,15,0.1,cosine,10,,eom,euclidean,42,3,0.0,16,17,699
2026-04-17T03:19:54,video,10,15,0.05,cosine,15,0.1,euclidean,10,,eom,cosine,42,13,0.2814,11,20,210
2026-04-17T03:19:54,video,10,15,0.05,cosine,15,0.1,cosine,10,,eom,cosine,42,13,0.2814,11,20,210
2026-04-17T03:20:06,video,10,15,0.05,euclidean,15,0.1,euclidean,10,,eom,euclidean,42,5,0.041,14,16,600
2026-04-17T03:20:06,video,10,15,0.05,euclidean,15,0.1,euclidean,10,,eom,cosine,42,13,0.3975,14,24,110
2026-04-17T03:20:07,video,10,15,0.05,euclidean,15,0.1,cosine,10,,eom,euclidean,42,5,0.041,14,16,600
2026-04-17T03:20:07,video,10,15,0.05,euclidean,15,0.1,cosine,10,,eom,cosine,42,13,0.3975,14,24,110
2026-04-17T03:20:18,video,10,15,0.05,correlation,15,0.1,cosine,10,,eom,cosine,42,16,0.3702,14,24,65
2026-04-17T03:20:18,video,10,15,0.05,correlation,15,0.1,euclidean,10,,eom,euclidean,42,3,0.0,16,17,699
2026-04-17T03:20:18,video,10,15,0.05,correlation,15,0.1,cosine,10,,eom,euclidean,42,3,0.0,16,17,699
2026-04-17T03:20:18,video,10,15,0.05,correlation,15,0.1,euclidean,10,,eom,cosine,42,16,0.3702,14,24,65
2026-04-17T03:20:31,video,10,15,0.05,cosine,15,0.1,euclidean,10,,leaf,euclidean,42,16,0.4044,12,24,60
2026-04-17T03:20:31,video,10,15,0.05,cosine,15,0.1,euclidean,10,,leaf,cosine,42,16,0.4085,11,19,57
2026-04-17T03:20:31,video,10,15,0.05,cosine,15,0.1,cosine,10,,leaf,cosine,42,16,0.4085,11,19,57
2026-04-17T03:20:31,video,10,15,0.05,cosine,15,0.1,cosine,10,,leaf,euclidean,42,16,0.4044,12,24,60
2026-04-17T03:20:43,video,10,15,0.05,euclidean,15,0.1,euclidean,10,,leaf,euclidean,42,17,0.4549,12,16,69
2026-04-17T03:20:43,video,10,15,0.05,euclidean,15,0.1,cosine,10,,leaf,euclidean,42,17,0.4549,12,16,69
2026-04-17T03:20:43,video,10,15,0.05,euclidean,15,0.1,euclidean,10,,leaf,cosine,42,14,0.4139,14,20,110
2026-04-17T03:20:44,video,10,15,0.05,euclidean,15,0.1,cosine,10,,leaf,cosine,42,14,0.4139,14,20,110
2026-04-17T03:20:55,video,10,15,0.05,correlation,15,0.1,cosine,10,,leaf,euclidean,42,19,0.4276,11,17,45
2026-04-17T03:20:55,video,10,15,0.05,correlation,15,0.1,euclidean,10,,leaf,euclidean,42,19,0.4276,11,17,45
2026-04-17T03:20:55,video,10,15,0.05,correlation,15,0.1,cosine,10,,leaf,cosine,42,17,0.388,13,24,65
2026-04-17T03:20:55,video,10,15,0.05,correlation,15,0.1,euclidean,10,,leaf,cosine,42,17,0.388,13,24,65
2026-04-17T03:21:08,video,10,15,0.05,cosine,15,0.1,euclidean,15,,eom,euclidean,42,3,0.0,16,17,699
2026-04-17T03:21:08,video,10,15,0.05,cosine,15,0.1,euclidean,15,,eom,cosine,42,3,0.0,16,17,699
2026-04-17T03:21:08,video,10,15,0.05,cosine,15,0.1,cosine,15,,eom,euclidean,42,3,0.0,16,17,699
2026-04-17T03:21:08,video,10,15,0.05,cosine,15,0.1,cosine,15,,eom,cosine,42,3,0.0,16,17,699
2026-04-17T03:21:19,video,10,15,0.05,euclidean,15,0.1,euclidean,15,,eom,euclidean,42,3,0.0273,16,16,680
2026-04-17T03:21:19,video,10,15,0.05,euclidean,15,0.1,euclidean,15,,eom,cosine,42,3,0.0328,16,16,676
2026-04-17T03:21:19,video,10,15,0.05,euclidean,15,0.1,cosine,15,,eom,euclidean,42,3,0.0273,16,16,680
2026-04-17T03:21:19,video,10,15,0.05,euclidean,15,0.1,cosine,15,,eom,cosine,42,3,0.0328,16,16,676
2026-04-17T03:21:32,video,10,15,0.05,correlation,15,0.1,euclidean,15,,eom,cosine,42,5,0.1721,16,52,315
2026-04-17T03:21:32,video,10,15,0.05,correlation,15,0.1,euclidean,15,,eom,euclidean,42,3,0.0,16,17,699
2026-04-17T03:21:32,video,10,15,0.05,correlation,15,0.1,cosine,15,,eom,euclidean,42,3,0.0,16,17,699
2026-04-17T03:21:33,video,10,15,0.05,correlation,15,0.1,cosine,15,,eom,cosine,42,5,0.1721,16,52,315
2026-04-17T03:21:45,video,10,15,0.05,cosine,15,0.1,euclidean,15,,leaf,euclidean,42,13,0.4768,16,24,57
2026-04-17T03:21:45,video,10,15,0.05,cosine,15,0.1,cosine,15,,leaf,euclidean,42,13,0.4768,16,24,57
2026-04-17T03:21:45,video,10,15,0.05,cosine,15,0.1,euclidean,15,,leaf,cosine,42,12,0.4645,16,25,60
2026-04-17T03:21:45,video,10,15,0.05,cosine,15,0.1,cosine,15,,leaf,cosine,42,12,0.4645,16,25,60
2026-04-17T03:21:56,video,10,15,0.05,euclidean,15,0.1,euclidean,15,,leaf,euclidean,42,10,0.4413,16,41,74
2026-04-17T03:21:56,video,10,15,0.05,euclidean,15,0.1,euclidean,15,,leaf,cosine,42,7,0.3948,16,46,156
2026-04-17T03:21:56,video,10,15,0.05,euclidean,15,0.1,cosine,15,,leaf,euclidean,42,10,0.4413,16,41,74
2026-04-17T03:21:56,video,10,15,0.05,euclidean,15,0.1,cosine,15,,leaf,cosine,42,7,0.3948,16,46,156
2026-04-17T03:22:09,video,10,15,0.05,correlation,15,0.1,euclidean,15,,leaf,euclidean,42,14,0.5082,16,19,51
2026-04-17T03:22:09,video,10,15,0.05,correlation,15,0.1,euclidean,15,,leaf,cosine,42,14,0.4713,16,23,55
2026-04-17T03:22:09,video,10,15,0.05,correlation,15,0.1,cosine,15,,leaf,cosine,42,14,0.4713,16,23,55
2026-04-17T03:22:09,video,10,15,0.05,correlation,15,0.1,cosine,15,,leaf,euclidean,42,14,0.5082,16,19,51
2026-04-17T03:22:21,video,10,15,0.05,cosine,15,0.1,euclidean,25,,eom,euclidean,42,3,0.3074,39,187,281
2026-04-17T03:22:21,video,10,15,0.05,cosine,15,0.1,cosine,25,,eom,cosine,42,3,0.3074,38,192,277
2026-04-17T03:22:21,video,10,15,0.05,cosine,15,0.1,euclidean,25,,eom,cosine,42,3,0.3074,38,192,277
2026-04-17T03:22:21,video,10,15,0.05,cosine,15,0.1,cosine,25,,eom,euclidean,42,3,0.3074,39,187,281
2026-04-17T03:22:33,video,10,15,0.05,euclidean,15,0.1,euclidean,25,,eom,euclidean,42,3,0.2268,34,214,318
2026-04-17T03:22:33,video,10,15,0.05,euclidean,15,0.1,euclidean,25,,eom,cosine,42,3,0.4071,32,109,293
2026-04-17T03:22:33,video,10,15,0.05,euclidean,15,0.1,cosine,25,,eom,euclidean,42,3,0.2268,34,214,318
2026-04-17T03:22:34,video,10,15,0.05,euclidean,15,0.1,cosine,25,,eom,cosine,42,3,0.4071,32,109,293
2026-04-17T03:22:46,video,10,15,0.05,correlation,15,0.1,cosine,25,,eom,euclidean,42,3,0.291,43,193,283
2026-04-17T03:22:46,video,10,15,0.05,correlation,15,0.1,euclidean,25,,eom,euclidean,42,3,0.291,43,193,283
2026-04-17T03:22:47,video,10,15,0.05,correlation,15,0.1,cosine,25,,eom,cosine,42,3,0.2923,46,196,276
2026-04-17T03:22:47,video,10,15,0.05,correlation,15,0.1,euclidean,25,,eom,cosine,42,3,0.2923,46,196,276
2026-04-17T03:22:58,video,10,15,0.05,cosine,15,0.1,cosine,25,,leaf,euclidean,42,5,0.5533,30,39,187
2026-04-17T03:22:58,video,10,15,0.05,cosine,15,0.1,euclidean,25,,leaf,euclidean,42,5,0.5533,30,39,187
2026-04-17T03:22:58,video,10,15,0.05,cosine,15,0.1,euclidean,25,,leaf,cosine,42,5,0.5396,31,38,192
2026-04-17T03:22:58,video,10,15,0.05,cosine,15,0.1,cosine,25,,leaf,cosine,42,5,0.5396,31,38,192
2026-04-17T03:23:10,video,10,15,0.05,euclidean,15,0.1,euclidean,25,,leaf,euclidean,42,5,0.4768,34,45,214
2026-04-17T03:23:10,video,10,15,0.05,euclidean,15,0.1,euclidean,25,,leaf,cosine,42,4,0.6475,32,58,109
2026-04-17T03:23:11,video,10,15,0.05,euclidean,15,0.1,cosine,25,,leaf,cosine,42,4,0.6475,32,58,109
2026-04-17T03:23:11,video,10,15,0.05,euclidean,15,0.1,cosine,25,,leaf,euclidean,42,5,0.4768,34,45,214
2026-04-17T03:23:22,video,10,15,0.05,correlation,15,0.1,cosine,25,,leaf,cosine,42,6,0.6653,30,40,54
2026-04-17T03:23:22,video,10,15,0.05,correlation,15,0.1,euclidean,25,,leaf,cosine,42,6,0.6653,30,40,54
2026-04-17T03:23:22,video,10,15,0.05,correlation,15,0.1,euclidean,25,,leaf,euclidean,42,6,0.6503,28,42,56
2026-04-17T03:23:22,video,10,15,0.05,correlation,15,0.1,cosine,25,,leaf,euclidean,42,6,0.6503,28,42,56
2026-04-17T03:23:35,video,10,30,0.0,cosine,15,0.1,euclidean,10,,eom,euclidean,42,3,0.0109,16,17,691
2026-04-17T03:23:35,video,10,30,0.0,cosine,15,0.1,euclidean,10,,eom,cosine,42,12,0.3169,14,21,208
2026-04-17T03:23:35,video,10,30,0.0,cosine,15,0.1,cosine,10,,eom,euclidean,42,3,0.0109,16,17,691
2026-04-17T03:23:35,video,10,30,0.0,cosine,15,0.1,cosine,10,,eom,cosine,42,12,0.3169,14,21,208
2026-04-17T03:23:48,video,10,30,0.0,euclidean,15,0.1,euclidean,10,,eom,euclidean,42,2,0.0,16,366,716
2026-04-17T03:23:48,video,10,30,0.0,euclidean,15,0.1,euclidean,10,,eom,cosine,42,12,0.3142,14,19,204
2026-04-17T03:23:48,video,10,30,0.0,euclidean,15,0.1,cosine,10,,eom,euclidean,42,2,0.0,16,366,716
2026-04-17T03:23:48,video,10,30,0.0,euclidean,15,0.1,cosine,10,,eom,cosine,42,12,0.3142,14,19,204
2026-04-17T03:24:00,video,10,30,0.0,correlation,15,0.1,euclidean,10,,eom,euclidean,42,3,0.0123,16,17,690
2026-04-17T03:24:00,video,10,30,0.0,correlation,15,0.1,cosine,10,,eom,euclidean,42,3,0.0123,16,17,690
2026-04-17T03:24:00,video,10,30,0.0,correlation,15,0.1,euclidean,10,,eom,cosine,42,13,0.3893,10,17,218
2026-04-17T03:24:00,video,10,30,0.0,correlation,15,0.1,cosine,10,,eom,cosine,42,13,0.3893,10,17,218
2026-04-17T03:24:12,video,10,30,0.0,cosine,15,0.1,cosine,10,,leaf,euclidean,42,16,0.4699,10,22,44
2026-04-17T03:24:13,video,10,30,0.0,cosine,15,0.1,euclidean,10,,leaf,euclidean,42,16,0.4699,10,22,44
2026-04-17T03:24:13,video,10,30,0.0,cosine,15,0.1,cosine,10,,leaf,cosine,42,17,0.4577,10,18,45
2026-04-17T03:24:13,video,10,30,0.0,cosine,15,0.1,euclidean,10,,leaf,cosine,42,17,0.4577,10,18,45
2026-04-17T03:24:24,video,10,30,0.0,euclidean,15,0.1,cosine,10,,leaf,euclidean,42,17,0.5464,11,16,52
2026-04-17T03:24:24,video,10,30,0.0,euclidean,15,0.1,euclidean,10,,leaf,euclidean,42,17,0.5464,11,16,52
2026-04-17T03:24:24,video,10,30,0.0,euclidean,15,0.1,euclidean,10,,leaf,cosine,42,17,0.5437,13,15,55
2026-04-17T03:24:24,video,10,30,0.0,euclidean,15,0.1,cosine,10,,leaf,cosine,42,17,0.5437,13,15,55
2026-04-17T03:24:37,video,10,30,0.0,correlation,15,0.1,euclidean,10,,leaf,euclidean,42,18,0.4904,10,17,37
2026-04-17T03:24:37,video,10,30,0.0,correlation,15,0.1,cosine,10,,leaf,cosine,42,16,0.5369,10,17,39
2026-04-17T03:24:37,video,10,30,0.0,correlation,15,0.1,cosine,10,,leaf,euclidean,42,18,0.4904,10,17,37
2026-04-17T03:24:37,video,10,30,0.0,correlation,15,0.1,euclidean,10,,leaf,cosine,42,16,0.5369,10,17,39
2026-04-17T03:24:50,video,10,30,0.0,cosine,15,0.1,euclidean,15,,eom,cosine,42,5,0.1462,17,53,313
2026-04-17T03:24:50,video,10,30,0.0,cosine,15,0.1,euclidean,15,,eom,euclidean,42,8,0.1817,17,48,223
2026-04-17T03:24:50,video,10,30,0.0,cosine,15,0.1,cosine,15,,eom,euclidean,42,8,0.1817,17,48,223
2026-04-17T03:24:51,video,10,30,0.0,cosine,15,0.1,cosine,15,,eom,cosine,42,5,0.1462,17,53,313
2026-04-17T03:25:01,video,10,30,0.0,euclidean,15,0.1,euclidean,15,,eom,cosine,42,2,0.0,16,366,716
2026-04-17T03:25:01,video,10,30,0.0,euclidean,15,0.1,euclidean,15,,eom,euclidean,42,2,0.0,16,366,716
2026-04-17T03:25:02,video,10,30,0.0,euclidean,15,0.1,cosine,15,,eom,euclidean,42,2,0.0,16,366,716
2026-04-17T03:25:02,video,10,30,0.0,euclidean,15,0.1,cosine,15,,eom,cosine,42,2,0.0,16,366,716
2026-04-17T03:25:15,video,10,30,0.0,correlation,15,0.1,euclidean,15,,eom,cosine,42,5,0.1516,16,51,327
2026-04-17T03:25:15,video,10,30,0.0,correlation,15,0.1,euclidean,15,,eom,euclidean,42,5,0.1352,16,52,333
2026-04-17T03:25:15,video,10,30,0.0,correlation,15,0.1,cosine,15,,eom,cosine,42,5,0.1516,16,51,327
2026-04-17T03:25:15,video,10,30,0.0,correlation,15,0.1,cosine,15,,eom,euclidean,42,5,0.1352,16,52,333
2026-04-17T03:25:26,video,10,30,0.0,cosine,15,0.1,euclidean,15,,leaf,euclidean,42,13,0.5096,15,20,52
2026-04-17T03:25:26,video,10,30,0.0,cosine,15,0.1,euclidean,15,,leaf,cosine,42,13,0.5178,16,24,53
2026-04-17T03:25:26,video,10,30,0.0,cosine,15,0.1,cosine,15,,leaf,euclidean,42,13,0.5096,15,20,52
2026-04-17T03:25:27,video,10,30,0.0,cosine,15,0.1,cosine,15,,leaf,cosine,42,13,0.5178,16,24,53
2026-04-17T03:25:39,video,10,30,0.0,euclidean,15,0.1,cosine,15,,leaf,cosine,42,9,0.5219,15,44,67
2026-04-17T03:25:39,video,10,30,0.0,euclidean,15,0.1,cosine,15,,leaf,euclidean,42,8,0.5615,16,43,62
2026-04-17T03:25:39,video,10,30,0.0,euclidean,15,0.1,euclidean,15,,leaf,euclidean,42,8,0.5615,16,43,62
2026-04-17T03:25:39,video,10,30,0.0,euclidean,15,0.1,euclidean,15,,leaf,cosine,42,9,0.5219,15,44,67
2026-04-17T03:25:52,video,10,30,0.0,correlation,15,0.1,euclidean,15,,leaf,euclidean,42,12,0.5109,15,25,70
2026-04-17T03:25:52,video,10,30,0.0,correlation,15,0.1,euclidean,15,,leaf,cosine,42,12,0.5178,16,22,52
2026-04-17T03:25:52,video,10,30,0.0,correlation,15,0.1,cosine,15,,leaf,euclidean,42,12,0.5109,15,25,70
2026-04-17T03:25:52,video,10,30,0.0,correlation,15,0.1,cosine,15,,leaf,cosine,42,12,0.5178,16,22,52
2026-04-17T03:26:04,video,10,30,0.0,cosine,15,0.1,euclidean,25,,eom,euclidean,42,3,0.1858,45,213,338
2026-04-17T03:26:04,video,10,30,0.0,cosine,15,0.1,cosine,25,,eom,euclidean,42,3,0.1858,45,213,338
2026-04-17T03:26:04,video,10,30,0.0,cosine,15,0.1,cosine,25,,eom,cosine,42,3,0.2391,47,208,302
2026-04-17T03:26:04,video,10,30,0.0,cosine,15,0.1,euclidean,25,,eom,cosine,42,3,0.2391,47,208,302
2026-04-17T03:26:16,video,10,30,0.0,euclidean,15,0.1,euclidean,25,,eom,cosine,42,3,0.2199,37,217,317
2026-04-17T03:26:16,video,10,30,0.0,euclidean,15,0.1,euclidean,25,,eom,euclidean,42,3,0.2227,36,212,321
2026-04-17T03:26:16,video,10,30,0.0,euclidean,15,0.1,cosine,25,,eom,euclidean,42,3,0.2227,36,212,321
2026-04-17T03:26:17,video,10,30,0.0,euclidean,15,0.1,cosine,25,,eom,cosine,42,3,0.2199,37,217,317
2026-04-17T03:26:28,video,10,30,0.0,correlation,15,0.1,euclidean,25,,eom,euclidean,42,3,0.2022,42,206,336
2026-04-17T03:26:29,video,10,30,0.0,correlation,15,0.1,cosine,25,,eom,euclidean,42,3,0.2022,42,206,336
2026-04-17T03:26:29,video,10,30,0.0,correlation,15,0.1,cosine,25,,eom,cosine,42,3,0.2186,39,200,333
2026-04-17T03:26:29,video,10,30,0.0,correlation,15,0.1,euclidean,25,,eom,cosine,42,3,0.2186,39,200,333
2026-04-17T03:26:41,video,10,30,0.0,cosine,15,0.1,cosine,25,,leaf,euclidean,42,5,0.4467,35,53,213
2026-04-17T03:26:41,video,10,30,0.0,cosine,15,0.1,euclidean,25,,leaf,euclidean,42,5,0.4467,35,53,213
2026-04-17T03:26:42,video,10,30,0.0,cosine,15,0.1,euclidean,25,,leaf,cosine,42,5,0.4194,47,57,208
2026-04-17T03:26:42,video,10,30,0.0,cosine,15,0.1,cosine,25,,leaf,cosine,42,5,0.4194,47,57,208
2026-04-17T03:26:54,video,10,30,0.0,euclidean,15,0.1,cosine,25,,leaf,euclidean,42,5,0.4522,31,55,212
2026-04-17T03:26:54,video,10,30,0.0,euclidean,15,0.1,euclidean,25,,leaf,cosine,42,5,0.4508,30,58,217
2026-04-17T03:26:54,video,10,30,0.0,euclidean,15,0.1,euclidean,25,,leaf,euclidean,42,5,0.4522,31,55,212
2026-04-17T03:26:54,video,10,30,0.0,euclidean,15,0.1,cosine,25,,leaf,cosine,42,5,0.4508,30,58,217
2026-04-17T03:27:06,video,10,30,0.0,correlation,15,0.1,euclidean,25,,leaf,cosine,42,7,0.6216,29,38,54
2026-04-17T03:27:06,video,10,30,0.0,correlation,15,0.1,euclidean,25,,leaf,euclidean,42,5,0.4836,35,42,206
2026-04-17T03:27:06,video,10,30,0.0,correlation,15,0.1,cosine,25,,leaf,euclidean,42,5,0.4836,35,42,206
2026-04-17T03:27:06,video,10,30,0.0,correlation,15,0.1,cosine,25,,leaf,cosine,42,7,0.6216,29,38,54
2026-04-17T03:27:19,video,10,30,0.05,cosine,15,0.1,euclidean,10,,eom,euclidean,42,12,0.3525,11,20,206
2026-04-17T03:27:19,video,10,30,0.05,cosine,15,0.1,euclidean,10,,eom,cosine,42,12,0.3538,14,21,193
2026-04-17T03:27:19,video,10,30,0.05,cosine,15,0.1,cosine,10,,eom,cosine,42,12,0.3538,14,21,193
2026-04-17T03:27:19,video,10,30,0.05,cosine,15,0.1,cosine,10,,eom,euclidean,42,12,0.3525,11,20,206
2026-04-17T03:27:30,video,10,30,0.05,euclidean,15,0.1,euclidean,10,,eom,euclidean,42,2,0.0,16,366,716
2026-04-17T03:27:30,video,10,30,0.05,euclidean,15,0.1,cosine,10,,eom,cosine,42,12,0.4112,14,20,189
2026-04-17T03:27:30,video,10,30,0.05,euclidean,15,0.1,euclidean,10,,eom,cosine,42,12,0.4112,14,20,189
2026-04-17T03:27:30,video,10,30,0.05,euclidean,15,0.1,cosine,10,,eom,euclidean,42,2,0.0,16,366,716
2026-04-17T03:27:43,video,10,30,0.05,correlation,15,0.1,cosine,10,,eom,euclidean,42,3,0.0,16,17,699
2026-04-17T03:27:44,video,10,30,0.05,correlation,15,0.1,euclidean,10,,eom,euclidean,42,3,0.0,16,17,699
2026-04-17T03:27:44,video,10,30,0.05,correlation,15,0.1,cosine,10,,eom,cosine,42,13,0.3525,10,18,209
2026-04-17T03:27:44,video,10,30,0.05,correlation,15,0.1,euclidean,10,,eom,cosine,42,13,0.3525,10,18,209
2026-04-17T03:27:56,video,10,30,0.05,cosine,15,0.1,cosine,10,,leaf,euclidean,42,15,0.4713,11,23,50
2026-04-17T03:27:56,video,10,30,0.05,cosine,15,0.1,euclidean,10,,leaf,euclidean,42,15,0.4713,11,23,50
2026-04-17T03:27:56,video,10,30,0.05,cosine,15,0.1,euclidean,10,,leaf,cosine,42,16,0.4863,11,20,38
2026-04-17T03:27:55,video,10,30,0.05,cosine,15,0.1,cosine,10,,leaf,cosine,42,16,0.4863,11,20,38
2026-04-17T03:28:07,video,10,30,0.05,euclidean,15,0.1,euclidean,10,,leaf,euclidean,42,15,0.5533,13,21,43
2026-04-17T03:28:08,video,10,30,0.05,euclidean,15,0.1,cosine,10,,leaf,euclidean,42,15,0.5533,13,21,43
2026-04-17T03:28:08,video,10,30,0.05,euclidean,15,0.1,euclidean,10,,leaf,cosine,42,17,0.5519,10,15,47
2026-04-17T03:28:08,video,10,30,0.05,euclidean,15,0.1,cosine,10,,leaf,cosine,42,17,0.5519,10,15,47
2026-04-17T03:28:21,video,10,30,0.05,correlation,15,0.1,euclidean,10,,leaf,euclidean,42,15,0.5423,11,17,49
2026-04-17T03:28:21,video,10,30,0.05,correlation,15,0.1,cosine,10,,leaf,euclidean,42,15,0.5423,11,17,49
2026-04-17T03:28:21,video,10,30,0.05,correlation,15,0.1,euclidean,10,,leaf,cosine,42,16,0.5041,10,20,40
2026-04-17T03:28:21,video,10,30,0.05,correlation,15,0.1,cosine,10,,leaf,cosine,42,16,0.5041,10,20,40
2026-04-17T03:28:32,video,10,30,0.05,cosine,15,0.1,euclidean,15,,eom,euclidean,42,2,0.0,16,366,716
2026-04-17T03:28:32,video,10,30,0.05,cosine,15,0.1,cosine,15,,eom,euclidean,42,2,0.0,16,366,716
2026-04-17T03:28:32,video,10,30,0.05,cosine,15,0.1,euclidean,15,,eom,cosine,42,5,0.1667,16,51,325
2026-04-17T03:28:33,video,10,30,0.05,cosine,15,0.1,cosine,15,,eom,cosine,42,5,0.1667,16,51,325
2026-04-17T03:28:45,video,10,30,0.05,euclidean,15,0.1,euclidean,15,,eom,euclidean,42,2,0.0,16,366,716
2026-04-17T03:28:45,video,10,30,0.05,euclidean,15,0.1,euclidean,15,,eom,cosine,42,2,0.0,16,366,716
2026-04-17T03:28:45,video,10,30,0.05,euclidean,15,0.1,cosine,15,,eom,cosine,42,2,0.0,16,366,716
2026-04-17T03:28:45,video,10,30,0.05,euclidean,15,0.1,cosine,15,,eom,euclidean,42,2,0.0,16,366,716
2026-04-17T03:28:57,video,10,30,0.05,correlation,15,0.1,cosine,15,,eom,euclidean,42,3,0.0301,16,17,677
2026-04-17T03:28:57,video,10,30,0.05,correlation,15,0.1,euclidean,15,,eom,euclidean,42,3,0.0301,16,17,677
2026-04-17T03:28:57,video,10,30,0.05,correlation,15,0.1,euclidean,15,,eom,cosine,42,5,0.179,16,50,315
2026-04-17T03:28:57,video,10,30,0.05,correlation,15,0.1,cosine,15,,eom,cosine,42,5,0.179,16,50,315
2026-04-17T03:29:10,video,10,30,0.05,cosine,15,0.1,euclidean,15,,leaf,euclidean,42,10,0.5301,16,35,72
2026-04-17T03:29:10,video,10,30,0.05,cosine,15,0.1,cosine,15,,leaf,cosine,42,13,0.556,16,19,51
2026-04-17T03:29:10,video,10,30,0.05,cosine,15,0.1,cosine,15,,leaf,euclidean,42,10,0.5301,16,35,72
2026-04-17T03:29:10,video,10,30,0.05,cosine,15,0.1,euclidean,15,,leaf,cosine,42,13,0.556,16,19,51
2026-04-17T03:29:23,video,10,30,0.05,euclidean,15,0.1,euclidean,15,,leaf,euclidean,42,7,0.4167,16,40,213
2026-04-17T03:29:23,video,10,30,0.05,euclidean,15,0.1,euclidean,15,,leaf,cosine,42,9,0.6202,15,23,55
2026-04-17T03:29:23,video,10,30,0.05,euclidean,15,0.1,cosine,15,,leaf,euclidean,42,7,0.4167,16,40,213
2026-04-17T03:29:23,video,10,30,0.05,euclidean,15,0.1,cosine,15,,leaf,cosine,42,9,0.6202,15,23,55
2026-04-17T03:29:35,video,10,30,0.05,correlation,15,0.1,euclidean,15,,leaf,cosine,42,11,0.5383,16,31,56
2026-04-17T03:29:35,video,10,30,0.05,correlation,15,0.1,euclidean,15,,leaf,euclidean,42,11,0.5451,16,22,58
2026-04-17T03:29:35,video,10,30,0.05,correlation,15,0.1,cosine,15,,leaf,euclidean,42,11,0.5451,16,22,58
2026-04-17T03:29:35,video,10,30,0.05,correlation,15,0.1,cosine,15,,leaf,cosine,42,11,0.5383,16,31,56
2026-04-17T03:29:48,video,10,30,0.05,cosine,15,0.1,euclidean,25,,eom,euclidean,42,3,0.2732,44,197,291
2026-04-17T03:29:48,video,10,30,0.05,cosine,15,0.1,cosine,25,,eom,cosine,42,3,0.2418,43,194,318
2026-04-17T03:29:48,video,10,30,0.05,cosine,15,0.1,cosine,25,,eom,euclidean,42,3,0.2732,44,197,291
2026-04-17T03:29:48,video,10,30,0.05,cosine,15,0.1,euclidean,25,,eom,cosine,42,3,0.2418,43,194,318
2026-04-17T03:29:59,video,10,30,0.05,euclidean,15,0.1,euclidean,25,,eom,euclidean,42,3,0.2555,32,201,312
2026-04-17T03:29:59,video,10,30,0.05,euclidean,15,0.1,euclidean,25,,eom,cosine,42,3,0.2951,32,186,298
2026-04-17T03:29:59,video,10,30,0.05,euclidean,15,0.1,cosine,25,,eom,euclidean,42,3,0.2555,32,201,312
2026-04-17T03:29:59,video,10,30,0.05,euclidean,15,0.1,cosine,25,,eom,cosine,42,3,0.2951,32,186,298
2026-04-17T03:30:12,video,10,30,0.05,correlation,15,0.1,euclidean,25,,eom,euclidean,42,3,0.2418,40,202,313
2026-04-17T03:30:12,video,10,30,0.05,correlation,15,0.1,euclidean,25,,eom,cosine,42,3,0.2568,38,197,309
2026-04-17T03:30:12,video,10,30,0.05,correlation,15,0.1,cosine,25,,eom,euclidean,42,3,0.2418,40,202,313
2026-04-17T03:30:12,video,10,30,0.05,correlation,15,0.1,cosine,25,,eom,cosine,42,3,0.2568,38,197,309
2026-04-17T03:30:25,video,10,30,0.05,cosine,15,0.1,euclidean,25,,leaf,cosine,42,5,0.5027,28,48,194
2026-04-17T03:30:25,video,10,30,0.05,cosine,15,0.1,euclidean,25,,leaf,euclidean,42,5,0.4604,33,51,197
2026-04-17T03:30:25,video,10,30,0.05,cosine,15,0.1,cosine,25,,leaf,euclidean,42,5,0.4604,33,51,197
2026-04-17T03:30:25,video,10,30,0.05,cosine,15,0.1,cosine,25,,leaf,cosine,42,5,0.5027,28,48,194
2026-04-17T03:30:36,video,10,30,0.05,euclidean,15,0.1,euclidean,25,,leaf,cosine,42,4,0.4563,32,90,186
2026-04-17T03:30:36,video,10,30,0.05,euclidean,15,0.1,euclidean,25,,leaf,euclidean,42,4,0.4276,32,93,201
2026-04-17T03:30:37,video,10,30,0.05,euclidean,15,0.1,cosine,25,,leaf,cosine,42,4,0.4563,32,90,186
2026-04-17T03:30:37,video,10,30,0.05,euclidean,15,0.1,cosine,25,,leaf,euclidean,42,4,0.4276,32,93,201
2026-04-17T03:30:50,video,10,30,0.05,correlation,15,0.1,euclidean,25,,leaf,euclidean,42,6,0.6639,26,42,57
2026-04-17T03:30:50,video,10,30,0.05,correlation,15,0.1,euclidean,25,,leaf,cosine,42,5,0.5041,36,42,197
2026-04-17T03:30:50,video,10,30,0.05,correlation,15,0.1,cosine,25,,leaf,cosine,42,5,0.5041,36,42,197
2026-04-17T03:30:50,video,10,30,0.05,correlation,15,0.1,cosine,25,,leaf,euclidean,42,6,0.6639,26,42,57
2026-04-17T03:31:01,video,15,10,0.0,cosine,15,0.1,euclidean,10,,eom,euclidean,42,15,0.1899,12,19,216
2026-04-17T03:31:01,video,15,10,0.0,cosine,15,0.1,cosine,10,,eom,euclidean,42,15,0.1899,12,19,216
2026-04-17T03:31:01,video,15,10,0.0,cosine,15,0.1,euclidean,10,,eom,cosine,42,16,0.2104,13,17,218
2026-04-17T03:31:02,video,15,10,0.0,cosine,15,0.1,cosine,10,,eom,cosine,42,16,0.2104,13,17,218
2026-04-17T03:31:14,video,15,10,0.0,euclidean,15,0.1,euclidean,10,,eom,euclidean,42,4,0.0082,14,16,680
2026-04-17T03:31:14,video,15,10,0.0,euclidean,15,0.1,cosine,10,,eom,euclidean,42,4,0.0082,14,16,680
2026-04-17T03:31:14,video,15,10,0.0,euclidean,15,0.1,euclidean,10,,eom,cosine,42,15,0.2104,11,16,211
2026-04-17T03:31:14,video,15,10,0.0,euclidean,15,0.1,cosine,10,,eom,cosine,42,15,0.2104,11,16,211
2026-04-17T03:31:27,video,15,10,0.0,correlation,15,0.1,cosine,10,,eom,euclidean,42,14,0.224,14,18,203
2026-04-17T03:31:27,video,15,10,0.0,correlation,15,0.1,euclidean,10,,eom,euclidean,42,14,0.224,14,18,203
2026-04-17T03:31:27,video,15,10,0.0,correlation,15,0.1,euclidean,10,,eom,cosine,42,19,0.3607,13,18,70
2026-04-17T03:31:27,video,15,10,0.0,correlation,15,0.1,cosine,10,,eom,cosine,42,19,0.3607,13,18,70
2026-04-17T03:31:38,video,15,10,0.0,cosine,15,0.1,euclidean,10,,leaf,cosine,42,21,0.4317,10,17,45
2026-04-17T03:31:38,video,15,10,0.0,cosine,15,0.1,cosine,10,,leaf,euclidean,42,21,0.4358,11,17,44
2026-04-17T03:31:38,video,15,10,0.0,cosine,15,0.1,euclidean,10,,leaf,euclidean,42,21,0.4358,11,17,44
2026-04-17T03:31:38,video,15,10,0.0,cosine,15,0.1,cosine,10,,leaf,cosine,42,21,0.4317,10,17,45
2026-04-17T03:31:51,video,15,10,0.0,euclidean,15,0.1,euclidean,10,,leaf,cosine,42,21,0.4208,11,16,40
2026-04-17T03:31:51,video,15,10,0.0,euclidean,15,0.1,euclidean,10,,leaf,euclidean,42,21,0.4563,10,16,40
2026-04-17T03:31:51,video,15,10,0.0,euclidean,15,0.1,cosine,10,,leaf,euclidean,42,21,0.4563,10,16,40
2026-04-17T03:31:51,video,15,10,0.0,euclidean,15,0.1,cosine,10,,leaf,cosine,42,21,0.4208,11,16,40
2026-04-17T03:32:03,video,15,10,0.0,correlation,15,0.1,euclidean,10,,leaf,cosine,42,19,0.3607,13,18,70
2026-04-17T03:32:03,video,15,10,0.0,correlation,15,0.1,euclidean,10,,leaf,euclidean,42,19,0.3292,13,18,80
2026-04-17T03:32:03,video,15,10,0.0,correlation,15,0.1,cosine,10,,leaf,euclidean,42,19,0.3292,13,18,80
2026-04-17T03:32:03,video,15,10,0.0,correlation,15,0.1,cosine,10,,leaf,cosine,42,19,0.3607,13,18,70
2026-04-17T03:32:15,video,15,10,0.0,cosine,15,0.1,euclidean,15,,eom,euclidean,42,10,0.1817,16,30,217
2026-04-17T03:32:15,video,15,10,0.0,cosine,15,0.1,cosine,15,,eom,euclidean,42,10,0.1817,16,30,217
2026-04-17T03:32:15,video,15,10,0.0,cosine,15,0.1,cosine,15,,eom,cosine,42,10,0.1844,16,30,216
2026-04-17T03:32:15,video,15,10,0.0,cosine,15,0.1,euclidean,15,,eom,cosine,42,10,0.1844,16,30,216
2026-04-17T03:32:28,video,15,10,0.0,euclidean,15,0.1,euclidean,15,,eom,euclidean,42,3,0.0219,16,16,684
2026-04-17T03:32:28,video,15,10,0.0,euclidean,15,0.1,cosine,15,,eom,euclidean,42,3,0.0219,16,16,684
2026-04-17T03:32:28,video,15,10,0.0,euclidean,15,0.1,euclidean,15,,eom,cosine,42,8,0.2664,16,57,216
2026-04-17T03:32:28,video,15,10,0.0,euclidean,15,0.1,cosine,15,,eom,cosine,42,8,0.2664,16,57,216
2026-04-17T03:32:39,video,15,10,0.0,correlation,15,0.1,euclidean,15,,eom,euclidean,42,3,0.0,16,17,699
2026-04-17T03:32:40,video,15,10,0.0,correlation,15,0.1,cosine,15,,eom,euclidean,42,3,0.0,16,17,699
2026-04-17T03:32:40,video,15,10,0.0,correlation,15,0.1,cosine,15,,eom,cosine,42,8,0.1284,16,33,256
2026-04-17T03:32:40,video,15,10,0.0,correlation,15,0.1,euclidean,15,,eom,cosine,42,8,0.1284,16,33,256
2026-04-17T03:32:52,video,15,10,0.0,cosine,15,0.1,euclidean,15,,leaf,euclidean,42,13,0.3443,15,22,110
2026-04-17T03:32:52,video,15,10,0.0,cosine,15,0.1,cosine,15,,leaf,euclidean,42,13,0.3443,15,22,110
2026-04-17T03:32:52,video,15,10,0.0,cosine,15,0.1,euclidean,15,,leaf,cosine,42,14,0.4522,15,19,80
2026-04-17T03:32:52,video,15,10,0.0,cosine,15,0.1,cosine,15,,leaf,cosine,42,14,0.4522,15,19,80
2026-04-17T03:33:05,video,15,10,0.0,euclidean,15,0.1,euclidean,15,,leaf,euclidean,42,10,0.4877,16,21,86
2026-04-17T03:33:05,video,15,10,0.0,euclidean,15,0.1,euclidean,15,,leaf,cosine,42,10,0.4754,16,22,86
2026-04-17T03:33:05,video,15,10,0.0,euclidean,15,0.1,cosine,15,,leaf,cosine,42,10,0.4754,16,22,86
2026-04-17T03:33:05,video,15,10,0.0,euclidean,15,0.1,cosine,15,,leaf,euclidean,42,10,0.4877,16,21,86
2026-04-17T03:33:16,video,15,10,0.0,correlation,15,0.1,cosine,15,,leaf,euclidean,42,15,0.3921,16,21,82
2026-04-17T03:33:17,video,15,10,0.0,correlation,15,0.1,euclidean,15,,leaf,euclidean,42,15,0.3921,16,21,82
2026-04-17T03:33:17,video,15,10,0.0,correlation,15,0.1,euclidean,15,,leaf,cosine,42,15,0.4221,16,21,66
2026-04-17T03:33:17,video,15,10,0.0,correlation,15,0.1,cosine,15,,leaf,cosine,42,15,0.4221,16,21,66
2026-04-17T03:33:29,video,15,10,0.0,cosine,15,0.1,euclidean,25,,eom,cosine,42,5,0.3907,34,72,203
2026-04-17T03:33:29,video,15,10,0.0,cosine,15,0.1,euclidean,25,,eom,euclidean,42,3,0.3183,41,194,264
2026-04-17T03:33:29,video,15,10,0.0,cosine,15,0.1,cosine,25,,eom,euclidean,42,3,0.3183,41,194,264
2026-04-17T03:33:29,video,15,10,0.0,cosine,15,0.1,cosine,25,,eom,cosine,42,5,0.3907,34,72,203
2026-04-17T03:33:40,video,15,10,0.0,euclidean,15,0.1,euclidean,25,,eom,euclidean,42,3,0.2254,37,224,306
2026-04-17T03:33:40,video,15,10,0.0,euclidean,15,0.1,euclidean,25,,eom,cosine,42,3,0.2527,35,223,289
2026-04-17T03:33:40,video,15,10,0.0,euclidean,15,0.1,cosine,25,,eom,euclidean,42,3,0.2254,37,224,306
2026-04-17T03:33:41,video,15,10,0.0,euclidean,15,0.1,cosine,25,,eom,cosine,42,3,0.2527,35,223,289
2026-04-17T03:33:53,video,15,10,0.0,correlation,15,0.1,euclidean,25,,eom,euclidean,42,4,0.306,36,125,222
2026-04-17T03:33:53,video,15,10,0.0,correlation,15,0.1,cosine,25,,eom,euclidean,42,4,0.306,36,125,222
2026-04-17T03:33:54,video,15,10,0.0,correlation,15,0.1,euclidean,25,,eom,cosine,42,4,0.3183,37,115,231
2026-04-17T03:33:54,video,15,10,0.0,correlation,15,0.1,cosine,25,,eom,cosine,42,4,0.3183,37,115,231
2026-04-17T03:34:06,video,15,10,0.0,cosine,15,0.1,euclidean,25,,leaf,cosine,42,6,0.4932,34,57,98
2026-04-17T03:34:06,video,15,10,0.0,cosine,15,0.1,cosine,25,,leaf,cosine,42,6,0.4932,34,57,98
2026-04-17T03:34:06,video,15,10,0.0,cosine,15,0.1,cosine,25,,leaf,euclidean,42,6,0.526,35,51,99
2026-04-17T03:34:06,video,15,10,0.0,cosine,15,0.1,euclidean,25,,leaf,euclidean,42,6,0.526,35,51,99
2026-04-17T03:34:17,video,15,10,0.0,euclidean,15,0.1,euclidean,25,,leaf,euclidean,42,5,0.3593,37,67,224
2026-04-17T03:34:17,video,15,10,0.0,euclidean,15,0.1,euclidean,25,,leaf,cosine,42,5,0.3839,35,65,223
2026-04-17T03:34:17,video,15,10,0.0,euclidean,15,0.1,cosine,25,,leaf,euclidean,42,5,0.3593,37,67,224
2026-04-17T03:34:17,video,15,10,0.0,euclidean,15,0.1,cosine,25,,leaf,cosine,42,5,0.3839,35,65,223
2026-04-17T03:34:30,video,15,10,0.0,correlation,15,0.1,cosine,25,,leaf,cosine,42,6,0.5546,37,47,87
2026-04-17T03:34:30,video,15,10,0.0,correlation,15,0.1,euclidean,25,,leaf,euclidean,42,6,0.5519,36,44,91
2026-04-17T03:34:30,video,15,10,0.0,correlation,15,0.1,cosine,25,,leaf,euclidean,42,6,0.5519,36,44,91
2026-04-17T03:34:31,video,15,10,0.0,correlation,15,0.1,euclidean,25,,leaf,cosine,42,6,0.5546,37,47,87
2026-04-17T03:34:42,video,15,10,0.05,cosine,15,0.1,euclidean,10,,eom,euclidean,42,14,0.1817,14,20,210
2026-04-17T03:34:42,video,15,10,0.05,cosine,15,0.1,euclidean,10,,eom,cosine,42,18,0.3374,13,21,68
2026-04-17T03:34:42,video,15,10,0.05,cosine,15,0.1,cosine,10,,eom,euclidean,42,14,0.1817,14,20,210
2026-04-17T03:34:42,video,15,10,0.05,cosine,15,0.1,cosine,10,,eom,cosine,42,18,0.3374,13,21,68
2026-04-17T03:34:54,video,15,10,0.05,euclidean,15,0.1,euclidean,10,,eom,euclidean,42,4,0.0082,14,16,680
2026-04-17T03:34:54,video,15,10,0.05,euclidean,15,0.1,cosine,10,,eom,euclidean,42,4,0.0082,14,16,680
2026-04-17T03:34:54,video,15,10,0.05,euclidean,15,0.1,cosine,10,,eom,cosine,42,4,0.0082,14,16,680
2026-04-17T03:34:54,video,15,10,0.05,euclidean,15,0.1,euclidean,10,,eom,cosine,42,4,0.0082,14,16,680
2026-04-17T03:35:07,video,15,10,0.05,correlation,15,0.1,euclidean,10,,eom,euclidean,42,3,0.0,16,16,700
2026-04-17T03:35:08,video,15,10,0.05,correlation,15,0.1,euclidean,10,,eom,cosine,42,16,0.3019,12,16,191
2026-04-17T03:35:08,video,15,10,0.05,correlation,15,0.1,cosine,10,,eom,euclidean,42,3,0.0,16,16,700
2026-04-17T03:35:08,video,15,10,0.05,correlation,15,0.1,cosine,10,,eom,cosine,42,16,0.3019,12,16,191
2026-04-17T03:35:19,video,15,10,0.05,cosine,15,0.1,euclidean,10,,leaf,cosine,42,20,0.3784,10,18,62
2026-04-17T03:35:19,video,15,10,0.05,cosine,15,0.1,cosine,10,,leaf,euclidean,42,19,0.3224,12,19,71
2026-04-17T03:35:19,video,15,10,0.05,cosine,15,0.1,euclidean,10,,leaf,euclidean,42,19,0.3224,12,19,71
2026-04-17T03:35:19,video,15,10,0.05,cosine,15,0.1,cosine,10,,leaf,cosine,42,20,0.3784,10,18,62
2026-04-17T03:35:31,video,15,10,0.05,euclidean,15,0.1,euclidean,10,,leaf,euclidean,42,19,0.4426,10,16,79
2026-04-17T03:35:31,video,15,10,0.05,euclidean,15,0.1,euclidean,10,,leaf,cosine,42,20,0.4385,11,16,68
2026-04-17T03:35:31,video,15,10,0.05,euclidean,15,0.1,cosine,10,,leaf,euclidean,42,19,0.4426,10,16,79
2026-04-17T03:35:32,video,15,10,0.05,euclidean,15,0.1,cosine,10,,leaf,cosine,42,20,0.4385,11,16,68
2026-04-17T03:35:43,video,15,10,0.05,correlation,15,0.1,cosine,10,,leaf,euclidean,42,20,0.3811,10,16,72
2026-04-17T03:35:43,video,15,10,0.05,correlation,15,0.1,euclidean,10,,leaf,cosine,42,20,0.3948,12,16,70
2026-04-17T03:35:43,video,15,10,0.05,correlation,15,0.1,euclidean,10,,leaf,euclidean,42,20,0.3811,10,16,72
2026-04-17T03:35:43,video,15,10,0.05,correlation,15,0.1,cosine,10,,leaf,cosine,42,20,0.3948,12,16,70
2026-04-17T03:35:56,video,15,10,0.05,cosine,15,0.1,euclidean,15,,eom,euclidean,42,3,0.0,16,17,699
2026-04-17T03:35:56,video,15,10,0.05,cosine,15,0.1,euclidean,15,,eom,cosine,42,11,0.2309,16,20,198
2026-04-17T03:35:56,video,15,10,0.05,cosine,15,0.1,cosine,15,,eom,euclidean,42,3,0.0,16,17,699
2026-04-17T03:35:56,video,15,10,0.05,cosine,15,0.1,cosine,15,,eom,cosine,42,11,0.2309,16,20,198
2026-04-17T03:36:08,video,15,10,0.05,euclidean,15,0.1,euclidean,15,,eom,euclidean,42,3,0.0082,16,16,694
2026-04-17T03:36:08,video,15,10,0.05,euclidean,15,0.1,euclidean,15,,eom,cosine,42,3,0.0068,16,16,695
2026-04-17T03:36:08,video,15,10,0.05,euclidean,15,0.1,cosine,15,,eom,euclidean,42,3,0.0082,16,16,694
2026-04-17T03:36:08,video,15,10,0.05,euclidean,15,0.1,cosine,15,,eom,cosine,42,3,0.0068,16,16,695
2026-04-17T03:36:20,video,15,10,0.05,correlation,15,0.1,euclidean,15,,eom,euclidean,42,3,0.0,16,16,700
2026-04-17T03:36:20,video,15,10,0.05,correlation,15,0.1,euclidean,15,,eom,cosine,42,8,0.2022,16,27,239
2026-04-17T03:36:20,video,15,10,0.05,correlation,15,0.1,cosine,15,,eom,cosine,42,8,0.2022,16,27,239
2026-04-17T03:36:20,video,15,10,0.05,correlation,15,0.1,cosine,15,,eom,euclidean,42,3,0.0,16,16,700
2026-04-17T03:36:33,video,15,10,0.05,cosine,15,0.1,euclidean,15,,leaf,euclidean,42,14,0.3607,16,20,97
2026-04-17T03:36:33,video,15,10,0.05,cosine,15,0.1,cosine,15,,leaf,euclidean,42,14,0.3607,16,20,97
2026-04-17T03:36:33,video,15,10,0.05,cosine,15,0.1,euclidean,15,,leaf,cosine,42,14,0.362,16,20,103
2026-04-17T03:36:33,video,15,10,0.05,cosine,15,0.1,cosine,15,,leaf,cosine,42,14,0.362,16,20,103
2026-04-17T03:36:44,video,15,10,0.05,euclidean,15,0.1,euclidean,15,,leaf,euclidean,42,10,0.4973,16,21,80
2026-04-17T03:36:44,video,15,10,0.05,euclidean,15,0.1,euclidean,15,,leaf,cosine,42,9,0.5437,16,23,71
2026-04-17T03:36:44,video,15,10,0.05,euclidean,15,0.1,cosine,15,,leaf,cosine,42,9,0.5437,16,23,71
2026-04-17T03:36:44,video,15,10,0.05,euclidean,15,0.1,cosine,15,,leaf,euclidean,42,10,0.4973,16,21,80
2026-04-17T03:36:57,video,15,10,0.05,correlation,15,0.1,cosine,15,,leaf,euclidean,42,13,0.4495,16,19,70
2026-04-17T03:36:57,video,15,10,0.05,correlation,15,0.1,euclidean,15,,leaf,euclidean,42,13,0.4495,16,19,70
2026-04-17T03:36:57,video,15,10,0.05,correlation,15,0.1,euclidean,15,,leaf,cosine,42,14,0.4932,15,18,62
2026-04-17T03:36:57,video,15,10,0.05,correlation,15,0.1,cosine,15,,leaf,cosine,42,14,0.4932,15,18,62
2026-04-17T03:37:10,video,15,10,0.05,cosine,15,0.1,euclidean,25,,eom,euclidean,42,3,0.3292,37,186,268
2026-04-17T03:37:10,video,15,10,0.05,cosine,15,0.1,euclidean,25,,eom,cosine,42,4,0.3757,33,110,203
2026-04-17T03:37:10,video,15,10,0.05,cosine,15,0.1,cosine,25,,eom,cosine,42,4,0.3757,33,110,203
2026-04-17T03:37:10,video,15,10,0.05,cosine,15,0.1,cosine,25,,eom,euclidean,42,3,0.3292,37,186,268
2026-04-17T03:37:21,video,15,10,0.05,euclidean,15,0.1,euclidean,25,,eom,euclidean,42,3,0.2077,38,222,320
2026-04-17T03:37:21,video,15,10,0.05,euclidean,15,0.1,euclidean,25,,eom,cosine,42,3,0.2719,35,211,287
2026-04-17T03:37:21,video,15,10,0.05,euclidean,15,0.1,cosine,25,,eom,cosine,42,3,0.2719,35,211,287
2026-04-17T03:37:21,video,15,10,0.05,euclidean,15,0.1,cosine,25,,eom,euclidean,42,3,0.2077,38,222,320
2026-04-17T03:37:34,video,15,10,0.05,correlation,15,0.1,euclidean,25,,eom,cosine,42,2,0.194,46,295,544
2026-04-17T03:37:34,video,15,10,0.05,correlation,15,0.1,euclidean,25,,eom,euclidean,42,2,0.2377,45,279,513
2026-04-17T03:37:34,video,15,10,0.05,correlation,15,0.1,cosine,25,,eom,euclidean,42,2,0.2377,45,279,513
2026-04-17T03:37:34,video,15,10,0.05,correlation,15,0.1,cosine,25,,eom,cosine,42,2,0.194,46,295,544
2026-04-17T03:37:45,video,15,10,0.05,cosine,15,0.1,euclidean,25,,leaf,euclidean,42,6,0.627,33,41,68
2026-04-17T03:37:45,video,15,10,0.05,cosine,15,0.1,euclidean,25,,leaf,cosine,42,6,0.6093,33,43,76
2026-04-17T03:37:45,video,15,10,0.05,cosine,15,0.1,cosine,25,,leaf,euclidean,42,6,0.627,33,41,68
2026-04-17T03:37:46,video,15,10,0.05,cosine,15,0.1,cosine,25,,leaf,cosine,42,6,0.6093,33,43,76
2026-04-17T03:37:58,video,15,10,0.05,euclidean,15,0.1,euclidean,25,,leaf,euclidean,42,5,0.3798,38,63,222
2026-04-17T03:37:58,video,15,10,0.05,euclidean,15,0.1,euclidean,25,,leaf,cosine,42,5,0.4153,35,64,211
2026-04-17T03:37:58,video,15,10,0.05,euclidean,15,0.1,cosine,25,,leaf,euclidean,42,5,0.3798,38,63,222
2026-04-17T03:37:58,video,15,10,0.05,euclidean,15,0.1,cosine,25,,leaf,cosine,42,5,0.4153,35,64,211
2026-04-17T03:38:11,video,15,10,0.05,correlation,15,0.1,cosine,25,,leaf,euclidean,42,6,0.6066,33,42,69
2026-04-17T03:38:11,video,15,10,0.05,correlation,15,0.1,euclidean,25,,leaf,cosine,42,6,0.5929,35,43,79
2026-04-17T03:38:11,video,15,10,0.05,correlation,15,0.1,euclidean,25,,leaf,euclidean,42,6,0.6066,33,42,69
2026-04-17T03:38:11,video,15,10,0.05,correlation,15,0.1,cosine,25,,leaf,cosine,42,6,0.5929,35,43,79
2026-04-17T03:38:22,video,15,15,0.0,cosine,15,0.1,euclidean,10,,eom,euclidean,42,14,0.2063,12,19,211
2026-04-17T03:38:22,video,15,15,0.0,cosine,15,0.1,cosine,10,,eom,euclidean,42,14,0.2063,12,19,211
2026-04-17T03:38:22,video,15,15,0.0,cosine,15,0.1,euclidean,10,,eom,cosine,42,14,0.1872,13,19,215
2026-04-17T03:38:23,video,15,15,0.0,cosine,15,0.1,cosine,10,,eom,cosine,42,14,0.1872,13,19,215
2026-04-17T03:38:35,video,15,15,0.0,euclidean,15,0.1,euclidean,10,,eom,cosine,42,13,0.2923,12,16,210
2026-04-17T03:38:35,video,15,15,0.0,euclidean,15,0.1,euclidean,10,,eom,euclidean,42,4,0.026,14,16,667
2026-04-17T03:38:35,video,15,15,0.0,euclidean,15,0.1,cosine,10,,eom,euclidean,42,4,0.026,14,16,667
2026-04-17T03:38:35,video,15,15,0.0,euclidean,15,0.1,cosine,10,,eom,cosine,42,13,0.2923,12,16,210
2026-04-17T03:38:47,video,15,15,0.0,correlation,15,0.1,euclidean,10,,eom,euclidean,42,3,0.0,16,17,699
2026-04-17T03:38:47,video,15,15,0.0,correlation,15,0.1,euclidean,10,,eom,cosine,42,14,0.2842,11,19,210
2026-04-17T03:38:47,video,15,15,0.0,correlation,15,0.1,cosine,10,,eom,euclidean,42,3,0.0,16,17,699
2026-04-17T03:38:47,video,15,15,0.0,correlation,15,0.1,cosine,10,,eom,cosine,42,14,0.2842,11,19,210
2026-04-17T03:39:00,video,15,15,0.0,cosine,15,0.1,euclidean,10,,leaf,euclidean,42,19,0.3511,12,18,71
2026-04-17T03:39:00,video,15,15,0.0,cosine,15,0.1,euclidean,10,,leaf,cosine,42,19,0.3347,12,19,75
2026-04-17T03:39:00,video,15,15,0.0,cosine,15,0.1,cosine,10,,leaf,euclidean,42,19,0.3511,12,18,71
2026-04-17T03:39:00,video,15,15,0.0,cosine,15,0.1,cosine,10,,leaf,cosine,42,19,0.3347,12,19,75
2026-04-17T03:39:12,video,15,15,0.0,euclidean,15,0.1,euclidean,10,,leaf,cosine,42,19,0.5178,11,16,37
2026-04-17T03:39:12,video,15,15,0.0,euclidean,15,0.1,cosine,10,,leaf,euclidean,42,18,0.4945,10,18,43
2026-04-17T03:39:12,video,15,15,0.0,euclidean,15,0.1,euclidean,10,,leaf,euclidean,42,18,0.4945,10,18,43
2026-04-17T03:39:13,video,15,15,0.0,euclidean,15,0.1,cosine,10,,leaf,cosine,42,19,0.5178,11,16,37
2026-04-17T03:39:24,video,15,15,0.0,correlation,15,0.1,euclidean,10,,leaf,euclidean,42,21,0.4112,10,17,46
2026-04-17T03:39:24,video,15,15,0.0,correlation,15,0.1,euclidean,10,,leaf,cosine,42,19,0.4249,11,19,54
2026-04-17T03:39:24,video,15,15,0.0,correlation,15,0.1,cosine,10,,leaf,cosine,42,19,0.4249,11,19,54
2026-04-17T03:39:24,video,15,15,0.0,correlation,15,0.1,cosine,10,,leaf,euclidean,42,21,0.4112,10,17,46
2026-04-17T03:39:37,video,15,15,0.0,cosine,15,0.1,cosine,15,,eom,euclidean,42,6,0.0929,15,33,357
2026-04-17T03:39:37,video,15,15,0.0,cosine,15,0.1,euclidean,15,,eom,euclidean,42,6,0.0929,15,33,357
2026-04-17T03:39:37,video,15,15,0.0,cosine,15,0.1,euclidean,15,,eom,cosine,42,5,0.0738,16,50,358
2026-04-17T03:39:37,video,15,15,0.0,cosine,15,0.1,cosine,15,,eom,cosine,42,5,0.0738,16,50,358
2026-04-17T03:39:48,video,15,15,0.0,euclidean,15,0.1,euclidean,15,,eom,euclidean,42,3,0.0191,16,16,686
2026-04-17T03:39:49,video,15,15,0.0,euclidean,15,0.1,cosine,15,,eom,cosine,42,6,0.209,16,57,226
2026-04-17T03:39:49,video,15,15,0.0,euclidean,15,0.1,euclidean,15,,eom,cosine,42,6,0.209,16,57,226
2026-04-17T03:39:49,video,15,15,0.0,euclidean,15,0.1,cosine,15,,eom,euclidean,42,3,0.0191,16,16,686
2026-04-17T03:40:02,video,15,15,0.0,correlation,15,0.1,euclidean,15,,eom,euclidean,42,3,0.0,16,17,699
2026-04-17T03:40:02,video,15,15,0.0,correlation,15,0.1,cosine,15,,eom,euclidean,42,3,0.0,16,17,699
2026-04-17T03:40:02,video,15,15,0.0,correlation,15,0.1,euclidean,15,,eom,cosine,42,5,0.0724,16,53,361
2026-04-17T03:40:02,video,15,15,0.0,correlation,15,0.1,cosine,15,,eom,cosine,42,5,0.0724,16,53,361
2026-04-17T03:40:14,video,15,15,0.0,cosine,15,0.1,euclidean,15,,leaf,euclidean,42,13,0.4577,15,20,69
2026-04-17T03:40:15,video,15,15,0.0,cosine,15,0.1,cosine,15,,leaf,cosine,42,12,0.4658,16,23,70
2026-04-17T03:40:15,video,15,15,0.0,cosine,15,0.1,cosine,15,,leaf,euclidean,42,13,0.4577,15,20,69
2026-04-17T03:40:15,video,15,15,0.0,cosine,15,0.1,euclidean,15,,leaf,cosine,42,12,0.4658,16,23,70
2026-04-17T03:40:26,video,15,15,0.0,euclidean,15,0.1,euclidean,15,,leaf,euclidean,42,11,0.4891,15,18,78
2026-04-17T03:40:26,video,15,15,0.0,euclidean,15,0.1,cosine,15,,leaf,euclidean,42,11,0.4891,15,18,78
2026-04-17T03:40:26,video,15,15,0.0,euclidean,15,0.1,euclidean,15,,leaf,cosine,42,11,0.4904,16,21,81
2026-04-17T03:40:26,video,15,15,0.0,euclidean,15,0.1,cosine,15,,leaf,cosine,42,11,0.4904,16,21,81
2026-04-17T03:40:39,video,15,15,0.0,correlation,15,0.1,euclidean,15,,leaf,euclidean,42,12,0.4399,16,30,64
2026-04-17T03:40:39,video,15,15,0.0,correlation,15,0.1,cosine,15,,leaf,euclidean,42,12,0.4399,16,30,64
2026-04-17T03:40:39,video,15,15,0.0,correlation,15,0.1,cosine,15,,leaf,cosine,42,13,0.4276,16,23,69
2026-04-17T03:40:39,video,15,15,0.0,correlation,15,0.1,euclidean,15,,leaf,cosine,42,13,0.4276,16,23,69
2026-04-17T03:40:50,video,15,15,0.0,cosine,15,0.1,cosine,25,,eom,euclidean,42,3,0.1653,46,217,348
2026-04-17T03:40:51,video,15,15,0.0,cosine,15,0.1,euclidean,25,,eom,euclidean,42,3,0.1653,46,217,348
2026-04-17T03:40:51,video,15,15,0.0,cosine,15,0.1,cosine,25,,eom,cosine,42,3,0.1735,45,218,342
2026-04-17T03:40:51,video,15,15,0.0,cosine,15,0.1,euclidean,25,,eom,cosine,42,3,0.1735,45,218,342
2026-04-17T03:41:03,video,15,15,0.0,euclidean,15,0.1,euclidean,25,,eom,euclidean,42,3,0.2418,41,215,299
2026-04-17T03:41:03,video,15,15,0.0,euclidean,15,0.1,cosine,25,,eom,cosine,42,3,0.235,37,220,303
2026-04-17T03:41:03,video,15,15,0.0,euclidean,15,0.1,euclidean,25,,eom,cosine,42,3,0.235,37,220,303
2026-04-17T03:41:03,video,15,15,0.0,euclidean,15,0.1,cosine,25,,eom,euclidean,42,3,0.2418,41,215,299
2026-04-17T03:41:16,video,15,15,0.0,correlation,15,0.1,euclidean,25,,eom,euclidean,42,3,0.194,45,207,338
2026-04-17T03:41:16,video,15,15,0.0,correlation,15,0.1,cosine,25,,eom,euclidean,42,3,0.194,45,207,338
2026-04-17T03:41:16,video,15,15,0.0,correlation,15,0.1,euclidean,25,,eom,cosine,42,3,0.1776,44,211,347
2026-04-17T03:41:17,video,15,15,0.0,correlation,15,0.1,cosine,25,,eom,cosine,42,3,0.1776,44,211,347
2026-04-17T03:41:28,video,15,15,0.0,cosine,15,0.1,euclidean,25,,leaf,euclidean,42,6,0.6011,35,51,60
2026-04-17T03:41:28,video,15,15,0.0,cosine,15,0.1,cosine,25,,leaf,cosine,42,7,0.6038,25,40,56
2026-04-17T03:41:28,video,15,15,0.0,cosine,15,0.1,cosine,25,,leaf,euclidean,42,6,0.6011,35,51,60
2026-04-17T03:41:28,video,15,15,0.0,cosine,15,0.1,euclidean,25,,leaf,cosine,42,7,0.6038,25,40,56
2026-04-17T03:41:40,video,15,15,0.0,euclidean,15,0.1,euclidean,25,,leaf,euclidean,42,6,0.5888,25,51,69
2026-04-17T03:41:40,video,15,15,0.0,euclidean,15,0.1,cosine,25,,leaf,euclidean,42,6,0.5888,25,51,69
2026-04-17T03:41:40,video,15,15,0.0,euclidean,15,0.1,euclidean,25,,leaf,cosine,42,5,0.3975,37,60,220
2026-04-17T03:41:41,video,15,15,0.0,euclidean,15,0.1,cosine,25,,leaf,cosine,42,5,0.3975,37,60,220
2026-04-17T03:41:52,video,15,15,0.0,correlation,15,0.1,euclidean,25,,leaf,euclidean,42,6,0.6462,35,45,49
2026-04-17T03:41:52,video,15,15,0.0,correlation,15,0.1,cosine,25,,leaf,cosine,42,5,0.4522,44,50,211
2026-04-17T03:41:52,video,15,15,0.0,correlation,15,0.1,euclidean,25,,leaf,cosine,42,5,0.4522,44,50,211
2026-04-17T03:41:53,video,15,15,0.0,correlation,15,0.1,cosine,25,,leaf,euclidean,42,6,0.6462,35,45,49
2026-04-17T03:42:05,video,15,15,0.05,cosine,15,0.1,euclidean,10,,eom,euclidean,42,7,0.0669,14,17,360
2026-04-17T03:42:05,video,15,15,0.05,cosine,15,0.1,cosine,10,,eom,cosine,42,12,0.2637,10,29,207
2026-04-17T03:42:05,video,15,15,0.05,cosine,15,0.1,euclidean,10,,eom,cosine,42,12,0.2637,10,29,207
2026-04-17T03:42:05,video,15,15,0.05,cosine,15,0.1,cosine,10,,eom,euclidean,42,7,0.0669,14,17,360
2026-04-17T03:42:18,video,15,15,0.05,euclidean,15,0.1,euclidean,10,,eom,euclidean,42,3,0.0014,16,16,699
2026-04-17T03:42:18,video,15,15,0.05,euclidean,15,0.1,euclidean,10,,eom,cosine,42,12,0.3046,11,19,205
2026-04-17T03:42:18,video,15,15,0.05,euclidean,15,0.1,cosine,10,,eom,euclidean,42,3,0.0014,16,16,699
2026-04-17T03:42:18,video,15,15,0.05,euclidean,15,0.1,cosine,10,,eom,cosine,42,12,0.3046,11,19,205
2026-04-17T03:42:30,video,15,15,0.05,correlation,15,0.1,cosine,10,,eom,euclidean,42,3,0.0,16,17,699
2026-04-17T03:42:30,video,15,15,0.05,correlation,15,0.1,euclidean,10,,eom,cosine,42,15,0.3238,10,18,190
2026-04-17T03:42:30,video,15,15,0.05,correlation,15,0.1,euclidean,10,,eom,euclidean,42,3,0.0,16,17,699
2026-04-17T03:42:30,video,15,15,0.05,correlation,15,0.1,cosine,10,,eom,cosine,42,15,0.3238,10,18,190
2026-04-17T03:42:43,video,15,15,0.05,cosine,15,0.1,euclidean,10,,leaf,euclidean,42,18,0.4126,10,18,74
2026-04-17T03:42:43,video,15,15,0.05,cosine,15,0.1,euclidean,10,,leaf,cosine,42,17,0.4085,10,20,69
2026-04-17T03:42:43,video,15,15,0.05,cosine,15,0.1,cosine,10,,leaf,euclidean,42,18,0.4126,10,18,74
2026-04-17T03:42:43,video,15,15,0.05,cosine,15,0.1,cosine,10,,leaf,cosine,42,17,0.4085,10,20,69
2026-04-17T03:42:54,video,15,15,0.05,euclidean,15,0.1,euclidean,10,,leaf,euclidean,42,19,0.5396,10,16,35
2026-04-17T03:42:54,video,15,15,0.05,euclidean,15,0.1,euclidean,10,,leaf,cosine,42,18,0.4904,10,16,66
2026-04-17T03:42:54,video,15,15,0.05,euclidean,15,0.1,cosine,10,,leaf,euclidean,42,19,0.5396,10,16,35
2026-04-17T03:42:54,video,15,15,0.05,euclidean,15,0.1,cosine,10,,leaf,cosine,42,18,0.4904,10,16,66
2026-04-17T03:43:07,video,15,15,0.05,correlation,15,0.1,cosine,10,,leaf,euclidean,42,18,0.4208,10,20,51
2026-04-17T03:43:07,video,15,15,0.05,correlation,15,0.1,euclidean,10,,leaf,euclidean,42,18,0.4208,10,20,51
2026-04-17T03:43:07,video,15,15,0.05,correlation,15,0.1,cosine,10,,leaf,cosine,42,19,0.4344,10,19,45
2026-04-17T03:43:07,video,15,15,0.05,correlation,15,0.1,euclidean,10,,leaf,cosine,42,19,0.4344,10,19,45
2026-04-17T03:43:20,video,15,15,0.05,cosine,15,0.1,euclidean,15,,eom,euclidean,42,3,0.0082,16,17,693
2026-04-17T03:43:20,video,15,15,0.05,cosine,15,0.1,cosine,15,,eom,euclidean,42,3,0.0082,16,17,693
2026-04-17T03:43:20,video,15,15,0.05,cosine,15,0.1,euclidean,15,,eom,cosine,42,5,0.1352,16,50,330
2026-04-17T03:43:20,video,15,15,0.05,cosine,15,0.1,cosine,15,,eom,cosine,42,5,0.1352,16,50,330
2026-04-17T03:43:31,video,15,15,0.05,euclidean,15,0.1,euclidean,15,,eom,euclidean,42,3,0.0164,16,16,688
2026-04-17T03:43:31,video,15,15,0.05,euclidean,15,0.1,euclidean,15,,eom,cosine,42,5,0.1598,16,48,316
2026-04-17T03:43:31,video,15,15,0.05,euclidean,15,0.1,cosine,15,,eom,euclidean,42,3,0.0164,16,16,688
2026-04-17T03:43:31,video,15,15,0.05,euclidean,15,0.1,cosine,15,,eom,cosine,42,5,0.1598,16,48,316
2026-04-17T03:43:44,video,15,15,0.05,correlation,15,0.1,euclidean,15,,eom,euclidean,42,3,0.0,16,17,699
2026-04-17T03:43:44,video,15,15,0.05,correlation,15,0.1,cosine,15,,eom,euclidean,42,3,0.0,16,17,699
2026-04-17T03:43:44,video,15,15,0.05,correlation,15,0.1,euclidean,15,,eom,cosine,42,3,0.0,16,17,699
2026-04-17T03:43:44,video,15,15,0.05,correlation,15,0.1,cosine,15,,eom,cosine,42,3,0.0,16,17,699
2026-04-17T03:43:56,video,15,15,0.05,cosine,15,0.1,cosine,15,,leaf,euclidean,42,11,0.4822,16,30,66
2026-04-17T03:43:56,video,15,15,0.05,cosine,15,0.1,euclidean,15,,leaf,euclidean,42,11,0.4822,16,30,66
2026-04-17T03:43:56,video,15,15,0.05,cosine,15,0.1,euclidean,15,,leaf,cosine,42,11,0.4863,16,30,63
2026-04-17T03:43:56,video,15,15,0.05,cosine,15,0.1,cosine,15,,leaf,cosine,42,11,0.4863,16,30,63
2026-04-17T03:44:08,video,15,15,0.05,euclidean,15,0.1,euclidean,15,,leaf,euclidean,42,10,0.5273,16,20,77
2026-04-17T03:44:09,video,15,15,0.05,euclidean,15,0.1,cosine,15,,leaf,euclidean,42,10,0.5273,16,20,77
2026-04-17T03:44:09,video,15,15,0.05,euclidean,15,0.1,cosine,15,,leaf,cosine,42,11,0.4973,16,20,84
2026-04-17T03:44:09,video,15,15,0.05,euclidean,15,0.1,euclidean,15,,leaf,cosine,42,11,0.4973,16,20,84
2026-04-17T03:44:22,video,15,15,0.05,correlation,15,0.1,cosine,15,,leaf,euclidean,42,11,0.4918,15,36,57
2026-04-17T03:44:22,video,15,15,0.05,correlation,15,0.1,euclidean,15,,leaf,euclidean,42,11,0.4918,15,36,57
2026-04-17T03:44:22,video,15,15,0.05,correlation,15,0.1,euclidean,15,,leaf,cosine,42,11,0.4891,15,36,56
2026-04-17T03:44:22,video,15,15,0.05,correlation,15,0.1,cosine,15,,leaf,cosine,42,11,0.4891,15,36,56
2026-04-17T03:44:34,video,15,15,0.05,cosine,15,0.1,euclidean,25,,eom,euclidean,42,3,0.25,44,201,304
2026-04-17T03:44:34,video,15,15,0.05,cosine,15,0.1,cosine,25,,eom,cosine,42,3,0.2459,43,203,306
2026-04-17T03:44:34,video,15,15,0.05,cosine,15,0.1,cosine,25,,eom,euclidean,42,3,0.25,44,201,304
2026-04-17T03:44:34,video,15,15,0.05,cosine,15,0.1,euclidean,25,,eom,cosine,42,3,0.2459,43,203,306
2026-04-17T03:44:45,video,15,15,0.05,euclidean,15,0.1,euclidean,25,,eom,euclidean,42,3,0.2582,36,214,293
2026-04-17T03:44:45,video,15,15,0.05,euclidean,15,0.1,euclidean,25,,eom,cosine,42,3,0.2582,36,215,292
2026-04-17T03:44:45,video,15,15,0.05,euclidean,15,0.1,cosine,25,,eom,euclidean,42,3,0.2582,36,214,293
2026-04-17T03:44:45,video,15,15,0.05,euclidean,15,0.1,cosine,25,,eom,cosine,42,3,0.2582,36,215,292
2026-04-17T03:44:58,video,15,15,0.05,correlation,15,0.1,euclidean,25,,eom,euclidean,42,3,0.1817,44,206,349
2026-04-17T03:44:58,video,15,15,0.05,correlation,15,0.1,cosine,25,,eom,euclidean,42,3,0.1817,44,206,349
2026-04-17T03:44:58,video,15,15,0.05,correlation,15,0.1,euclidean,25,,eom,cosine,42,3,0.2787,43,193,292
2026-04-17T03:44:59,video,15,15,0.05,correlation,15,0.1,cosine,25,,eom,cosine,42,3,0.2787,43,193,292
2026-04-17T03:45:11,video,15,15,0.05,cosine,15,0.1,cosine,25,,leaf,cosine,42,6,0.6393,33,41,62
2026-04-17T03:45:11,video,15,15,0.05,cosine,15,0.1,euclidean,25,,leaf,euclidean,42,6,0.6393,35,43,60
2026-04-17T03:45:11,video,15,15,0.05,cosine,15,0.1,cosine,25,,leaf,euclidean,42,6,0.6393,35,43,60
2026-04-17T03:45:11,video,15,15,0.05,cosine,15,0.1,euclidean,25,,leaf,cosine,42,6,0.6393,33,41,62
2026-04-17T03:45:22,video,15,15,0.05,euclidean,15,0.1,euclidean,25,,leaf,euclidean,42,5,0.4631,36,47,214
2026-04-17T03:45:22,video,15,15,0.05,euclidean,15,0.1,cosine,25,,leaf,euclidean,42,5,0.4631,36,47,214
2026-04-17T03:45:22,video,15,15,0.05,euclidean,15,0.1,cosine,25,,leaf,cosine,42,5,0.4863,32,43,215
2026-04-17T03:45:23,video,15,15,0.05,euclidean,15,0.1,euclidean,25,,leaf,cosine,42,5,0.4863,32,43,215
2026-04-17T03:45:36,video,15,15,0.05,correlation,15,0.1,euclidean,25,,leaf,euclidean,42,6,0.6926,33,36,44
2026-04-17T03:45:36,video,15,15,0.05,correlation,15,0.1,euclidean,25,,leaf,cosine,42,5,0.5178,33,43,193
2026-04-17T03:45:36,video,15,15,0.05,correlation,15,0.1,cosine,25,,leaf,cosine,42,5,0.5178,33,43,193
2026-04-17T03:45:36,video,15,15,0.05,correlation,15,0.1,cosine,25,,leaf,euclidean,42,6,0.6926,33,36,44
2026-04-17T03:45:47,video,15,30,0.0,cosine,15,0.1,cosine,10,,eom,euclidean,42,7,0.1066,10,17,342
2026-04-17T03:45:47,video,15,30,0.0,cosine,15,0.1,euclidean,10,,eom,euclidean,42,7,0.1066,10,17,342
2026-04-17T03:45:48,video,15,30,0.0,cosine,15,0.1,euclidean,10,,eom,cosine,42,14,0.4194,15,29,51
2026-04-17T03:45:48,video,15,30,0.0,cosine,15,0.1,cosine,10,,eom,cosine,42,14,0.4194,15,29,51
2026-04-17T03:46:00,video,15,30,0.0,euclidean,15,0.1,euclidean,10,,eom,euclidean,42,2,0.0,16,366,716
2026-04-17T03:46:00,video,15,30,0.0,euclidean,15,0.1,cosine,10,,eom,euclidean,42,2,0.0,16,366,716
2026-04-17T03:46:00,video,15,30,0.0,euclidean,15,0.1,euclidean,10,,eom,cosine,42,13,0.3811,14,17,214
2026-04-17T03:46:00,video,15,30,0.0,euclidean,15,0.1,cosine,10,,eom,cosine,42,13,0.3811,14,17,214
2026-04-17T03:46:14,video,15,30,0.0,correlation,15,0.1,cosine,10,,eom,cosine,42,17,0.5082,12,17,39
2026-04-17T03:46:14,video,15,30,0.0,correlation,15,0.1,euclidean,10,,eom,euclidean,42,3,0.0068,16,17,694
2026-04-17T03:46:14,video,15,30,0.0,correlation,15,0.1,cosine,10,,eom,euclidean,42,3,0.0068,16,17,694
2026-04-17T03:46:14,video,15,30,0.0,correlation,15,0.1,euclidean,10,,eom,cosine,42,17,0.5082,12,17,39
2026-04-17T03:46:25,video,15,30,0.0,cosine,15,0.1,euclidean,10,,leaf,euclidean,42,18,0.4645,10,19,41
2026-04-17T03:46:26,video,15,30,0.0,cosine,15,0.1,cosine,10,,leaf,cosine,42,15,0.4413,12,23,48
2026-04-17T03:46:26,video,15,30,0.0,cosine,15,0.1,euclidean,10,,leaf,cosine,42,15,0.4413,12,23,48
2026-04-17T03:46:26,video,15,30,0.0,cosine,15,0.1,cosine,10,,leaf,euclidean,42,18,0.4645,10,19,41
2026-04-17T03:46:38,video,15,30,0.0,euclidean,15,0.1,cosine,10,,leaf,euclidean,42,16,0.5164,14,18,56
2026-04-17T03:46:38,video,15,30,0.0,euclidean,15,0.1,euclidean,10,,leaf,cosine,42,18,0.5574,10,17,31
2026-04-17T03:46:38,video,15,30,0.0,euclidean,15,0.1,euclidean,10,,leaf,euclidean,42,16,0.5164,14,18,56
2026-04-17T03:46:38,video,15,30,0.0,euclidean,15,0.1,cosine,10,,leaf,cosine,42,18,0.5574,10,17,31
2026-04-17T03:46:50,video,15,30,0.0,correlation,15,0.1,euclidean,10,,leaf,euclidean,42,17,0.4836,12,18,42
2026-04-17T03:46:50,video,15,30,0.0,correlation,15,0.1,cosine,10,,leaf,cosine,42,17,0.5082,12,17,39
2026-04-17T03:46:50,video,15,30,0.0,correlation,15,0.1,euclidean,10,,leaf,cosine,42,17,0.5082,12,17,39
2026-04-17T03:46:51,video,15,30,0.0,correlation,15,0.1,cosine,10,,leaf,euclidean,42,17,0.4836,12,18,42
2026-04-17T03:47:03,video,15,30,0.0,cosine,15,0.1,cosine,15,,eom,euclidean,42,5,0.1134,16,51,338
2026-04-17T03:47:03,video,15,30,0.0,cosine,15,0.1,euclidean,15,,eom,euclidean,42,5,0.1134,16,51,338
2026-04-17T03:47:03,video,15,30,0.0,cosine,15,0.1,euclidean,15,,eom,cosine,42,5,0.1749,16,47,315
2026-04-17T03:47:03,video,15,30,0.0,cosine,15,0.1,cosine,15,,eom,cosine,42,5,0.1749,16,47,315
2026-04-17T03:47:16,video,15,30,0.0,euclidean,15,0.1,cosine,15,,eom,euclidean,42,2,0.0,16,366,716
2026-04-17T03:47:16,video,15,30,0.0,euclidean,15,0.1,euclidean,15,,eom,euclidean,42,2,0.0,16,366,716
2026-04-17T03:47:16,video,15,30,0.0,euclidean,15,0.1,cosine,15,,eom,cosine,42,2,0.0,16,366,716
2026-04-17T03:47:16,video,15,30,0.0,euclidean,15,0.1,euclidean,15,,eom,cosine,42,2,0.0,16,366,716
2026-04-17T03:47:28,video,15,30,0.0,correlation,15,0.1,euclidean,15,,eom,euclidean,42,5,0.1011,16,51,341
2026-04-17T03:47:28,video,15,30,0.0,correlation,15,0.1,euclidean,15,,eom,cosine,42,5,0.097,16,52,344
2026-04-17T03:47:28,video,15,30,0.0,correlation,15,0.1,cosine,15,,eom,euclidean,42,5,0.1011,16,51,341
2026-04-17T03:47:28,video,15,30,0.0,correlation,15,0.1,cosine,15,,eom,cosine,42,5,0.097,16,52,344
2026-04-17T03:47:41,video,15,30,0.0,cosine,15,0.1,euclidean,15,,leaf,euclidean,42,14,0.5355,16,19,51
2026-04-17T03:47:41,video,15,30,0.0,cosine,15,0.1,euclidean,15,,leaf,cosine,42,12,0.4631,15,31,73
2026-04-17T03:47:41,video,15,30,0.0,cosine,15,0.1,cosine,15,,leaf,euclidean,42,14,0.5355,16,19,51
2026-04-17T03:47:41,video,15,30,0.0,cosine,15,0.1,cosine,15,,leaf,cosine,42,12,0.4631,15,31,73
2026-04-17T03:47:52,video,15,30,0.0,euclidean,15,0.1,euclidean,15,,leaf,euclidean,42,10,0.5984,15,21,69
2026-04-17T03:47:52,video,15,30,0.0,euclidean,15,0.1,euclidean,15,,leaf,cosine,42,9,0.6202,15,23,74
2026-04-17T03:47:52,video,15,30,0.0,euclidean,15,0.1,cosine,15,,leaf,euclidean,42,10,0.5984,15,21,69
2026-04-17T03:47:53,video,15,30,0.0,euclidean,15,0.1,cosine,15,,leaf,cosine,42,9,0.6202,15,23,74
2026-04-17T03:48:06,video,15,30,0.0,correlation,15,0.1,cosine,15,,leaf,euclidean,42,12,0.5396,15,26,57
2026-04-17T03:48:06,video,15,30,0.0,correlation,15,0.1,euclidean,15,,leaf,euclidean,42,12,0.5396,15,26,57
2026-04-17T03:48:06,video,15,30,0.0,correlation,15,0.1,euclidean,15,,leaf,cosine,42,11,0.5642,16,25,59
2026-04-17T03:48:06,video,15,30,0.0,correlation,15,0.1,cosine,15,,leaf,cosine,42,11,0.5642,16,25,59
2026-04-17T03:48:19,video,15,30,0.0,cosine,15,0.1,euclidean,25,,eom,euclidean,42,3,0.1967,46,214,328
2026-04-17T03:48:19,video,15,30,0.0,cosine,15,0.1,cosine,25,,eom,euclidean,42,3,0.1967,46,214,328
2026-04-17T03:48:19,video,15,30,0.0,cosine,15,0.1,cosine,25,,eom,cosine,42,3,0.2664,36,200,301
2026-04-17T03:48:19,video,15,30,0.0,cosine,15,0.1,euclidean,25,,eom,cosine,42,3,0.2664,36,200,301
2026-04-17T03:48:30,video,15,30,0.0,euclidean,15,0.1,euclidean,25,,eom,euclidean,42,3,0.2281,41,214,310
2026-04-17T03:48:30,video,15,30,0.0,euclidean,15,0.1,cosine,25,,eom,cosine,42,3,0.209,39,224,316
2026-04-17T03:48:31,video,15,30,0.0,euclidean,15,0.1,euclidean,25,,eom,cosine,42,3,0.209,39,224,316
2026-04-17T03:48:31,video,15,30,0.0,euclidean,15,0.1,cosine,25,,eom,euclidean,42,3,0.2281,41,214,310
2026-04-17T03:48:44,video,15,30,0.0,correlation,15,0.1,cosine,25,,eom,euclidean,42,3,0.1667,41,222,347
2026-04-17T03:48:44,video,15,30,0.0,correlation,15,0.1,euclidean,25,,eom,euclidean,42,3,0.1667,41,222,347
2026-04-17T03:48:44,video,15,30,0.0,correlation,15,0.1,euclidean,25,,eom,cosine,42,3,0.1831,39,214,345
2026-04-17T03:48:44,video,15,30,0.0,correlation,15,0.1,cosine,25,,eom,cosine,42,3,0.1831,39,214,345
2026-04-17T03:48:56,video,15,30,0.0,cosine,15,0.1,cosine,25,,leaf,euclidean,42,5,0.4194,42,54,214
2026-04-17T03:48:56,video,15,30,0.0,cosine,15,0.1,euclidean,25,,leaf,euclidean,42,5,0.4194,42,54,214
2026-04-17T03:48:56,video,15,30,0.0,cosine,15,0.1,cosine,25,,leaf,cosine,42,7,0.6489,27,33,57
2026-04-17T03:48:56,video,15,30,0.0,cosine,15,0.1,euclidean,25,,leaf,cosine,42,7,0.6489,27,33,57
2026-04-17T03:49:08,video,15,30,0.0,euclidean,15,0.1,euclidean,25,,leaf,euclidean,42,5,0.3784,41,65,214
2026-04-17T03:49:08,video,15,30,0.0,euclidean,15,0.1,cosine,25,,leaf,euclidean,42,5,0.3784,41,65,214
2026-04-17T03:49:08,video,15,30,0.0,euclidean,15,0.1,euclidean,25,,leaf,cosine,42,5,0.3921,39,64,224
2026-04-17T03:49:08,video,15,30,0.0,euclidean,15,0.1,cosine,25,,leaf,cosine,42,5,0.3921,39,64,224
2026-04-17T03:49:20,video,15,30,0.0,correlation,15,0.1,euclidean,25,,leaf,euclidean,42,5,0.418,35,42,222
2026-04-17T03:49:20,video,15,30,0.0,correlation,15,0.1,cosine,25,,leaf,euclidean,42,5,0.418,35,42,222
2026-04-17T03:49:21,video,15,30,0.0,correlation,15,0.1,euclidean,25,,leaf,cosine,42,5,0.4563,37,51,214
2026-04-17T03:49:21,video,15,30,0.0,correlation,15,0.1,cosine,25,,leaf,cosine,42,5,0.4563,37,51,214
2026-04-17T03:49:33,video,15,30,0.05,cosine,15,0.1,cosine,10,,eom,euclidean,42,3,0.0109,17,17,690
2026-04-17T03:49:33,video,15,30,0.05,cosine,15,0.1,cosine,10,,eom,cosine,42,15,0.4399,15,20,53
2026-04-17T03:49:33,video,15,30,0.05,cosine,15,0.1,euclidean,10,,eom,cosine,42,15,0.4399,15,20,53
2026-04-17T03:49:33,video,15,30,0.05,cosine,15,0.1,euclidean,10,,eom,euclidean,42,3,0.0109,17,17,690
2026-04-17T03:49:46,video,15,30,0.05,euclidean,15,0.1,cosine,10,,eom,euclidean,42,2,0.0,16,366,716
2026-04-17T03:49:46,video,15,30,0.05,euclidean,15,0.1,euclidean,10,,eom,cosine,42,2,0.0,16,366,716
2026-04-17T03:49:46,video,15,30,0.05,euclidean,15,0.1,euclidean,10,,eom,euclidean,42,2,0.0,16,366,716
2026-04-17T03:49:46,video,15,30,0.05,euclidean,15,0.1,cosine,10,,eom,cosine,42,2,0.0,16,366,716
2026-04-17T03:49:58,video,15,30,0.05,correlation,15,0.1,euclidean,10,,eom,euclidean,42,3,0.0123,16,17,690
2026-04-17T03:49:58,video,15,30,0.05,correlation,15,0.1,cosine,10,,eom,euclidean,42,3,0.0123,16,17,690
2026-04-17T03:49:58,video,15,30,0.05,correlation,15,0.1,cosine,10,,eom,cosine,42,12,0.3675,13,18,201
2026-04-17T03:49:58,video,15,30,0.05,correlation,15,0.1,euclidean,10,,eom,cosine,42,12,0.3675,13,18,201
2026-04-17T03:50:11,video,15,30,0.05,cosine,15,0.1,euclidean,10,,leaf,euclidean,42,18,0.4522,10,18,58
2026-04-17T03:50:11,video,15,30,0.05,cosine,15,0.1,cosine,10,,leaf,euclidean,42,18,0.4522,10,18,58
2026-04-17T03:50:11,video,15,30,0.05,cosine,15,0.1,euclidean,10,,leaf,cosine,42,16,0.4549,12,20,53
2026-04-17T03:50:11,video,15,30,0.05,cosine,15,0.1,cosine,10,,leaf,cosine,42,16,0.4549,12,20,53
2026-04-17T03:50:22,video,15,30,0.05,euclidean,15,0.1,euclidean,10,,leaf,euclidean,42,17,0.5751,10,16,46
2026-04-17T03:50:23,video,15,30,0.05,euclidean,15,0.1,euclidean,10,,leaf,cosine,42,17,0.5847,11,16,40
2026-04-17T03:50:23,video,15,30,0.05,euclidean,15,0.1,cosine,10,,leaf,euclidean,42,17,0.5751,10,16,46
2026-04-17T03:50:23,video,15,30,0.05,euclidean,15,0.1,cosine,10,,leaf,cosine,42,17,0.5847,11,16,40
2026-04-17T03:50:36,video,15,30,0.05,correlation,15,0.1,euclidean,10,,leaf,euclidean,42,16,0.5328,11,18,37
2026-04-17T03:50:36,video,15,30,0.05,correlation,15,0.1,euclidean,10,,leaf,cosine,42,16,0.5109,11,17,63
2026-04-17T03:50:36,video,15,30,0.05,correlation,15,0.1,cosine,10,,leaf,euclidean,42,16,0.5328,11,18,37
2026-04-17T03:50:36,video,15,30,0.05,correlation,15,0.1,cosine,10,,leaf,cosine,42,16,0.5109,11,17,63
2026-04-17T03:50:49,video,15,30,0.05,cosine,15,0.1,cosine,15,,eom,euclidean,42,5,0.1489,16,50,328
2026-04-17T03:50:49,video,15,30,0.05,cosine,15,0.1,cosine,15,,eom,cosine,42,5,0.1216,16,50,336
2026-04-17T03:50:49,video,15,30,0.05,cosine,15,0.1,euclidean,15,,eom,euclidean,42,5,0.1489,16,50,328
2026-04-17T03:50:49,video,15,30,0.05,cosine,15,0.1,euclidean,15,,eom,cosine,42,5,0.1216,16,50,336
2026-04-17T03:51:00,video,15,30,0.05,euclidean,15,0.1,euclidean,15,,eom,euclidean,42,2,0.0,16,366,716
2026-04-17T03:51:00,video,15,30,0.05,euclidean,15,0.1,euclidean,15,,eom,cosine,42,2,0.0,16,366,716
2026-04-17T03:51:01,video,15,30,0.05,euclidean,15,0.1,cosine,15,,eom,cosine,42,2,0.0,16,366,716
2026-04-17T03:51:01,video,15,30,0.05,euclidean,15,0.1,cosine,15,,eom,euclidean,42,2,0.0,16,366,716
2026-04-17T03:51:14,video,15,30,0.05,correlation,15,0.1,cosine,15,,eom,cosine,42,8,0.2391,16,24,234
2026-04-17T03:51:14,video,15,30,0.05,correlation,15,0.1,cosine,15,,eom,euclidean,42,8,0.2705,16,39,231
2026-04-17T03:51:14,video,15,30,0.05,correlation,15,0.1,euclidean,15,,eom,euclidean,42,8,0.2705,16,39,231
2026-04-17T03:51:14,video,15,30,0.05,correlation,15,0.1,euclidean,15,,eom,cosine,42,8,0.2391,16,24,234
2026-04-17T03:51:26,video,15,30,0.05,cosine,15,0.1,cosine,15,,leaf,euclidean,42,14,0.5519,15,18,50
2026-04-17T03:51:26,video,15,30,0.05,cosine,15,0.1,cosine,15,,leaf,cosine,42,14,0.541,16,20,50
2026-04-17T03:51:26,video,15,30,0.05,cosine,15,0.1,euclidean,15,,leaf,euclidean,42,14,0.5519,15,18,50
2026-04-17T03:51:26,video,15,30,0.05,cosine,15,0.1,euclidean,15,,leaf,cosine,42,14,0.541,16,20,50
2026-04-17T03:51:39,video,15,30,0.05,euclidean,15,0.1,euclidean,15,,leaf,cosine,42,8,0.6134,16,30,65
2026-04-17T03:51:39,video,15,30,0.05,euclidean,15,0.1,euclidean,15,,leaf,euclidean,42,8,0.6175,16,30,62
2026-04-17T03:51:39,video,15,30,0.05,euclidean,15,0.1,cosine,15,,leaf,cosine,42,8,0.6134,16,30,65
2026-04-17T03:51:39,video,15,30,0.05,euclidean,15,0.1,cosine,15,,leaf,euclidean,42,8,0.6175,16,30,62
2026-04-17T03:51:52,video,15,30,0.05,correlation,15,0.1,euclidean,15,,leaf,euclidean,42,10,0.5792,16,28,77
2026-04-17T03:51:52,video,15,30,0.05,correlation,15,0.1,euclidean,15,,leaf,cosine,42,11,0.5943,16,22,59
2026-04-17T03:51:52,video,15,30,0.05,correlation,15,0.1,cosine,15,,leaf,euclidean,42,10,0.5792,16,28,77
2026-04-17T03:51:52,video,15,30,0.05,correlation,15,0.1,cosine,15,,leaf,cosine,42,11,0.5943,16,22,59
2026-04-17T03:52:05,video,15,30,0.05,cosine,15,0.1,euclidean,25,,eom,euclidean,42,3,0.2131,44,205,327
2026-04-17T03:52:05,video,15,30,0.05,cosine,15,0.1,euclidean,25,,eom,cosine,42,3,0.2186,44,210,318
2026-04-17T03:52:05,video,15,30,0.05,cosine,15,0.1,cosine,25,,eom,cosine,42,3,0.2186,44,210,318
2026-04-17T03:52:05,video,15,30,0.05,cosine,15,0.1,cosine,25,,eom,euclidean,42,3,0.2131,44,205,327
2026-04-17T03:52:16,video,15,30,0.05,euclidean,15,0.1,euclidean,25,,eom,euclidean,42,3,0.2814,34,207,285
2026-04-17T03:52:16,video,15,30,0.05,euclidean,15,0.1,euclidean,25,,eom,cosine,42,3,0.2964,35,210,270
2026-04-17T03:52:16,video,15,30,0.05,euclidean,15,0.1,cosine,25,,eom,euclidean,42,3,0.2814,34,207,285
2026-04-17T03:52:16,video,15,30,0.05,euclidean,15,0.1,cosine,25,,eom,cosine,42,3,0.2964,35,210,270
2026-04-17T03:52:29,video,15,30,0.05,correlation,15,0.1,euclidean,25,,eom,euclidean,42,3,0.2336,39,212,310
2026-04-17T03:52:29,video,15,30,0.05,correlation,15,0.1,cosine,25,,eom,euclidean,42,3,0.2336,39,212,310
2026-04-17T03:52:29,video,15,30,0.05,correlation,15,0.1,cosine,25,,eom,cosine,42,3,0.224,37,209,322
2026-04-17T03:52:30,video,15,30,0.05,correlation,15,0.1,euclidean,25,,eom,cosine,42,3,0.224,37,209,322
2026-04-17T03:52:42,video,15,30,0.05,cosine,15,0.1,euclidean,25,,leaf,euclidean,42,5,0.4454,36,49,205
2026-04-17T03:52:42,video,15,30,0.05,cosine,15,0.1,euclidean,25,,leaf,cosine,42,5,0.4522,41,44,210
2026-04-17T03:52:42,video,15,30,0.05,cosine,15,0.1,cosine,25,,leaf,cosine,42,5,0.4522,41,44,210
2026-04-17T03:52:42,video,15,30,0.05,cosine,15,0.1,cosine,25,,leaf,euclidean,42,5,0.4454,36,49,205
2026-04-17T03:52:54,video,15,30,0.05,euclidean,15,0.1,euclidean,25,,leaf,cosine,42,5,0.5,35,37,210
2026-04-17T03:52:54,video,15,30,0.05,euclidean,15,0.1,euclidean,25,,leaf,euclidean,42,5,0.4986,34,43,207
2026-04-17T03:52:54,video,15,30,0.05,euclidean,15,0.1,cosine,25,,leaf,euclidean,42,5,0.4986,34,43,207
2026-04-17T03:52:54,video,15,30,0.05,euclidean,15,0.1,cosine,25,,leaf,cosine,42,5,0.5,35,37,210
2026-04-17T03:53:07,video,15,30,0.05,correlation,15,0.1,euclidean,25,,leaf,euclidean,42,5,0.4781,26,39,212
2026-04-17T03:53:07,video,15,30,0.05,correlation,15,0.1,euclidean,25,,leaf,cosine,42,5,0.4727,26,37,209
2026-04-17T03:53:07,video,15,30,0.05,correlation,15,0.1,cosine,25,,leaf,euclidean,42,5,0.4781,26,39,212
2026-04-17T03:53:07,video,15,30,0.05,correlation,15,0.1,cosine,25,,leaf,cosine,42,5,0.4727,26,37,209
2026-04-17T03:53:18,video,20,10,0.0,cosine,15,0.1,cosine,10,,eom,euclidean,42,15,0.1708,10,19,195
2026-04-17T03:53:19,video,20,10,0.0,cosine,15,0.1,cosine,10,,eom,cosine,42,18,0.2637,10,20,83
2026-04-17T03:53:19,video,20,10,0.0,cosine,15,0.1,euclidean,10,,eom,euclidean,42,15,0.1708,10,19,195
2026-04-17T03:53:19,video,20,10,0.0,cosine,15,0.1,euclidean,10,,eom,cosine,42,18,0.2637,10,20,83
2026-04-17T03:53:31,video,20,10,0.0,euclidean,15,0.1,cosine,10,,eom,euclidean,42,5,0.0178,14,16,659
2026-04-17T03:53:31,video,20,10,0.0,euclidean,15,0.1,euclidean,10,,eom,euclidean,42,5,0.0178,14,16,659
2026-04-17T03:53:31,video,20,10,0.0,euclidean,15,0.1,euclidean,10,,eom,cosine,42,16,0.2678,10,16,210
2026-04-17T03:53:31,video,20,10,0.0,euclidean,15,0.1,cosine,10,,eom,cosine,42,16,0.2678,10,16,210
2026-04-17T03:53:44,video,20,10,0.0,correlation,15,0.1,euclidean,10,,eom,euclidean,42,13,0.1708,13,25,208
2026-04-17T03:53:44,video,20,10,0.0,correlation,15,0.1,cosine,10,,eom,cosine,42,17,0.3087,13,22,79
2026-04-17T03:53:44,video,20,10,0.0,correlation,15,0.1,cosine,10,,eom,euclidean,42,13,0.1708,13,25,208
2026-04-17T03:53:44,video,20,10,0.0,correlation,15,0.1,euclidean,10,,eom,cosine,42,17,0.3087,13,22,79
2026-04-17T03:53:55,video,20,10,0.0,cosine,15,0.1,cosine,10,,leaf,euclidean,42,20,0.3415,10,18,62
2026-04-17T03:53:55,video,20,10,0.0,cosine,15,0.1,euclidean,10,,leaf,euclidean,42,20,0.3415,10,18,62
2026-04-17T03:53:55,video,20,10,0.0,cosine,15,0.1,euclidean,10,,leaf,cosine,42,19,0.2883,10,19,83
2026-04-17T03:53:56,video,20,10,0.0,cosine,15,0.1,cosine,10,,leaf,cosine,42,19,0.2883,10,19,83
2026-04-17T03:54:08,video,20,10,0.0,euclidean,15,0.1,euclidean,10,,leaf,cosine,42,21,0.4522,10,16,63
2026-04-17T03:54:08,video,20,10,0.0,euclidean,15,0.1,euclidean,10,,leaf,euclidean,42,21,0.459,10,16,63
2026-04-17T03:54:08,video,20,10,0.0,euclidean,15,0.1,cosine,10,,leaf,euclidean,42,21,0.459,10,16,63
2026-04-17T03:54:08,video,20,10,0.0,euclidean,15,0.1,cosine,10,,leaf,cosine,42,21,0.4522,10,16,63
2026-04-17T03:54:20,video,20,10,0.0,correlation,15,0.1,cosine,10,,leaf,cosine,42,19,0.3921,11,18,57
2026-04-17T03:54:20,video,20,10,0.0,correlation,15,0.1,cosine,10,,leaf,euclidean,42,18,0.3197,10,22,75
2026-04-17T03:54:20,video,20,10,0.0,correlation,15,0.1,euclidean,10,,leaf,euclidean,42,18,0.3197,10,22,75
2026-04-17T03:54:20,video,20,10,0.0,correlation,15,0.1,euclidean,10,,leaf,cosine,42,19,0.3921,11,18,57
2026-04-17T03:54:32,video,20,10,0.0,cosine,15,0.1,euclidean,15,,eom,euclidean,42,10,0.2022,16,33,214
2026-04-17T03:54:32,video,20,10,0.0,cosine,15,0.1,euclidean,15,,eom,cosine,42,10,0.2254,16,33,199
2026-04-17T03:54:32,video,20,10,0.0,cosine,15,0.1,cosine,15,,eom,euclidean,42,10,0.2022,16,33,214
2026-04-17T03:54:32,video,20,10,0.0,cosine,15,0.1,cosine,15,,eom,cosine,42,10,0.2254,16,33,199
2026-04-17T03:54:44,video,20,10,0.0,euclidean,15,0.1,euclidean,15,,eom,euclidean,42,3,0.0,16,16,700
2026-04-17T03:54:44,video,20,10,0.0,euclidean,15,0.1,cosine,15,,eom,euclidean,42,3,0.0,16,16,700
2026-04-17T03:54:44,video,20,10,0.0,euclidean,15,0.1,euclidean,15,,eom,cosine,42,3,0.0,16,16,700
2026-04-17T03:54:45,video,20,10,0.0,euclidean,15,0.1,cosine,15,,eom,cosine,42,3,0.0,16,16,700
2026-04-17T03:54:56,video,20,10,0.0,correlation,15,0.1,euclidean,15,,eom,euclidean,42,11,0.2445,16,27,205
2026-04-17T03:54:56,video,20,10,0.0,correlation,15,0.1,cosine,15,,eom,euclidean,42,11,0.2445,16,27,205
2026-04-17T03:54:57,video,20,10,0.0,correlation,15,0.1,euclidean,15,,eom,cosine,42,10,0.1844,16,32,209
2026-04-17T03:54:57,video,20,10,0.0,correlation,15,0.1,cosine,15,,eom,cosine,42,10,0.1844,16,32,209
2026-04-17T03:55:09,video,20,10,0.0,cosine,15,0.1,cosine,15,,leaf,euclidean,42,12,0.3784,16,22,95
2026-04-17T03:55:09,video,20,10,0.0,cosine,15,0.1,euclidean,15,,leaf,euclidean,42,12,0.3784,16,22,95
2026-04-17T03:55:09,video,20,10,0.0,cosine,15,0.1,euclidean,15,,leaf,cosine,42,12,0.3839,16,23,95
2026-04-17T03:55:09,video,20,10,0.0,cosine,15,0.1,cosine,15,,leaf,cosine,42,12,0.3839,16,23,95
2026-04-17T03:55:20,video,20,10,0.0,euclidean,15,0.1,euclidean,15,,leaf,euclidean,42,10,0.4699,16,26,99
2026-04-17T03:55:20,video,20,10,0.0,euclidean,15,0.1,euclidean,15,,leaf,cosine,42,10,0.4645,16,30,92
2026-04-17T03:55:20,video,20,10,0.0,euclidean,15,0.1,cosine,15,,leaf,euclidean,42,10,0.4699,16,26,99
2026-04-17T03:55:20,video,20,10,0.0,euclidean,15,0.1,cosine,15,,leaf,cosine,42,10,0.4645,16,30,92
2026-04-17T03:55:33,video,20,10,0.0,correlation,15,0.1,euclidean,15,,leaf,euclidean,42,13,0.4057,16,24,76
2026-04-17T03:55:33,video,20,10,0.0,correlation,15,0.1,euclidean,15,,leaf,cosine,42,12,0.3429,16,26,114
2026-04-17T03:55:33,video,20,10,0.0,correlation,15,0.1,cosine,15,,leaf,cosine,42,12,0.3429,16,26,114
2026-04-17T03:55:34,video,20,10,0.0,correlation,15,0.1,cosine,15,,leaf,euclidean,42,13,0.4057,16,24,76
2026-04-17T03:55:46,video,20,10,0.0,cosine,15,0.1,euclidean,25,,eom,euclidean,42,6,0.3566,35,61,184
2026-04-17T03:55:46,video,20,10,0.0,cosine,15,0.1,cosine,25,,eom,euclidean,42,6,0.3566,35,61,184
2026-04-17T03:55:46,video,20,10,0.0,cosine,15,0.1,euclidean,25,,eom,cosine,42,6,0.3825,36,59,184
2026-04-17T03:55:46,video,20,10,0.0,cosine,15,0.1,cosine,25,,eom,cosine,42,6,0.3825,36,59,184
2026-04-17T03:55:57,video,20,10,0.0,euclidean,15,0.1,cosine,25,,eom,euclidean,42,3,0.1995,39,227,320
2026-04-17T03:55:57,video,20,10,0.0,euclidean,15,0.1,euclidean,25,,eom,euclidean,42,3,0.1995,39,227,320
2026-04-17T03:55:57,video,20,10,0.0,euclidean,15,0.1,euclidean,25,,eom,cosine,42,3,0.2459,39,223,290
2026-04-17T03:55:57,video,20,10,0.0,euclidean,15,0.1,cosine,25,,eom,cosine,42,3,0.2459,39,223,290
2026-04-17T03:56:10,video,20,10,0.0,correlation,15,0.1,euclidean,25,,eom,euclidean,42,4,0.3183,37,121,220
2026-04-17T03:56:10,video,20,10,0.0,correlation,15,0.1,cosine,25,,eom,euclidean,42,4,0.3183,37,121,220
2026-04-17T03:56:10,video,20,10,0.0,correlation,15,0.1,euclidean,25,,eom,cosine,42,5,0.3716,35,76,206
2026-04-17T03:56:11,video,20,10,0.0,correlation,15,0.1,cosine,25,,eom,cosine,42,5,0.3716,35,76,206
2026-04-17T03:56:22,video,20,10,0.0,cosine,15,0.1,euclidean,25,,leaf,euclidean,42,7,0.4986,35,40,90
2026-04-17T03:56:22,video,20,10,0.0,cosine,15,0.1,cosine,25,,leaf,euclidean,42,7,0.4986,35,40,90
2026-04-17T03:56:22,video,20,10,0.0,cosine,15,0.1,cosine,25,,leaf,cosine,42,7,0.5219,36,43,74
2026-04-17T03:56:22,video,20,10,0.0,cosine,15,0.1,euclidean,25,,leaf,cosine,42,7,0.5219,36,43,74
2026-04-17T03:56:34,video,20,10,0.0,euclidean,15,0.1,euclidean,25,,leaf,euclidean,42,5,0.3852,39,61,227
2026-04-17T03:56:34,video,20,10,0.0,euclidean,15,0.1,cosine,25,,leaf,euclidean,42,5,0.3852,39,61,227
2026-04-17T03:56:34,video,20,10,0.0,euclidean,15,0.1,euclidean,25,,leaf,cosine,42,5,0.3934,39,61,223
2026-04-17T03:56:35,video,20,10,0.0,euclidean,15,0.1,cosine,25,,leaf,cosine,42,5,0.3934,39,61,223
2026-04-17T03:56:47,video,20,10,0.0,correlation,15,0.1,cosine,25,,leaf,euclidean,42,6,0.5669,33,41,92
2026-04-17T03:56:47,video,20,10,0.0,correlation,15,0.1,euclidean,25,,leaf,euclidean,42,6,0.5669,33,41,92
2026-04-17T03:56:48,video,20,10,0.0,correlation,15,0.1,cosine,25,,leaf,cosine,42,6,0.5601,31,39,101
2026-04-17T03:56:48,video,20,10,0.0,correlation,15,0.1,euclidean,25,,leaf,cosine,42,6,0.5601,31,39,101
2026-04-17T03:56:59,video,20,10,0.05,cosine,15,0.1,euclidean,10,,eom,euclidean,42,4,0.0,14,16,685
2026-04-17T03:56:59,video,20,10,0.05,cosine,15,0.1,cosine,10,,eom,euclidean,42,4,0.0,14,16,685
2026-04-17T03:56:59,video,20,10,0.05,cosine,15,0.1,euclidean,10,,eom,cosine,42,17,0.3142,13,20,73
2026-04-17T03:56:59,video,20,10,0.05,cosine,15,0.1,cosine,10,,eom,cosine,42,17,0.3142,13,20,73
2026-04-17T03:57:11,video,20,10,0.05,euclidean,15,0.1,euclidean,10,,eom,euclidean,42,4,0.0082,14,16,680
2026-04-17T03:57:11,video,20,10,0.05,euclidean,15,0.1,cosine,10,,eom,euclidean,42,4,0.0082,14,16,680
2026-04-17T03:57:11,video,20,10,0.05,euclidean,15,0.1,euclidean,10,,eom,cosine,42,4,0.0082,14,16,680
2026-04-17T03:57:11,video,20,10,0.05,euclidean,15,0.1,cosine,10,,eom,cosine,42,4,0.0082,14,16,680
2026-04-17T03:57:24,video,20,10,0.05,correlation,15,0.1,euclidean,10,,eom,euclidean,42,14,0.2049,13,20,197
2026-04-17T03:57:24,video,20,10,0.05,correlation,15,0.1,cosine,10,,eom,euclidean,42,14,0.2049,13,20,197
2026-04-17T03:57:23,video,20,10,0.05,correlation,15,0.1,euclidean,10,,eom,cosine,42,14,0.2309,10,19,193
2026-04-17T03:57:23,video,20,10,0.05,correlation,15,0.1,cosine,10,,eom,cosine,42,14,0.2309,10,19,193
2026-04-17T03:57:36,video,20,10,0.05,cosine,15,0.1,euclidean,10,,leaf,euclidean,42,19,0.3743,12,20,57
2026-04-17T03:57:36,video,20,10,0.05,cosine,15,0.1,cosine,10,,leaf,euclidean,42,19,0.3743,12,20,57
2026-04-17T03:57:36,video,20,10,0.05,cosine,15,0.1,cosine,10,,leaf,cosine,42,19,0.3757,10,19,58
2026-04-17T03:57:36,video,20,10,0.05,cosine,15,0.1,euclidean,10,,leaf,cosine,42,19,0.3757,10,19,58
2026-04-17T03:57:48,video,20,10,0.05,euclidean,15,0.1,euclidean,10,,leaf,euclidean,42,21,0.4754,10,15,60
2026-04-17T03:57:48,video,20,10,0.05,euclidean,15,0.1,euclidean,10,,leaf,cosine,42,21,0.4768,10,14,62
2026-04-17T03:57:48,video,20,10,0.05,euclidean,15,0.1,cosine,10,,leaf,euclidean,42,21,0.4754,10,15,60
2026-04-17T03:57:49,video,20,10,0.05,euclidean,15,0.1,cosine,10,,leaf,cosine,42,21,0.4768,10,14,62
2026-04-17T03:58:00,video,20,10,0.05,correlation,15,0.1,euclidean,10,,leaf,euclidean,42,19,0.3497,10,18,72
2026-04-17T03:58:00,video,20,10,0.05,correlation,15,0.1,euclidean,10,,leaf,cosine,42,19,0.3552,10,18,72
2026-04-17T03:58:00,video,20,10,0.05,correlation,15,0.1,cosine,10,,leaf,euclidean,42,19,0.3497,10,18,72
2026-04-17T03:58:00,video,20,10,0.05,correlation,15,0.1,cosine,10,,leaf,cosine,42,19,0.3552,10,18,72
2026-04-17T03:58:13,video,20,10,0.05,cosine,15,0.1,euclidean,15,,eom,euclidean,42,3,0.0191,16,17,685
2026-04-17T03:58:13,video,20,10,0.05,cosine,15,0.1,cosine,15,,eom,euclidean,42,3,0.0191,16,17,685
2026-04-17T03:58:13,video,20,10,0.05,cosine,15,0.1,euclidean,15,,eom,cosine,42,3,0.0191,16,17,685
2026-04-17T03:58:13,video,20,10,0.05,cosine,15,0.1,cosine,15,,eom,cosine,42,3,0.0191,16,17,685
2026-04-17T03:58:25,video,20,10,0.05,euclidean,15,0.1,euclidean,15,,eom,euclidean,42,3,0.0,16,16,700
2026-04-17T03:58:25,video,20,10,0.05,euclidean,15,0.1,euclidean,15,,eom,cosine,42,3,0.0,16,16,700
2026-04-17T03:58:25,video,20,10,0.05,euclidean,15,0.1,cosine,15,,eom,euclidean,42,3,0.0,16,16,700
2026-04-17T03:58:25,video,20,10,0.05,euclidean,15,0.1,cosine,15,,eom,cosine,42,3,0.0,16,16,700
2026-04-17T03:58:37,video,20,10,0.05,correlation,15,0.1,cosine,15,,eom,euclidean,42,3,0.0,16,17,699
2026-04-17T03:58:37,video,20,10,0.05,correlation,15,0.1,euclidean,15,,eom,cosine,42,10,0.2732,16,29,202
2026-04-17T03:58:37,video,20,10,0.05,correlation,15,0.1,euclidean,15,,eom,euclidean,42,3,0.0,16,17,699
2026-04-17T03:58:37,video,20,10,0.05,correlation,15,0.1,cosine,15,,eom,cosine,42,10,0.2732,16,29,202
2026-04-17T03:58:49,video,20,10,0.05,cosine,15,0.1,euclidean,15,,leaf,euclidean,42,12,0.4795,15,23,69
2026-04-17T03:58:50,video,20,10,0.05,cosine,15,0.1,cosine,15,,leaf,euclidean,42,12,0.4795,15,23,69
2026-04-17T03:58:50,video,20,10,0.05,cosine,15,0.1,euclidean,15,,leaf,cosine,42,11,0.459,16,24,77
2026-04-17T03:58:50,video,20,10,0.05,cosine,15,0.1,cosine,15,,leaf,cosine,42,11,0.459,16,24,77
2026-04-17T03:59:01,video,20,10,0.05,euclidean,15,0.1,euclidean,15,,leaf,cosine,42,9,0.4699,16,48,85
2026-04-17T03:59:01,video,20,10,0.05,euclidean,15,0.1,euclidean,15,,leaf,euclidean,42,9,0.3279,16,22,202
2026-04-17T03:59:01,video,20,10,0.05,euclidean,15,0.1,cosine,15,,leaf,euclidean,42,9,0.3279,16,22,202
2026-04-17T03:59:01,video,20,10,0.05,euclidean,15,0.1,cosine,15,,leaf,cosine,42,9,0.4699,16,48,85
2026-04-17T03:59:14,video,20,10,0.05,correlation,15,0.1,euclidean,15,,leaf,euclidean,42,13,0.4686,16,19,61
2026-04-17T03:59:14,video,20,10,0.05,correlation,15,0.1,euclidean,15,,leaf,cosine,42,12,0.4317,16,23,90
2026-04-17T03:59:14,video,20,10,0.05,correlation,15,0.1,cosine,15,,leaf,euclidean,42,13,0.4686,16,19,61
2026-04-17T03:59:14,video,20,10,0.05,correlation,15,0.1,cosine,15,,leaf,cosine,42,12,0.4317,16,23,90
2026-04-17T03:59:26,video,20,10,0.05,cosine,15,0.1,euclidean,25,,eom,cosine,42,4,0.3661,38,110,205
2026-04-17T03:59:27,video,20,10,0.05,cosine,15,0.1,euclidean,25,,eom,euclidean,42,2,0.2022,45,292,539
2026-04-17T03:59:27,video,20,10,0.05,cosine,15,0.1,cosine,25,,eom,euclidean,42,2,0.2022,45,292,539
2026-04-17T03:59:27,video,20,10,0.05,cosine,15,0.1,cosine,25,,eom,cosine,42,4,0.3661,38,110,205
2026-04-17T03:59:38,video,20,10,0.05,euclidean,15,0.1,euclidean,25,,eom,euclidean,42,3,0.2527,35,220,292
2026-04-17T03:59:38,video,20,10,0.05,euclidean,15,0.1,euclidean,25,,eom,cosine,42,3,0.2678,36,215,285
2026-04-17T03:59:38,video,20,10,0.05,euclidean,15,0.1,cosine,25,,eom,euclidean,42,3,0.2527,35,220,292
2026-04-17T03:59:38,video,20,10,0.05,euclidean,15,0.1,cosine,25,,eom,cosine,42,3,0.2678,36,215,285
2026-04-17T03:59:51,video,20,10,0.05,correlation,15,0.1,cosine,25,,eom,euclidean,42,4,0.3306,36,115,223
2026-04-17T03:59:51,video,20,10,0.05,correlation,15,0.1,cosine,25,,eom,cosine,42,4,0.3306,37,114,225
2026-04-17T03:59:51,video,20,10,0.05,correlation,15,0.1,euclidean,25,,eom,cosine,42,4,0.3306,37,114,225
2026-04-17T03:59:51,video,20,10,0.05,correlation,15,0.1,euclidean,25,,eom,euclidean,42,4,0.3306,36,115,223
2026-04-17T04:00:02,video,20,10,0.05,cosine,15,0.1,cosine,25,,leaf,euclidean,42,5,0.4863,37,55,179
2026-04-17T04:00:02,video,20,10,0.05,cosine,15,0.1,euclidean,25,,leaf,euclidean,42,5,0.4863,37,55,179
2026-04-17T04:00:03,video,20,10,0.05,cosine,15,0.1,euclidean,25,,leaf,cosine,42,5,0.459,38,63,179
2026-04-17T04:00:03,video,20,10,0.05,cosine,15,0.1,cosine,25,,leaf,cosine,42,5,0.459,38,63,179
2026-04-17T04:00:14,video,20,10,0.05,euclidean,15,0.1,cosine,25,,leaf,euclidean,42,5,0.4563,34,50,220
2026-04-17T04:00:15,video,20,10,0.05,euclidean,15,0.1,euclidean,25,,leaf,euclidean,42,5,0.4563,34,50,220
2026-04-17T04:00:15,video,20,10,0.05,euclidean,15,0.1,euclidean,25,,leaf,cosine,42,5,0.444,36,52,215
2026-04-17T04:00:15,video,20,10,0.05,euclidean,15,0.1,cosine,25,,leaf,cosine,42,5,0.444,36,52,215
2026-04-17T04:00:28,video,20,10,0.05,correlation,15,0.1,euclidean,25,,leaf,euclidean,42,6,0.6038,27,39,85
2026-04-17T04:00:28,video,20,10,0.05,correlation,15,0.1,cosine,25,,leaf,euclidean,42,6,0.6038,27,39,85
2026-04-17T04:00:28,video,20,10,0.05,correlation,15,0.1,cosine,25,,leaf,cosine,42,6,0.6148,28,37,80
2026-04-17T04:00:28,video,20,10,0.05,correlation,15,0.1,euclidean,25,,leaf,cosine,42,6,0.6148,28,37,80
2026-04-17T04:00:39,video,20,15,0.0,cosine,15,0.1,euclidean,10,,eom,cosine,42,17,0.3538,11,24,71
2026-04-17T04:00:39,video,20,15,0.0,cosine,15,0.1,cosine,10,,eom,cosine,42,17,0.3538,11,24,71
2026-04-17T04:00:39,video,20,15,0.0,cosine,15,0.1,euclidean,10,,eom,euclidean,42,14,0.2432,11,18,213
2026-04-17T04:00:40,video,20,15,0.0,cosine,15,0.1,cosine,10,,eom,euclidean,42,14,0.2432,11,18,213
2026-04-17T04:00:52,video,20,15,0.0,euclidean,15,0.1,euclidean,10,,eom,euclidean,42,13,0.2213,11,16,225
2026-04-17T04:00:52,video,20,15,0.0,euclidean,15,0.1,euclidean,10,,eom,cosine,42,12,0.2295,13,20,226
2026-04-17T04:00:52,video,20,15,0.0,euclidean,15,0.1,cosine,10,,eom,euclidean,42,13,0.2213,11,16,225
2026-04-17T04:00:52,video,20,15,0.0,euclidean,15,0.1,cosine,10,,eom,cosine,42,12,0.2295,13,20,226
2026-04-17T04:01:04,video,20,15,0.0,correlation,15,0.1,cosine,10,,eom,euclidean,42,6,0.0355,16,44,372
2026-04-17T04:01:04,video,20,15,0.0,correlation,15,0.1,cosine,10,,eom,cosine,42,15,0.2842,10,19,211
2026-04-17T04:01:04,video,20,15,0.0,correlation,15,0.1,euclidean,10,,eom,euclidean,42,6,0.0355,16,44,372
2026-04-17T04:01:04,video,20,15,0.0,correlation,15,0.1,euclidean,10,,eom,cosine,42,15,0.2842,10,19,211
2026-04-17T04:01:17,video,20,15,0.0,cosine,15,0.1,euclidean,10,,leaf,cosine,42,17,0.3538,11,24,71
2026-04-17T04:01:17,video,20,15,0.0,cosine,15,0.1,cosine,10,,leaf,euclidean,42,19,0.3689,10,18,68
2026-04-17T04:01:17,video,20,15,0.0,cosine,15,0.1,euclidean,10,,leaf,euclidean,42,19,0.3689,10,18,68
2026-04-17T04:01:17,video,20,15,0.0,cosine,15,0.1,cosine,10,,leaf,cosine,42,17,0.3538,11,24,71
2026-04-17T04:01:29,video,20,15,0.0,euclidean,15,0.1,euclidean,10,,leaf,euclidean,42,19,0.5287,11,16,41
2026-04-17T04:01:29,video,20,15,0.0,euclidean,15,0.1,cosine,10,,leaf,euclidean,42,19,0.5287,11,16,41
2026-04-17T04:01:29,video,20,15,0.0,euclidean,15,0.1,euclidean,10,,leaf,cosine,42,18,0.5533,13,16,30
2026-04-17T04:01:29,video,20,15,0.0,euclidean,15,0.1,cosine,10,,leaf,cosine,42,18,0.5533,13,16,30
2026-04-17T04:01:41,video,20,15,0.0,correlation,15,0.1,euclidean,10,,leaf,cosine,42,18,0.4112,10,21,45
2026-04-17T04:01:41,video,20,15,0.0,correlation,15,0.1,euclidean,10,,leaf,euclidean,42,18,0.4003,11,21,45
2026-04-17T04:01:41,video,20,15,0.0,correlation,15,0.1,cosine,10,,leaf,euclidean,42,18,0.4003,11,21,45
2026-04-17T04:01:41,video,20,15,0.0,correlation,15,0.1,cosine,10,,leaf,cosine,42,18,0.4112,10,21,45
2026-04-17T04:01:54,video,20,15,0.0,cosine,15,0.1,euclidean,15,,eom,euclidean,42,3,0.0,16,17,699
2026-04-17T04:01:54,video,20,15,0.0,cosine,15,0.1,cosine,15,,eom,cosine,42,9,0.2855,16,41,229
2026-04-17T04:01:54,video,20,15,0.0,cosine,15,0.1,cosine,15,,eom,euclidean,42,3,0.0,16,17,699
2026-04-17T04:01:54,video,20,15,0.0,cosine,15,0.1,euclidean,15,,eom,cosine,42,9,0.2855,16,41,229
2026-04-17T04:02:06,video,20,15,0.0,euclidean,15,0.1,euclidean,15,,eom,euclidean,42,3,0.0178,16,16,687
2026-04-17T04:02:06,video,20,15,0.0,euclidean,15,0.1,euclidean,15,,eom,cosine,42,5,0.1489,16,48,313
2026-04-17T04:02:06,video,20,15,0.0,euclidean,15,0.1,cosine,15,,eom,euclidean,42,3,0.0178,16,16,687
2026-04-17T04:02:06,video,20,15,0.0,euclidean,15,0.1,cosine,15,,eom,cosine,42,5,0.1489,16,48,313
2026-04-17T04:02:19,video,20,15,0.0,correlation,15,0.1,euclidean,15,,eom,euclidean,42,6,0.0874,16,35,357
2026-04-17T04:02:19,video,20,15,0.0,correlation,15,0.1,cosine,15,,eom,euclidean,42,6,0.0874,16,35,357
2026-04-17T04:02:19,video,20,15,0.0,correlation,15,0.1,euclidean,15,,eom,cosine,42,6,0.0806,16,37,360
2026-04-17T04:02:19,video,20,15,0.0,correlation,15,0.1,cosine,15,,eom,cosine,42,6,0.0806,16,37,360
2026-04-17T04:02:30,video,20,15,0.0,cosine,15,0.1,euclidean,15,,leaf,euclidean,42,13,0.4713,16,22,56
2026-04-17T04:02:30,video,20,15,0.0,cosine,15,0.1,cosine,15,,leaf,euclidean,42,13,0.4713,16,22,56
2026-04-17T04:02:30,video,20,15,0.0,cosine,15,0.1,cosine,15,,leaf,cosine,42,12,0.4426,16,31,66
2026-04-17T04:02:31,video,20,15,0.0,cosine,15,0.1,euclidean,15,,leaf,cosine,42,12,0.4426,16,31,66
2026-04-17T04:02:43,video,20,15,0.0,euclidean,15,0.1,euclidean,15,,leaf,euclidean,42,10,0.4959,15,24,89
2026-04-17T04:02:43,video,20,15,0.0,euclidean,15,0.1,euclidean,15,,leaf,cosine,42,9,0.5164,16,27,86
2026-04-17T04:02:43,video,20,15,0.0,euclidean,15,0.1,cosine,15,,leaf,euclidean,42,10,0.4959,15,24,89
2026-04-17T04:02:43,video,20,15,0.0,euclidean,15,0.1,cosine,15,,leaf,cosine,42,9,0.5164,16,27,86
2026-04-17T04:02:55,video,20,15,0.0,correlation,15,0.1,euclidean,15,,leaf,euclidean,42,13,0.3648,16,23,74
2026-04-17T04:02:55,video,20,15,0.0,correlation,15,0.1,cosine,15,,leaf,cosine,42,13,0.362,16,22,74
2026-04-17T04:02:55,video,20,15,0.0,correlation,15,0.1,cosine,15,,leaf,euclidean,42,13,0.3648,16,23,74
2026-04-17T04:02:55,video,20,15,0.0,correlation,15,0.1,euclidean,15,,leaf,cosine,42,13,0.362,16,22,74
2026-04-17T04:03:08,video,20,15,0.0,cosine,15,0.1,euclidean,25,,eom,euclidean,42,3,0.2186,44,207,321
2026-04-17T04:03:08,video,20,15,0.0,cosine,15,0.1,cosine,25,,eom,euclidean,42,3,0.2186,44,207,321
2026-04-17T04:03:08,video,20,15,0.0,cosine,15,0.1,euclidean,25,,eom,cosine,42,3,0.1954,45,212,332
2026-04-17T04:03:08,video,20,15,0.0,cosine,15,0.1,cosine,25,,eom,cosine,42,3,0.1954,45,212,332
2026-04-17T04:03:20,video,20,15,0.0,euclidean,15,0.1,euclidean,25,,eom,euclidean,42,3,0.179,43,238,320
2026-04-17T04:03:20,video,20,15,0.0,euclidean,15,0.1,euclidean,25,,eom,cosine,42,3,0.2213,43,226,301
2026-04-17T04:03:20,video,20,15,0.0,euclidean,15,0.1,cosine,25,,eom,euclidean,42,3,0.179,43,238,320
2026-04-17T04:03:20,video,20,15,0.0,euclidean,15,0.1,cosine,25,,eom,cosine,42,3,0.2213,43,226,301
2026-04-17T04:03:32,video,20,15,0.0,correlation,15,0.1,euclidean,25,,eom,euclidean,42,3,0.153,47,222,351
2026-04-17T04:03:32,video,20,15,0.0,correlation,15,0.1,cosine,25,,eom,cosine,42,3,0.1475,47,222,355
2026-04-17T04:03:32,video,20,15,0.0,correlation,15,0.1,cosine,25,,eom,euclidean,42,3,0.153,47,222,351
2026-04-17T04:03:32,video,20,15,0.0,correlation,15,0.1,euclidean,25,,eom,cosine,42,3,0.1475,47,222,355
2026-04-17T04:03:45,video,20,15,0.0,cosine,15,0.1,euclidean,25,,leaf,cosine,42,7,0.5519,35,45,61
2026-04-17T04:03:45,video,20,15,0.0,cosine,15,0.1,euclidean,25,,leaf,euclidean,42,6,0.5546,36,50,87
2026-04-17T04:03:45,video,20,15,0.0,cosine,15,0.1,cosine,25,,leaf,euclidean,42,6,0.5546,36,50,87
2026-04-17T04:03:45,video,20,15,0.0,cosine,15,0.1,cosine,25,,leaf,cosine,42,7,0.5519,35,45,61
2026-04-17T04:03:56,video,20,15,0.0,euclidean,15,0.1,euclidean,25,,leaf,euclidean,42,5,0.347,43,62,238
2026-04-17T04:03:56,video,20,15,0.0,euclidean,15,0.1,euclidean,25,,leaf,cosine,42,5,0.3675,43,63,226
2026-04-17T04:03:56,video,20,15,0.0,euclidean,15,0.1,cosine,25,,leaf,euclidean,42,5,0.347,43,62,238
2026-04-17T04:03:56,video,20,15,0.0,euclidean,15,0.1,cosine,25,,leaf,cosine,42,5,0.3675,43,63,226
2026-04-17T04:04:09,video,20,15,0.0,correlation,15,0.1,euclidean,25,,leaf,euclidean,42,6,0.6066,32,48,61
2026-04-17T04:04:09,video,20,15,0.0,correlation,15,0.1,cosine,25,,leaf,cosine,42,6,0.597,35,48,62
2026-04-17T04:04:09,video,20,15,0.0,correlation,15,0.1,euclidean,25,,leaf,cosine,42,6,0.597,35,48,62
2026-04-17T04:04:10,video,20,15,0.0,correlation,15,0.1,cosine,25,,leaf,euclidean,42,6,0.6066,32,48,61
2026-04-17T04:04:22,video,20,15,0.05,cosine,15,0.1,cosine,10,,eom,euclidean,42,12,0.2719,15,25,213
2026-04-17T04:04:22,video,20,15,0.05,cosine,15,0.1,euclidean,10,,eom,euclidean,42,12,0.2719,15,25,213
2026-04-17T04:04:22,video,20,15,0.05,cosine,15,0.1,euclidean,10,,eom,cosine,42,12,0.2637,14,23,214
2026-04-17T04:04:22,video,20,15,0.05,cosine,15,0.1,cosine,10,,eom,cosine,42,12,0.2637,14,23,214
2026-04-17T04:04:33,video,20,15,0.05,euclidean,15,0.1,euclidean,10,,eom,euclidean,42,2,0.0,16,366,716
2026-04-17T04:04:33,video,20,15,0.05,euclidean,15,0.1,euclidean,10,,eom,cosine,42,14,0.2582,10,16,229
2026-04-17T04:04:33,video,20,15,0.05,euclidean,15,0.1,cosine,10,,eom,euclidean,42,2,0.0,16,366,716
2026-04-17T04:04:33,video,20,15,0.05,euclidean,15,0.1,cosine,10,,eom,cosine,42,14,0.2582,10,16,229
2026-04-17T04:04:46,video,20,15,0.05,correlation,15,0.1,euclidean,10,,eom,euclidean,42,6,0.0642,16,44,353
2026-04-17T04:04:46,video,20,15,0.05,correlation,15,0.1,cosine,10,,eom,euclidean,42,6,0.0642,16,44,353
2026-04-17T04:04:46,video,20,15,0.05,correlation,15,0.1,euclidean,10,,eom,cosine,42,14,0.3156,11,17,214
2026-04-17T04:04:47,video,20,15,0.05,correlation,15,0.1,cosine,10,,eom,cosine,42,14,0.3156,11,17,214
2026-04-17T04:04:58,video,20,15,0.05,cosine,15,0.1,euclidean,10,,leaf,euclidean,42,17,0.4085,11,24,52
2026-04-17T04:04:58,video,20,15,0.05,cosine,15,0.1,euclidean,10,,leaf,cosine,42,17,0.4016,11,20,61
2026-04-17T04:04:58,video,20,15,0.05,cosine,15,0.1,cosine,10,,leaf,euclidean,42,17,0.4085,11,24,52
2026-04-17T04:04:58,video,20,15,0.05,cosine,15,0.1,cosine,10,,leaf,cosine,42,17,0.4016,11,20,61
2026-04-17T04:05:10,video,20,15,0.05,euclidean,15,0.1,euclidean,10,,leaf,euclidean,42,17,0.5464,12,16,47
2026-04-17T04:05:11,video,20,15,0.05,euclidean,15,0.1,cosine,10,,leaf,euclidean,42,17,0.5464,12,16,47
2026-04-17T04:05:11,video,20,15,0.05,euclidean,15,0.1,cosine,10,,leaf,cosine,42,19,0.4877,10,16,56
2026-04-17T04:05:11,video,20,15,0.05,euclidean,15,0.1,euclidean,10,,leaf,cosine,42,19,0.4877,10,16,56
2026-04-17T04:05:23,video,20,15,0.05,correlation,15,0.1,cosine,10,,leaf,euclidean,42,17,0.4658,10,18,49
2026-04-17T04:05:24,video,20,15,0.05,correlation,15,0.1,euclidean,10,,leaf,euclidean,42,17,0.4658,10,18,49
2026-04-17T04:05:24,video,20,15,0.05,correlation,15,0.1,euclidean,10,,leaf,cosine,42,16,0.4686,11,21,48
2026-04-17T04:05:24,video,20,15,0.05,correlation,15,0.1,cosine,10,,leaf,cosine,42,16,0.4686,11,21,48
2026-04-17T04:05:35,video,20,15,0.05,cosine,15,0.1,cosine,15,,eom,euclidean,42,3,0.0273,16,17,679
2026-04-17T04:05:35,video,20,15,0.05,cosine,15,0.1,cosine,15,,eom,cosine,42,3,0.0273,16,17,679
2026-04-17T04:05:35,video,20,15,0.05,cosine,15,0.1,euclidean,15,,eom,euclidean,42,3,0.0273,16,17,679
2026-04-17T04:05:35,video,20,15,0.05,cosine,15,0.1,euclidean,15,,eom,cosine,42,3,0.0273,16,17,679
2026-04-17T04:05:47,video,20,15,0.05,euclidean,15,0.1,euclidean,15,,eom,euclidean,42,2,0.0,16,366,716
2026-04-17T04:05:47,video,20,15,0.05,euclidean,15,0.1,euclidean,15,,eom,cosine,42,8,0.306,16,44,230
2026-04-17T04:05:48,video,20,15,0.05,euclidean,15,0.1,cosine,15,,eom,euclidean,42,2,0.0,16,366,716
2026-04-17T04:05:48,video,20,15,0.05,euclidean,15,0.1,cosine,15,,eom,cosine,42,8,0.306,16,44,230
2026-04-17T04:05:59,video,20,15,0.05,correlation,15,0.1,euclidean,15,,eom,euclidean,42,6,0.1298,16,33,328
2026-04-17T04:06:00,video,20,15,0.05,correlation,15,0.1,cosine,15,,eom,euclidean,42,6,0.1298,16,33,328
2026-04-17T04:06:00,video,20,15,0.05,correlation,15,0.1,euclidean,15,,eom,cosine,42,6,0.1298,15,33,331
2026-04-17T04:06:00,video,20,15,0.05,correlation,15,0.1,cosine,15,,eom,cosine,42,6,0.1298,15,33,331
2026-04-17T04:06:12,video,20,15,0.05,cosine,15,0.1,euclidean,15,,leaf,cosine,42,11,0.4754,16,39,60
2026-04-17T04:06:12,video,20,15,0.05,cosine,15,0.1,cosine,15,,leaf,euclidean,42,11,0.4713,16,35,60
2026-04-17T04:06:12,video,20,15,0.05,cosine,15,0.1,euclidean,15,,leaf,euclidean,42,11,0.4713,16,35,60
2026-04-17T04:06:12,video,20,15,0.05,cosine,15,0.1,cosine,15,,leaf,cosine,42,11,0.4754,16,39,60
2026-04-17T04:06:24,video,20,15,0.05,euclidean,15,0.1,euclidean,15,,leaf,euclidean,42,9,0.5669,16,24,73
2026-04-17T04:06:25,video,20,15,0.05,euclidean,15,0.1,euclidean,15,,leaf,cosine,42,9,0.5505,16,26,80
2026-04-17T04:06:25,video,20,15,0.05,euclidean,15,0.1,cosine,15,,leaf,euclidean,42,9,0.5669,16,24,73
2026-04-17T04:06:25,video,20,15,0.05,euclidean,15,0.1,cosine,15,,leaf,cosine,42,9,0.5505,16,26,80
2026-04-17T04:06:37,video,20,15,0.05,correlation,15,0.1,cosine,15,,leaf,euclidean,42,12,0.4085,16,29,79
2026-04-17T04:06:37,video,20,15,0.05,correlation,15,0.1,euclidean,15,,leaf,euclidean,42,12,0.4085,16,29,79
2026-04-17T04:06:37,video,20,15,0.05,correlation,15,0.1,euclidean,15,,leaf,cosine,42,12,0.4057,15,29,85
2026-04-17T04:06:37,video,20,15,0.05,correlation,15,0.1,cosine,15,,leaf,cosine,42,12,0.4057,15,29,85
2026-04-17T04:06:49,video,20,15,0.05,cosine,15,0.1,cosine,25,,eom,cosine,42,3,0.332,40,180,269
2026-04-17T04:06:49,video,20,15,0.05,cosine,15,0.1,euclidean,25,,eom,euclidean,42,3,0.3224,42,184,270
2026-04-17T04:06:49,video,20,15,0.05,cosine,15,0.1,euclidean,25,,eom,cosine,42,3,0.332,40,180,269
2026-04-17T04:06:50,video,20,15,0.05,cosine,15,0.1,cosine,25,,eom,euclidean,42,3,0.3224,42,184,270
2026-04-17T04:07:02,video,20,15,0.05,euclidean,15,0.1,euclidean,25,,eom,euclidean,42,3,0.2596,34,217,291
2026-04-17T04:07:02,video,20,15,0.05,euclidean,15,0.1,euclidean,25,,eom,cosine,42,4,0.4208,30,92,209
2026-04-17T04:07:02,video,20,15,0.05,euclidean,15,0.1,cosine,25,,eom,euclidean,42,3,0.2596,34,217,291
2026-04-17T04:07:02,video,20,15,0.05,euclidean,15,0.1,cosine,25,,eom,cosine,42,4,0.4208,30,92,209
2026-04-17T04:07:14,video,20,15,0.05,correlation,15,0.1,euclidean,25,,eom,euclidean,42,3,0.2404,45,200,311
2026-04-17T04:07:14,video,20,15,0.05,correlation,15,0.1,cosine,25,,eom,euclidean,42,3,0.2404,45,200,311
2026-04-17T04:07:14,video,20,15,0.05,correlation,15,0.1,cosine,25,,eom,cosine,42,3,0.2418,44,200,311
2026-04-17T04:07:14,video,20,15,0.05,correlation,15,0.1,euclidean,25,,eom,cosine,42,3,0.2418,44,200,311
2026-04-17T04:07:27,video,20,15,0.05,cosine,15,0.1,euclidean,25,,leaf,euclidean,42,6,0.6489,31,42,59
2026-04-17T04:07:27,video,20,15,0.05,cosine,15,0.1,cosine,25,,leaf,euclidean,42,6,0.6489,31,42,59
2026-04-17T04:07:27,video,20,15,0.05,cosine,15,0.1,euclidean,25,,leaf,cosine,42,6,0.623,37,43,59
2026-04-17T04:07:27,video,20,15,0.05,cosine,15,0.1,cosine,25,,leaf,cosine,42,6,0.623,37,43,59
2026-04-17T04:07:38,video,20,15,0.05,euclidean,15,0.1,euclidean,25,,leaf,euclidean,42,5,0.4577,34,50,217
2026-04-17T04:07:38,video,20,15,0.05,euclidean,15,0.1,cosine,25,,leaf,cosine,42,5,0.4959,30,39,209
2026-04-17T04:07:38,video,20,15,0.05,euclidean,15,0.1,cosine,25,,leaf,euclidean,42,5,0.4577,34,50,217
2026-04-17T04:07:38,video,20,15,0.05,euclidean,15,0.1,euclidean,25,,leaf,cosine,42,5,0.4959,30,39,209
2026-04-17T04:07:51,video,20,15,0.05,correlation,15,0.1,cosine,25,,leaf,euclidean,42,5,0.4973,33,45,200
2026-04-17T04:07:51,video,20,15,0.05,correlation,15,0.1,euclidean,25,,leaf,euclidean,42,5,0.4973,33,45,200
2026-04-17T04:07:51,video,20,15,0.05,correlation,15,0.1,cosine,25,,leaf,cosine,42,5,0.4932,33,44,200
2026-04-17T04:07:51,video,20,15,0.05,correlation,15,0.1,euclidean,25,,leaf,cosine,42,5,0.4932,33,44,200
2026-04-17T04:08:04,video,20,30,0.0,cosine,15,0.1,euclidean,10,,eom,euclidean,42,3,0.0068,16,17,694
2026-04-17T04:08:04,video,20,30,0.0,cosine,15,0.1,euclidean,10,,eom,cosine,42,13,0.3948,16,33,75
2026-04-17T04:08:04,video,20,30,0.0,cosine,15,0.1,cosine,10,,eom,euclidean,42,3,0.0068,16,17,694
2026-04-17T04:08:04,video,20,30,0.0,cosine,15,0.1,cosine,10,,eom,cosine,42,13,0.3948,16,33,75
2026-04-17T04:08:15,video,20,30,0.0,euclidean,15,0.1,euclidean,10,,eom,cosine,42,13,0.4317,13,16,200
2026-04-17T04:08:15,video,20,30,0.0,euclidean,15,0.1,euclidean,10,,eom,euclidean,42,2,0.0,16,366,716
2026-04-17T04:08:15,video,20,30,0.0,euclidean,15,0.1,cosine,10,,eom,euclidean,42,2,0.0,16,366,716
2026-04-17T04:08:16,video,20,30,0.0,euclidean,15,0.1,cosine,10,,eom,cosine,42,13,0.4317,13,16,200
2026-04-17T04:08:28,video,20,30,0.0,correlation,15,0.1,euclidean,10,,eom,euclidean,42,12,0.2814,14,23,197
2026-04-17T04:08:29,video,20,30,0.0,correlation,15,0.1,euclidean,10,,eom,cosine,42,17,0.4454,13,16,75
2026-04-17T04:08:29,video,20,30,0.0,correlation,15,0.1,cosine,10,,eom,euclidean,42,12,0.2814,14,23,197
2026-04-17T04:08:29,video,20,30,0.0,correlation,15,0.1,cosine,10,,eom,cosine,42,17,0.4454,13,16,75
2026-04-17T04:08:40,video,20,30,0.0,cosine,15,0.1,euclidean,10,,leaf,euclidean,42,17,0.4754,11,20,52
2026-04-17T04:08:40,video,20,30,0.0,cosine,15,0.1,euclidean,10,,leaf,cosine,42,15,0.4331,12,22,75
2026-04-17T04:08:40,video,20,30,0.0,cosine,15,0.1,cosine,10,,leaf,euclidean,42,17,0.4754,11,20,52
2026-04-17T04:08:41,video,20,30,0.0,cosine,15,0.1,cosine,10,,leaf,cosine,42,15,0.4331,12,22,75
2026-04-17T04:08:53,video,20,30,0.0,euclidean,15,0.1,euclidean,10,,leaf,euclidean,42,16,0.5587,12,18,32
2026-04-17T04:08:53,video,20,30,0.0,euclidean,15,0.1,euclidean,10,,leaf,cosine,42,17,0.5697,10,16,30
2026-04-17T04:08:53,video,20,30,0.0,euclidean,15,0.1,cosine,10,,leaf,euclidean,42,16,0.5587,12,18,32
2026-04-17T04:08:53,video,20,30,0.0,euclidean,15,0.1,cosine,10,,leaf,cosine,42,17,0.5697,10,16,30
2026-04-17T04:09:06,video,20,30,0.0,correlation,15,0.1,euclidean,10,,leaf,euclidean,42,16,0.3907,12,21,73
2026-04-17T04:09:06,video,20,30,0.0,correlation,15,0.1,euclidean,10,,leaf,cosine,42,18,0.5137,10,16,43
2026-04-17T04:09:06,video,20,30,0.0,correlation,15,0.1,cosine,10,,leaf,euclidean,42,16,0.3907,12,21,73
2026-04-17T04:09:06,video,20,30,0.0,correlation,15,0.1,cosine,10,,leaf,cosine,42,18,0.5137,10,16,43
2026-04-17T04:09:18,video,20,30,0.0,cosine,15,0.1,euclidean,15,,eom,euclidean,42,5,0.0915,16,52,342
2026-04-17T04:09:18,video,20,30,0.0,cosine,15,0.1,euclidean,15,,eom,cosine,42,5,0.153,16,49,317
2026-04-17T04:09:18,video,20,30,0.0,cosine,15,0.1,cosine,15,,eom,euclidean,42,5,0.0915,16,52,342
2026-04-17T04:09:18,video,20,30,0.0,cosine,15,0.1,cosine,15,,eom,cosine,42,5,0.153,16,49,317
2026-04-17T04:09:30,video,20,30,0.0,euclidean,15,0.1,euclidean,15,,eom,euclidean,42,2,0.0,16,366,716
2026-04-17T04:09:30,video,20,30,0.0,euclidean,15,0.1,euclidean,15,,eom,cosine,42,4,0.1885,16,128,321
2026-04-17T04:09:31,video,20,30,0.0,euclidean,15,0.1,cosine,15,,eom,euclidean,42,2,0.0,16,366,716
2026-04-17T04:09:31,video,20,30,0.0,euclidean,15,0.1,cosine,15,,eom,cosine,42,4,0.1885,16,128,321
2026-04-17T04:09:43,video,20,30,0.0,correlation,15,0.1,euclidean,15,,eom,euclidean,42,5,0.168,16,53,312
2026-04-17T04:09:43,video,20,30,0.0,correlation,15,0.1,cosine,15,,eom,euclidean,42,5,0.168,16,53,312
2026-04-17T04:09:43,video,20,30,0.0,correlation,15,0.1,euclidean,15,,eom,cosine,42,8,0.2773,16,53,210
2026-04-17T04:09:43,video,20,30,0.0,correlation,15,0.1,cosine,15,,eom,cosine,42,8,0.2773,16,53,210
2026-04-17T04:09:56,video,20,30,0.0,cosine,15,0.1,euclidean,15,,leaf,cosine,42,12,0.4795,16,28,68
2026-04-17T04:09:56,video,20,30,0.0,cosine,15,0.1,euclidean,15,,leaf,euclidean,42,12,0.474,16,27,70
2026-04-17T04:09:56,video,20,30,0.0,cosine,15,0.1,cosine,15,,leaf,cosine,42,12,0.4795,16,28,68
2026-04-17T04:09:56,video,20,30,0.0,cosine,15,0.1,cosine,15,,leaf,euclidean,42,12,0.474,16,27,70
2026-04-17T04:10:08,video,20,30,0.0,euclidean,15,0.1,euclidean,15,,leaf,euclidean,42,8,0.4057,15,35,207
2026-04-17T04:10:08,video,20,30,0.0,euclidean,15,0.1,euclidean,15,,leaf,cosine,42,8,0.3975,16,35,209
2026-04-17T04:10:08,video,20,30,0.0,euclidean,15,0.1,cosine,15,,leaf,euclidean,42,8,0.4057,15,35,207
2026-04-17T04:10:08,video,20,30,0.0,euclidean,15,0.1,cosine,15,,leaf,cosine,42,8,0.3975,16,35,209
2026-04-17T04:10:20,video,20,30,0.0,correlation,15,0.1,euclidean,15,,leaf,cosine,42,11,0.485,16,22,77
2026-04-17T04:10:21,video,20,30,0.0,correlation,15,0.1,euclidean,15,,leaf,euclidean,42,11,0.5191,16,20,63
2026-04-17T04:10:21,video,20,30,0.0,correlation,15,0.1,cosine,15,,leaf,cosine,42,11,0.485,16,22,77
2026-04-17T04:10:21,video,20,30,0.0,correlation,15,0.1,cosine,15,,leaf,euclidean,42,11,0.5191,16,20,63
2026-04-17T04:10:33,video,20,30,0.0,cosine,15,0.1,cosine,25,,eom,euclidean,42,3,0.1598,50,230,335
2026-04-17T04:10:33,video,20,30,0.0,cosine,15,0.1,euclidean,25,,eom,euclidean,42,3,0.1598,50,230,335
2026-04-17T04:10:33,video,20,30,0.0,cosine,15,0.1,euclidean,25,,eom,cosine,42,3,0.2077,44,217,319
2026-04-17T04:10:33,video,20,30,0.0,cosine,15,0.1,cosine,25,,eom,cosine,42,3,0.2077,44,217,319
2026-04-17T04:10:45,video,20,30,0.0,euclidean,15,0.1,euclidean,25,,eom,euclidean,42,3,0.25,36,207,306
2026-04-17T04:10:45,video,20,30,0.0,euclidean,15,0.1,euclidean,25,,eom,cosine,42,3,0.2473,36,208,307
2026-04-17T04:10:45,video,20,30,0.0,euclidean,15,0.1,cosine,25,,eom,euclidean,42,3,0.25,36,207,306
2026-04-17T04:10:45,video,20,30,0.0,euclidean,15,0.1,cosine,25,,eom,cosine,42,3,0.2473,36,208,307
2026-04-17T04:10:58,video,20,30,0.0,correlation,15,0.1,euclidean,25,,eom,euclidean,42,3,0.235,37,202,321
2026-04-17T04:10:58,video,20,30,0.0,correlation,15,0.1,cosine,25,,eom,euclidean,42,3,0.235,37,202,321
2026-04-17T04:10:58,video,20,30,0.0,correlation,15,0.1,euclidean,25,,eom,cosine,42,3,0.224,35,199,334
2026-04-17T04:10:58,video,20,30,0.0,correlation,15,0.1,cosine,25,,eom,cosine,42,3,0.224,35,199,334
2026-04-17T04:11:10,video,20,30,0.0,cosine,15,0.1,cosine,25,,leaf,euclidean,42,5,0.3593,50,60,230
2026-04-17T04:11:11,video,20,30,0.0,cosine,15,0.1,euclidean,25,,leaf,euclidean,42,5,0.3593,50,60,230
2026-04-17T04:11:11,video,20,30,0.0,cosine,15,0.1,euclidean,25,,leaf,cosine,42,5,0.3798,43,67,217
2026-04-17T04:11:11,video,20,30,0.0,cosine,15,0.1,cosine,25,,leaf,cosine,42,5,0.3798,43,67,217
2026-04-17T04:11:22,video,20,30,0.0,euclidean,15,0.1,cosine,25,,leaf,euclidean,42,5,0.4686,36,51,207
2026-04-17T04:11:22,video,20,30,0.0,euclidean,15,0.1,euclidean,25,,leaf,euclidean,42,5,0.4686,36,51,207
2026-04-17T04:11:22,video,20,30,0.0,euclidean,15,0.1,euclidean,25,,leaf,cosine,42,5,0.4577,36,50,208
2026-04-17T04:11:22,video,20,30,0.0,euclidean,15,0.1,cosine,25,,leaf,cosine,42,5,0.4577,36,50,208
2026-04-17T04:11:35,video,20,30,0.0,correlation,15,0.1,euclidean,25,,leaf,euclidean,42,6,0.4672,32,37,202
2026-04-17T04:11:35,video,20,30,0.0,correlation,15,0.1,cosine,25,,leaf,euclidean,42,6,0.4672,32,37,202
2026-04-17T04:11:35,video,20,30,0.0,correlation,15,0.1,euclidean,25,,leaf,cosine,42,5,0.4249,35,61,199
2026-04-17T04:11:36,video,20,30,0.0,correlation,15,0.1,cosine,25,,leaf,cosine,42,5,0.4249,35,61,199
2026-04-17T04:11:47,video,20,30,0.05,cosine,15,0.1,cosine,10,,eom,euclidean,42,3,0.0164,16,17,687
2026-04-17T04:11:47,video,20,30,0.05,cosine,15,0.1,cosine,10,,eom,cosine,42,11,0.3224,15,19,206
2026-04-17T04:11:47,video,20,30,0.05,cosine,15,0.1,euclidean,10,,eom,euclidean,42,3,0.0164,16,17,687
2026-04-17T04:11:47,video,20,30,0.05,cosine,15,0.1,euclidean,10,,eom,cosine,42,11,0.3224,15,19,206
2026-04-17T04:12:00,video,20,30,0.05,euclidean,15,0.1,euclidean,10,,eom,euclidean,42,2,0.0,16,366,716
2026-04-17T04:12:00,video,20,30,0.05,euclidean,15,0.1,euclidean,10,,eom,cosine,42,2,0.0,16,366,716
2026-04-17T04:12:00,video,20,30,0.05,euclidean,15,0.1,cosine,10,,eom,cosine,42,2,0.0,16,366,716
2026-04-17T04:12:00,video,20,30,0.05,euclidean,15,0.1,cosine,10,,eom,euclidean,42,2,0.0,16,366,716
2026-04-17T04:12:13,video,20,30,0.05,correlation,15,0.1,cosine,10,,eom,euclidean,42,3,0.026,16,17,680
2026-04-17T04:12:13,video,20,30,0.05,correlation,15,0.1,euclidean,10,,eom,cosine,42,12,0.3374,13,22,189
2026-04-17T04:12:13,video,20,30,0.05,correlation,15,0.1,euclidean,10,,eom,euclidean,42,3,0.026,16,17,680
2026-04-17T04:12:13,video,20,30,0.05,correlation,15,0.1,cosine,10,,eom,cosine,42,12,0.3374,13,22,189
2026-04-17T04:12:25,video,20,30,0.05,cosine,15,0.1,euclidean,10,,leaf,euclidean,42,16,0.4604,11,19,68
2026-04-17T04:12:25,video,20,30,0.05,cosine,15,0.1,euclidean,10,,leaf,cosine,42,17,0.5396,10,17,37
2026-04-17T04:12:25,video,20,30,0.05,cosine,15,0.1,cosine,10,,leaf,cosine,42,17,0.5396,10,17,37
2026-04-17T04:12:25,video,20,30,0.05,cosine,15,0.1,cosine,10,,leaf,euclidean,42,16,0.4604,11,19,68
2026-04-17T04:12:37,video,20,30,0.05,euclidean,15,0.1,euclidean,10,,leaf,euclidean,42,16,0.5984,12,16,30
2026-04-17T04:12:37,video,20,30,0.05,euclidean,15,0.1,cosine,10,,leaf,euclidean,42,16,0.5984,12,16,30
2026-04-17T04:12:38,video,20,30,0.05,euclidean,15,0.1,euclidean,10,,leaf,cosine,42,15,0.6284,13,16,32
2026-04-17T04:12:38,video,20,30,0.05,euclidean,15,0.1,cosine,10,,leaf,cosine,42,15,0.6284,13,16,32
2026-04-17T04:12:50,video,20,30,0.05,correlation,15,0.1,euclidean,10,,leaf,euclidean,42,16,0.4139,12,20,68
2026-04-17T04:12:50,video,20,30,0.05,correlation,15,0.1,cosine,10,,leaf,euclidean,42,16,0.4139,12,20,68
2026-04-17T04:12:50,video,20,30,0.05,correlation,15,0.1,euclidean,10,,leaf,cosine,42,17,0.4604,10,19,71
2026-04-17T04:12:50,video,20,30,0.05,correlation,15,0.1,cosine,10,,leaf,cosine,42,17,0.4604,10,19,71
2026-04-17T04:13:02,video,20,30,0.05,cosine,15,0.1,euclidean,15,,eom,euclidean,42,8,0.2623,16,45,212
2026-04-17T04:13:03,video,20,30,0.05,cosine,15,0.1,cosine,15,,eom,euclidean,42,8,0.2623,16,45,212
2026-04-17T04:13:03,video,20,30,0.05,cosine,15,0.1,euclidean,15,,eom,cosine,42,8,0.2896,16,44,218
2026-04-17T04:13:03,video,20,30,0.05,cosine,15,0.1,cosine,15,,eom,cosine,42,8,0.2896,16,44,218
2026-04-17T04:13:15,video,20,30,0.05,euclidean,15,0.1,euclidean,15,,eom,euclidean,42,2,0.0027,16,365,714
2026-04-17T04:13:15,video,20,30,0.05,euclidean,15,0.1,euclidean,15,,eom,cosine,42,4,0.2063,16,121,323
2026-04-17T04:13:15,video,20,30,0.05,euclidean,15,0.1,cosine,15,,eom,euclidean,42,2,0.0027,16,365,714
2026-04-17T04:13:15,video,20,30,0.05,euclidean,15,0.1,cosine,15,,eom,cosine,42,4,0.2063,16,121,323
2026-04-17T04:13:27,video,20,30,0.05,correlation,15,0.1,cosine,15,,eom,euclidean,42,5,0.1831,16,50,302
2026-04-17T04:13:27,video,20,30,0.05,correlation,15,0.1,euclidean,15,,eom,cosine,42,5,0.168,16,50,311
2026-04-17T04:13:27,video,20,30,0.05,correlation,15,0.1,euclidean,15,,eom,euclidean,42,5,0.1831,16,50,302
2026-04-17T04:13:27,video,20,30,0.05,correlation,15,0.1,cosine,15,,eom,cosine,42,5,0.168,16,50,311
2026-04-17T04:13:40,video,20,30,0.05,cosine,15,0.1,euclidean,15,,leaf,euclidean,42,11,0.5328,16,29,72
2026-04-17T04:13:40,video,20,30,0.05,cosine,15,0.1,cosine,15,,leaf,euclidean,42,11,0.5328,16,29,72
2026-04-17T04:13:40,video,20,30,0.05,cosine,15,0.1,cosine,15,,leaf,cosine,42,12,0.5178,15,21,72
2026-04-17T04:13:40,video,20,30,0.05,cosine,15,0.1,euclidean,15,,leaf,cosine,42,12,0.5178,15,21,72
2026-04-17T04:13:52,video,20,30,0.05,euclidean,15,0.1,euclidean,15,,leaf,euclidean,42,8,0.4372,16,34,193
2026-04-17T04:13:52,video,20,30,0.05,euclidean,15,0.1,euclidean,15,,leaf,cosine,42,7,0.403,16,44,198
2026-04-17T04:13:52,video,20,30,0.05,euclidean,15,0.1,cosine,15,,leaf,euclidean,42,8,0.4372,16,34,193
2026-04-17T04:13:52,video,20,30,0.05,euclidean,15,0.1,cosine,15,,leaf,cosine,42,7,0.403,16,44,198
2026-04-17T04:14:05,video,20,30,0.05,correlation,15,0.1,cosine,15,,leaf,euclidean,42,10,0.5396,16,30,57
2026-04-17T04:14:05,video,20,30,0.05,correlation,15,0.1,euclidean,15,,leaf,euclidean,42,10,0.5396,16,30,57
2026-04-17T04:14:05,video,20,30,0.05,correlation,15,0.1,cosine,15,,leaf,cosine,42,10,0.5082,16,33,58
2026-04-17T04:14:05,video,20,30,0.05,correlation,15,0.1,euclidean,15,,leaf,cosine,42,10,0.5082,16,33,58
2026-04-17T04:14:18,video,20,30,0.05,cosine,15,0.1,euclidean,25,,eom,euclidean,42,3,0.2445,45,207,301
2026-04-17T04:14:18,video,20,30,0.05,cosine,15,0.1,euclidean,25,,eom,cosine,42,3,0.2637,41,201,297
2026-04-17T04:14:18,video,20,30,0.05,cosine,15,0.1,cosine,25,,eom,euclidean,42,3,0.2445,45,207,301
2026-04-17T04:14:18,video,20,30,0.05,cosine,15,0.1,cosine,25,,eom,cosine,42,3,0.2637,41,201,297
2026-04-17T04:14:29,video,20,30,0.05,euclidean,15,0.1,euclidean,25,,eom,euclidean,42,3,0.276,36,207,287
2026-04-17T04:14:29,video,20,30,0.05,euclidean,15,0.1,euclidean,25,,eom,cosine,42,3,0.2678,36,210,290
2026-04-17T04:14:29,video,20,30,0.05,euclidean,15,0.1,cosine,25,,eom,euclidean,42,3,0.276,36,207,287
2026-04-17T04:14:30,video,20,30,0.05,euclidean,15,0.1,cosine,25,,eom,cosine,42,3,0.2678,36,210,290
2026-04-17T04:14:42,video,20,30,0.05,correlation,15,0.1,euclidean,25,,eom,euclidean,42,3,0.2609,37,203,301
2026-04-17T04:14:42,video,20,30,0.05,correlation,15,0.1,euclidean,25,,eom,cosine,42,3,0.2309,37,199,327
2026-04-17T04:14:43,video,20,30,0.05,correlation,15,0.1,cosine,25,,eom,euclidean,42,3,0.2609,37,203,301
2026-04-17T04:14:43,video,20,30,0.05,correlation,15,0.1,cosine,25,,eom,cosine,42,3,0.2309,37,199,327
2026-04-17T04:14:54,video,20,30,0.05,cosine,15,0.1,euclidean,25,,leaf,euclidean,42,5,0.4344,45,57,207
2026-04-17T04:14:55,video,20,30,0.05,cosine,15,0.1,cosine,25,,leaf,cosine,42,5,0.4221,41,59,201
2026-04-17T04:14:55,video,20,30,0.05,cosine,15,0.1,euclidean,25,,leaf,cosine,42,5,0.4221,41,59,201
2026-04-17T04:14:55,video,20,30,0.05,cosine,15,0.1,cosine,25,,leaf,euclidean,42,5,0.4344,45,57,207
2026-04-17T04:15:07,video,20,30,0.05,euclidean,15,0.1,euclidean,25,,leaf,euclidean,42,5,0.4727,36,47,207
2026-04-17T04:15:07,video,20,30,0.05,euclidean,15,0.1,euclidean,25,,leaf,cosine,42,5,0.4727,36,51,210
2026-04-17T04:15:07,video,20,30,0.05,euclidean,15,0.1,cosine,25,,leaf,euclidean,42,5,0.4727,36,47,207
2026-04-17T04:15:07,video,20,30,0.05,euclidean,15,0.1,cosine,25,,leaf,cosine,42,5,0.4727,36,51,210
2026-04-17T04:15:20,video,20,30,0.05,correlation,15,0.1,euclidean,25,,leaf,euclidean,42,6,0.4932,26,37,203
2026-04-17T04:15:20,video,20,30,0.05,correlation,15,0.1,euclidean,25,,leaf,cosine,42,5,0.4863,37,46,199
2026-04-17T04:15:20,video,20,30,0.05,correlation,15,0.1,cosine,25,,leaf,euclidean,42,6,0.4932,26,37,203
2026-04-17T04:15:20,video,20,30,0.05,correlation,15,0.1,cosine,25,,leaf,cosine,42,5,0.4863,37,46,199
2026-04-17T04:15:32,video,30,10,0.0,cosine,15,0.1,euclidean,10,,eom,euclidean,42,15,0.224,10,22,189
2026-04-17T04:15:32,video,30,10,0.0,cosine,15,0.1,euclidean,10,,eom,cosine,42,15,0.2377,11,19,216
2026-04-17T04:15:32,video,30,10,0.0,cosine,15,0.1,cosine,10,,eom,euclidean,42,15,0.224,10,22,189
2026-04-17T04:15:32,video,30,10,0.0,cosine,15,0.1,cosine,10,,eom,cosine,42,15,0.2377,11,19,216
2026-04-17T04:15:44,video,30,10,0.0,euclidean,15,0.1,euclidean,10,,eom,euclidean,42,4,0.0082,14,16,680
2026-04-17T04:15:44,video,30,10,0.0,euclidean,15,0.1,cosine,10,,eom,euclidean,42,4,0.0082,14,16,680
2026-04-17T04:15:44,video,30,10,0.0,euclidean,15,0.1,euclidean,10,,eom,cosine,42,17,0.2691,10,15,212
2026-04-17T04:15:44,video,30,10,0.0,euclidean,15,0.1,cosine,10,,eom,cosine,42,17,0.2691,10,15,212
2026-04-17T04:15:56,video,30,10,0.0,correlation,15,0.1,euclidean,10,,eom,cosine,42,21,0.347,12,16,83
2026-04-17T04:15:56,video,30,10,0.0,correlation,15,0.1,euclidean,10,,eom,euclidean,42,14,0.1243,13,18,197
2026-04-17T04:15:56,video,30,10,0.0,correlation,15,0.1,cosine,10,,eom,cosine,42,21,0.347,12,16,83
2026-04-17T04:15:57,video,30,10,0.0,correlation,15,0.1,cosine,10,,eom,euclidean,42,14,0.1243,13,18,197
2026-04-17T04:16:09,video,30,10,0.0,cosine,15,0.1,euclidean,10,,leaf,euclidean,42,20,0.3634,10,20,53
2026-04-17T04:16:09,video,30,10,0.0,cosine,15,0.1,euclidean,10,,leaf,cosine,42,20,0.4016,11,18,46
2026-04-17T04:16:09,video,30,10,0.0,cosine,15,0.1,cosine,10,,leaf,cosine,42,20,0.4016,11,18,46
2026-04-17T04:16:09,video,30,10,0.0,cosine,15,0.1,cosine,10,,leaf,euclidean,42,20,0.3634,10,20,53
2026-04-17T04:16:21,video,30,10,0.0,euclidean,15,0.1,euclidean,10,,leaf,euclidean,42,22,0.418,11,16,38
2026-04-17T04:16:21,video,30,10,0.0,euclidean,15,0.1,euclidean,10,,leaf,cosine,42,22,0.4331,10,16,38
2026-04-17T04:16:21,video,30,10,0.0,euclidean,15,0.1,cosine,10,,leaf,euclidean,42,22,0.418,11,16,38
2026-04-17T04:16:21,video,30,10,0.0,euclidean,15,0.1,cosine,10,,leaf,cosine,42,22,0.4331,10,16,38
2026-04-17T04:16:33,video,30,10,0.0,correlation,15,0.1,cosine,10,,leaf,euclidean,42,22,0.4016,13,17,43
2026-04-17T04:16:33,video,30,10,0.0,correlation,15,0.1,euclidean,10,,leaf,euclidean,42,22,0.4016,13,17,43
2026-04-17T04:16:33,video,30,10,0.0,correlation,15,0.1,euclidean,10,,leaf,cosine,42,22,0.4057,12,16,43
2026-04-17T04:16:34,video,30,10,0.0,correlation,15,0.1,cosine,10,,leaf,cosine,42,22,0.4057,12,16,43
2026-04-17T04:16:46,video,30,10,0.0,cosine,15,0.1,euclidean,15,,eom,cosine,42,11,0.2459,16,29,211
2026-04-17T04:16:46,video,30,10,0.0,cosine,15,0.1,cosine,15,,eom,euclidean,42,2,0.0,17,366,715
2026-04-17T04:16:46,video,30,10,0.0,cosine,15,0.1,euclidean,15,,eom,euclidean,42,2,0.0,17,366,715
2026-04-17T04:16:46,video,30,10,0.0,cosine,15,0.1,cosine,15,,eom,cosine,42,11,0.2459,16,29,211
2026-04-17T04:16:57,video,30,10,0.0,euclidean,15,0.1,euclidean,15,,eom,euclidean,42,3,0.0,16,16,700
2026-04-17T04:16:57,video,30,10,0.0,euclidean,15,0.1,cosine,15,,eom,euclidean,42,3,0.0,16,16,700
2026-04-17T04:16:58,video,30,10,0.0,euclidean,15,0.1,euclidean,15,,eom,cosine,42,3,0.0,16,16,700
2026-04-17T04:16:58,video,30,10,0.0,euclidean,15,0.1,cosine,15,,eom,cosine,42,3,0.0,16,16,700
2026-04-17T04:17:11,video,30,10,0.0,correlation,15,0.1,euclidean,15,,eom,euclidean,42,11,0.2077,16,24,199
2026-04-17T04:17:11,video,30,10,0.0,correlation,15,0.1,euclidean,15,,eom,cosine,42,12,0.2377,16,24,198
2026-04-17T04:17:11,video,30,10,0.0,correlation,15,0.1,cosine,15,,eom,cosine,42,12,0.2377,16,24,198
2026-04-17T04:17:11,video,30,10,0.0,correlation,15,0.1,cosine,15,,eom,euclidean,42,11,0.2077,16,24,199
2026-04-17T04:17:23,video,30,10,0.0,cosine,15,0.1,euclidean,15,,leaf,euclidean,42,14,0.3921,16,24,80
2026-04-17T04:17:23,video,30,10,0.0,cosine,15,0.1,cosine,15,,leaf,euclidean,42,14,0.3921,16,24,80
2026-04-17T04:17:23,video,30,10,0.0,cosine,15,0.1,euclidean,15,,leaf,cosine,42,14,0.3634,16,26,77
2026-04-17T04:17:23,video,30,10,0.0,cosine,15,0.1,cosine,15,,leaf,cosine,42,14,0.3634,16,26,77
2026-04-17T04:17:35,video,30,10,0.0,euclidean,15,0.1,euclidean,15,,leaf,euclidean,42,12,0.4959,15,21,90
2026-04-17T04:17:35,video,30,10,0.0,euclidean,15,0.1,euclidean,15,,leaf,cosine,42,11,0.4522,16,23,93
2026-04-17T04:17:35,video,30,10,0.0,euclidean,15,0.1,cosine,15,,leaf,euclidean,42,12,0.4959,15,21,90
2026-04-17T04:17:35,video,30,10,0.0,euclidean,15,0.1,cosine,15,,leaf,cosine,42,11,0.4522,16,23,93
2026-04-17T04:17:48,video,30,10,0.0,correlation,15,0.1,euclidean,15,,leaf,euclidean,42,14,0.3907,15,22,76
2026-04-17T04:17:48,video,30,10,0.0,correlation,15,0.1,cosine,15,,leaf,euclidean,42,14,0.3907,15,22,76
2026-04-17T04:17:48,video,30,10,0.0,correlation,15,0.1,euclidean,15,,leaf,cosine,42,15,0.4221,15,19,71
2026-04-17T04:17:48,video,30,10,0.0,correlation,15,0.1,cosine,15,,leaf,cosine,42,15,0.4221,15,19,71
2026-04-17T04:18:00,video,30,10,0.0,cosine,15,0.1,euclidean,25,,eom,euclidean,42,5,0.3511,38,88,190
2026-04-17T04:18:01,video,30,10,0.0,cosine,15,0.1,cosine,25,,eom,euclidean,42,5,0.3511,38,88,190
2026-04-17T04:18:01,video,30,10,0.0,cosine,15,0.1,euclidean,25,,eom,cosine,42,5,0.3347,37,96,188
2026-04-17T04:18:01,video,30,10,0.0,cosine,15,0.1,cosine,25,,eom,cosine,42,5,0.3347,37,96,188
2026-04-17T04:18:12,video,30,10,0.0,euclidean,15,0.1,cosine,25,,eom,euclidean,42,3,0.2268,38,221,307
2026-04-17T04:18:12,video,30,10,0.0,euclidean,15,0.1,euclidean,25,,eom,euclidean,42,3,0.2268,38,221,307
2026-04-17T04:18:12,video,30,10,0.0,euclidean,15,0.1,euclidean,25,,eom,cosine,42,3,0.2418,35,221,299
2026-04-17T04:18:12,video,30,10,0.0,euclidean,15,0.1,cosine,25,,eom,cosine,42,3,0.2418,35,221,299
2026-04-17T04:18:25,video,30,10,0.0,correlation,15,0.1,euclidean,25,,eom,euclidean,42,3,0.2568,43,196,305
2026-04-17T04:18:25,video,30,10,0.0,correlation,15,0.1,cosine,25,,eom,euclidean,42,3,0.2568,43,196,305
2026-04-17T04:18:25,video,30,10,0.0,correlation,15,0.1,euclidean,25,,eom,cosine,42,3,0.2609,44,195,302
2026-04-17T04:18:25,video,30,10,0.0,correlation,15,0.1,cosine,25,,eom,cosine,42,3,0.2609,44,195,302
2026-04-17T04:18:37,video,30,10,0.0,cosine,15,0.1,euclidean,25,,leaf,euclidean,42,6,0.5178,30,41,114
2026-04-17T04:18:37,video,30,10,0.0,cosine,15,0.1,cosine,25,,leaf,cosine,42,6,0.4891,34,42,122
2026-04-17T04:18:37,video,30,10,0.0,cosine,15,0.1,cosine,25,,leaf,euclidean,42,6,0.5178,30,41,114
2026-04-17T04:18:37,video,30,10,0.0,cosine,15,0.1,euclidean,25,,leaf,cosine,42,6,0.4891,34,42,122
2026-04-17T04:18:49,video,30,10,0.0,euclidean,15,0.1,euclidean,25,,leaf,cosine,42,5,0.3866,29,61,221
2026-04-17T04:18:49,video,30,10,0.0,euclidean,15,0.1,cosine,25,,leaf,euclidean,42,5,0.403,29,60,221
2026-04-17T04:18:49,video,30,10,0.0,euclidean,15,0.1,euclidean,25,,leaf,euclidean,42,5,0.403,29,60,221
2026-04-17T04:18:49,video,30,10,0.0,euclidean,15,0.1,cosine,25,,leaf,cosine,42,5,0.3866,29,61,221
2026-04-17T04:19:02,video,30,10,0.0,correlation,15,0.1,euclidean,25,,leaf,euclidean,42,6,0.5574,36,50,79
2026-04-17T04:19:02,video,30,10,0.0,correlation,15,0.1,euclidean,25,,leaf,cosine,42,6,0.5451,36,51,79
2026-04-17T04:19:02,video,30,10,0.0,correlation,15,0.1,cosine,25,,leaf,euclidean,42,6,0.5574,36,50,79
2026-04-17T04:19:02,video,30,10,0.0,correlation,15,0.1,cosine,25,,leaf,cosine,42,6,0.5451,36,51,79
2026-04-17T04:19:14,video,30,10,0.05,cosine,15,0.1,cosine,10,,eom,cosine,42,14,0.2377,13,20,202
2026-04-17T04:19:14,video,30,10,0.05,cosine,15,0.1,euclidean,10,,eom,cosine,42,14,0.2377,13,20,202
2026-04-17T04:19:14,video,30,10,0.05,cosine,15,0.1,euclidean,10,,eom,euclidean,42,14,0.2199,14,22,208
2026-04-17T04:19:14,video,30,10,0.05,cosine,15,0.1,cosine,10,,eom,euclidean,42,14,0.2199,14,22,208
2026-04-17T04:19:26,video,30,10,0.05,euclidean,15,0.1,euclidean,10,,eom,euclidean,42,4,0.0082,14,16,680
2026-04-17T04:19:26,video,30,10,0.05,euclidean,15,0.1,euclidean,10,,eom,cosine,42,13,0.2404,11,19,206
2026-04-17T04:19:27,video,30,10,0.05,euclidean,15,0.1,cosine,10,,eom,euclidean,42,4,0.0082,14,16,680
2026-04-17T04:19:27,video,30,10,0.05,euclidean,15,0.1,cosine,10,,eom,cosine,42,13,0.2404,11,19,206
2026-04-17T04:19:39,video,30,10,0.05,correlation,15,0.1,cosine,10,,eom,euclidean,42,16,0.25,10,17,193
2026-04-17T04:19:39,video,30,10,0.05,correlation,15,0.1,cosine,10,,eom,cosine,42,20,0.3579,11,17,63
2026-04-17T04:19:39,video,30,10,0.05,correlation,15,0.1,euclidean,10,,eom,euclidean,42,16,0.25,10,17,193
2026-04-17T04:19:39,video,30,10,0.05,correlation,15,0.1,euclidean,10,,eom,cosine,42,20,0.3579,11,17,63
2026-04-17T04:19:51,video,30,10,0.05,cosine,15,0.1,cosine,10,,leaf,cosine,42,19,0.4044,11,19,56
2026-04-17T04:19:51,video,30,10,0.05,cosine,15,0.1,euclidean,10,,leaf,cosine,42,19,0.4044,11,19,56
2026-04-17T04:19:51,video,30,10,0.05,cosine,15,0.1,euclidean,10,,leaf,euclidean,42,19,0.388,12,19,57
2026-04-17T04:19:52,video,30,10,0.05,cosine,15,0.1,cosine,10,,leaf,euclidean,42,19,0.388,12,19,57
2026-04-17T04:20:04,video,30,10,0.05,euclidean,15,0.1,euclidean,10,,leaf,euclidean,42,20,0.5137,11,16,40
2026-04-17T04:20:04,video,30,10,0.05,euclidean,15,0.1,euclidean,10,,leaf,cosine,42,20,0.5027,11,16,38
2026-04-17T04:20:04,video,30,10,0.05,euclidean,15,0.1,cosine,10,,leaf,cosine,42,20,0.5027,11,16,38
2026-04-17T04:20:04,video,30,10,0.05,euclidean,15,0.1,cosine,10,,leaf,euclidean,42,20,0.5137,11,16,40
2026-04-17T04:20:16,video,30,10,0.05,correlation,15,0.1,cosine,10,,leaf,euclidean,42,21,0.3866,10,17,66
2026-04-17T04:20:16,video,30,10,0.05,correlation,15,0.1,euclidean,10,,leaf,euclidean,42,21,0.3866,10,17,66
2026-04-17T04:20:16,video,30,10,0.05,correlation,15,0.1,euclidean,10,,leaf,cosine,42,21,0.4057,11,16,58
2026-04-17T04:20:16,video,30,10,0.05,correlation,15,0.1,cosine,10,,leaf,cosine,42,21,0.4057,11,16,58
2026-04-17T04:20:28,video,30,10,0.05,cosine,15,0.1,cosine,15,,eom,euclidean,42,3,0.0,16,17,699
2026-04-17T04:20:29,video,30,10,0.05,cosine,15,0.1,euclidean,15,,eom,euclidean,42,3,0.0,16,17,699
2026-04-17T04:20:29,video,30,10,0.05,cosine,15,0.1,cosine,15,,eom,cosine,42,10,0.2705,15,30,198
2026-04-17T04:20:29,video,30,10,0.05,cosine,15,0.1,euclidean,15,,eom,cosine,42,10,0.2705,15,30,198
2026-04-17T04:20:40,video,30,10,0.05,euclidean,15,0.1,euclidean,15,,eom,euclidean,42,3,0.0,16,16,700
2026-04-17T04:20:40,video,30,10,0.05,euclidean,15,0.1,cosine,15,,eom,euclidean,42,3,0.0,16,16,700
2026-04-17T04:20:40,video,30,10,0.05,euclidean,15,0.1,euclidean,15,,eom,cosine,42,3,0.0,16,16,700
2026-04-17T04:20:40,video,30,10,0.05,euclidean,15,0.1,cosine,15,,eom,cosine,42,3,0.0,16,16,700
2026-04-17T04:20:53,video,30,10,0.05,correlation,15,0.1,cosine,15,,eom,cosine,42,10,0.2678,16,30,192
2026-04-17T04:20:53,video,30,10,0.05,correlation,15,0.1,euclidean,15,,eom,euclidean,42,2,0.0,17,366,715
2026-04-17T04:20:53,video,30,10,0.05,correlation,15,0.1,cosine,15,,eom,euclidean,42,2,0.0,17,366,715
2026-04-17T04:20:53,video,30,10,0.05,correlation,15,0.1,euclidean,15,,eom,cosine,42,10,0.2678,16,30,192
2026-04-17T04:21:06,video,30,10,0.05,cosine,15,0.1,euclidean,15,,leaf,euclidean,42,13,0.4372,16,23,69
2026-04-17T04:21:06,video,30,10,0.05,cosine,15,0.1,cosine,15,,leaf,euclidean,42,13,0.4372,16,23,69
2026-04-17T04:21:06,video,30,10,0.05,cosine,15,0.1,cosine,15,,leaf,cosine,42,13,0.3893,15,23,91
2026-04-17T04:21:06,video,30,10,0.05,cosine,15,0.1,euclidean,15,,leaf,cosine,42,13,0.3893,15,23,91
2026-04-17T04:21:17,video,30,10,0.05,euclidean,15,0.1,euclidean,15,,leaf,euclidean,42,10,0.4139,16,45,88
2026-04-17T04:21:17,video,30,10,0.05,euclidean,15,0.1,euclidean,15,,leaf,cosine,42,9,0.4699,16,45,88
2026-04-17T04:21:17,video,30,10,0.05,euclidean,15,0.1,cosine,15,,leaf,euclidean,42,10,0.4139,16,45,88
2026-04-17T04:21:17,video,30,10,0.05,euclidean,15,0.1,cosine,15,,leaf,cosine,42,9,0.4699,16,45,88
2026-04-17T04:21:30,video,30,10,0.05,correlation,15,0.1,euclidean,15,,leaf,cosine,42,13,0.4016,16,20,92
2026-04-17T04:21:30,video,30,10,0.05,correlation,15,0.1,cosine,15,,leaf,euclidean,42,14,0.4303,16,21,68
2026-04-17T04:21:31,video,30,10,0.05,correlation,15,0.1,euclidean,15,,leaf,euclidean,42,14,0.4303,16,21,68
2026-04-17T04:21:31,video,30,10,0.05,correlation,15,0.1,cosine,15,,leaf,cosine,42,13,0.4016,16,20,92
2026-04-17T04:21:42,video,30,10,0.05,cosine,15,0.1,cosine,25,,eom,euclidean,42,3,0.2541,38,198,310
2026-04-17T04:21:42,video,30,10,0.05,cosine,15,0.1,euclidean,25,,eom,euclidean,42,3,0.2541,38,198,310
2026-04-17T04:21:42,video,30,10,0.05,cosine,15,0.1,euclidean,25,,eom,cosine,42,4,0.3552,35,105,226
2026-04-17T04:21:42,video,30,10,0.05,cosine,15,0.1,cosine,25,,eom,cosine,42,4,0.3552,35,105,226
2026-04-17T04:21:54,video,30,10,0.05,euclidean,15,0.1,euclidean,25,,eom,cosine,42,3,0.3115,32,210,262
2026-04-17T04:21:54,video,30,10,0.05,euclidean,15,0.1,euclidean,25,,eom,euclidean,42,3,0.3033,32,212,266
2026-04-17T04:21:55,video,30,10,0.05,euclidean,15,0.1,cosine,25,,eom,cosine,42,3,0.3115,32,210,262
2026-04-17T04:21:55,video,30,10,0.05,euclidean,15,0.1,cosine,25,,eom,euclidean,42,3,0.3033,32,212,266
2026-04-17T04:22:08,video,30,10,0.05,correlation,15,0.1,euclidean,25,,eom,cosine,42,2,0.2555,42,272,503
2026-04-17T04:22:08,video,30,10,0.05,correlation,15,0.1,cosine,25,,eom,euclidean,42,3,0.2691,42,191,302
2026-04-17T04:22:08,video,30,10,0.05,correlation,15,0.1,euclidean,25,,eom,euclidean,42,3,0.2691,42,191,302
2026-04-17T04:22:08,video,30,10,0.05,correlation,15,0.1,cosine,25,,eom,cosine,42,2,0.2555,42,272,503
2026-04-17T04:22:19,video,30,10,0.05,cosine,15,0.1,euclidean,25,,leaf,euclidean,42,6,0.6243,30,38,68
2026-04-17T04:22:19,video,30,10,0.05,cosine,15,0.1,cosine,25,,leaf,euclidean,42,6,0.6243,30,38,68
2026-04-17T04:22:19,video,30,10,0.05,cosine,15,0.1,euclidean,25,,leaf,cosine,42,6,0.6216,29,36,76
2026-04-17T04:22:19,video,30,10,0.05,cosine,15,0.1,cosine,25,,leaf,cosine,42,6,0.6216,29,36,76
2026-04-17T04:22:32,video,30,10,0.05,euclidean,15,0.1,euclidean,25,,leaf,euclidean,42,5,0.4426,29,62,212
2026-04-17T04:22:32,video,30,10,0.05,euclidean,15,0.1,euclidean,25,,leaf,cosine,42,5,0.444,28,62,210
2026-04-17T04:22:32,video,30,10,0.05,euclidean,15,0.1,cosine,25,,leaf,euclidean,42,5,0.4426,29,62,212
2026-04-17T04:22:32,video,30,10,0.05,euclidean,15,0.1,cosine,25,,leaf,cosine,42,5,0.444,28,62,210
2026-04-17T04:22:44,video,30,10,0.05,correlation,15,0.1,euclidean,25,,leaf,euclidean,42,6,0.6366,33,41,63
2026-04-17T04:22:44,video,30,10,0.05,correlation,15,0.1,euclidean,25,,leaf,cosine,42,6,0.6475,32,43,50
2026-04-17T04:22:44,video,30,10,0.05,correlation,15,0.1,cosine,25,,leaf,cosine,42,6,0.6475,32,43,50
2026-04-17T04:22:44,video,30,10,0.05,correlation,15,0.1,cosine,25,,leaf,euclidean,42,6,0.6366,33,41,63
2026-04-17T04:22:57,video,30,15,0.0,cosine,15,0.1,euclidean,10,,eom,cosine,42,17,0.4085,11,21,51
2026-04-17T04:22:57,video,30,15,0.0,cosine,15,0.1,cosine,10,,eom,cosine,42,17,0.4085,11,21,51
2026-04-17T04:22:57,video,30,15,0.0,cosine,15,0.1,euclidean,10,,eom,euclidean,42,13,0.2746,12,19,227
2026-04-17T04:22:57,video,30,15,0.0,cosine,15,0.1,cosine,10,,eom,euclidean,42,13,0.2746,12,19,227
2026-04-17T04:23:09,video,30,15,0.0,euclidean,15,0.1,euclidean,10,,eom,euclidean,42,3,0.0,16,16,700
2026-04-17T04:23:09,video,30,15,0.0,euclidean,15,0.1,euclidean,10,,eom,cosine,42,13,0.2541,13,16,217
2026-04-17T04:23:09,video,30,15,0.0,euclidean,15,0.1,cosine,10,,eom,cosine,42,13,0.2541,13,16,217
2026-04-17T04:23:09,video,30,15,0.0,euclidean,15,0.1,cosine,10,,eom,euclidean,42,3,0.0,16,16,700
2026-04-17T04:23:21,video,30,15,0.0,correlation,15,0.1,euclidean,10,,eom,euclidean,42,7,0.0546,15,17,363
2026-04-17T04:23:22,video,30,15,0.0,correlation,15,0.1,euclidean,10,,eom,cosine,42,14,0.2869,13,18,211
2026-04-17T04:23:22,video,30,15,0.0,correlation,15,0.1,cosine,10,,eom,cosine,42,14,0.2869,13,18,211
2026-04-17T04:23:22,video,30,15,0.0,correlation,15,0.1,cosine,10,,eom,euclidean,42,7,0.0546,15,17,363
2026-04-17T04:23:34,video,30,15,0.0,cosine,15,0.1,euclidean,10,,leaf,euclidean,42,18,0.4303,12,18,53
2026-04-17T04:23:34,video,30,15,0.0,cosine,15,0.1,euclidean,10,,leaf,cosine,42,20,0.4426,10,16,49
2026-04-17T04:23:34,video,30,15,0.0,cosine,15,0.1,cosine,10,,leaf,euclidean,42,18,0.4303,12,18,53
2026-04-17T04:23:34,video,30,15,0.0,cosine,15,0.1,cosine,10,,leaf,cosine,42,20,0.4426,10,16,49
2026-04-17T04:23:46,video,30,15,0.0,euclidean,15,0.1,euclidean,10,,leaf,euclidean,42,18,0.474,11,16,62
2026-04-17T04:23:46,video,30,15,0.0,euclidean,15,0.1,euclidean,10,,leaf,cosine,42,18,0.4645,10,16,63
2026-04-17T04:23:46,video,30,15,0.0,euclidean,15,0.1,cosine,10,,leaf,euclidean,42,18,0.474,11,16,62
2026-04-17T04:23:46,video,30,15,0.0,euclidean,15,0.1,cosine,10,,leaf,cosine,42,18,0.4645,10,16,63
2026-04-17T04:23:59,video,30,15,0.0,correlation,15,0.1,cosine,10,,leaf,euclidean,42,18,0.4167,11,17,58
2026-04-17T04:23:59,video,30,15,0.0,correlation,15,0.1,euclidean,10,,leaf,euclidean,42,18,0.4167,11,17,58
2026-04-17T04:23:59,video,30,15,0.0,correlation,15,0.1,euclidean,10,,leaf,cosine,42,18,0.4016,13,18,59
2026-04-17T04:23:59,video,30,15,0.0,correlation,15,0.1,cosine,10,,leaf,cosine,42,18,0.4016,13,18,59
2026-04-17T04:24:11,video,30,15,0.0,cosine,15,0.1,cosine,15,,eom,cosine,42,10,0.2719,16,29,222
2026-04-17T04:24:11,video,30,15,0.0,cosine,15,0.1,euclidean,15,,eom,euclidean,42,3,0.0068,16,17,694
2026-04-17T04:24:11,video,30,15,0.0,cosine,15,0.1,cosine,15,,eom,euclidean,42,3,0.0068,16,17,694
2026-04-17T04:24:12,video,30,15,0.0,cosine,15,0.1,euclidean,15,,eom,cosine,42,10,0.2719,16,29,222
2026-04-17T04:24:23,video,30,15,0.0,euclidean,15,0.1,euclidean,15,,eom,euclidean,42,3,0.0,16,16,700
2026-04-17T04:24:23,video,30,15,0.0,euclidean,15,0.1,euclidean,15,,eom,cosine,42,3,0.0,16,16,700
2026-04-17T04:24:23,video,30,15,0.0,euclidean,15,0.1,cosine,15,,eom,cosine,42,3,0.0,16,16,700
2026-04-17T04:24:23,video,30,15,0.0,euclidean,15,0.1,cosine,15,,eom,euclidean,42,3,0.0,16,16,700
2026-04-17T04:24:36,video,30,15,0.0,correlation,15,0.1,euclidean,15,,eom,euclidean,42,3,0.0041,16,16,697
2026-04-17T04:24:36,video,30,15,0.0,correlation,15,0.1,cosine,15,,eom,cosine,42,5,0.0861,16,51,348
2026-04-17T04:24:36,video,30,15,0.0,correlation,15,0.1,cosine,15,,eom,euclidean,42,3,0.0041,16,16,697
2026-04-17T04:24:36,video,30,15,0.0,correlation,15,0.1,euclidean,15,,eom,cosine,42,5,0.0861,16,51,348
2026-04-17T04:24:49,video,30,15,0.0,cosine,15,0.1,euclidean,15,,leaf,euclidean,42,12,0.4344,16,29,68
2026-04-17T04:24:49,video,30,15,0.0,cosine,15,0.1,euclidean,15,,leaf,cosine,42,12,0.4331,16,29,67
2026-04-17T04:24:49,video,30,15,0.0,cosine,15,0.1,cosine,15,,leaf,cosine,42,12,0.4331,16,29,67
2026-04-17T04:24:49,video,30,15,0.0,cosine,15,0.1,cosine,15,,leaf,euclidean,42,12,0.4344,16,29,68
2026-04-17T04:25:00,video,30,15,0.0,euclidean,15,0.1,euclidean,15,,leaf,euclidean,42,9,0.4604,16,51,75
2026-04-17T04:25:00,video,30,15,0.0,euclidean,15,0.1,euclidean,15,,leaf,cosine,42,9,0.4631,16,52,71
2026-04-17T04:25:01,video,30,15,0.0,euclidean,15,0.1,cosine,15,,leaf,euclidean,42,9,0.4604,16,51,75
2026-04-17T04:25:01,video,30,15,0.0,euclidean,15,0.1,cosine,15,,leaf,cosine,42,9,0.4631,16,52,71
2026-04-17T04:25:14,video,30,15,0.0,correlation,15,0.1,euclidean,15,,leaf,euclidean,42,12,0.4385,15,34,67
2026-04-17T04:25:14,video,30,15,0.0,correlation,15,0.1,cosine,15,,leaf,cosine,42,14,0.4686,15,21,68
2026-04-17T04:25:14,video,30,15,0.0,correlation,15,0.1,cosine,15,,leaf,euclidean,42,12,0.4385,15,34,67
2026-04-17T04:25:14,video,30,15,0.0,correlation,15,0.1,euclidean,15,,leaf,cosine,42,14,0.4686,15,21,68
2026-04-17T04:25:26,video,30,15,0.0,cosine,15,0.1,cosine,25,,eom,euclidean,42,3,0.2077,42,208,330
2026-04-17T04:25:26,video,30,15,0.0,cosine,15,0.1,euclidean,25,,eom,euclidean,42,3,0.2077,42,208,330
2026-04-17T04:25:27,video,30,15,0.0,cosine,15,0.1,cosine,25,,eom,cosine,42,3,0.2145,42,210,323
2026-04-17T04:25:27,video,30,15,0.0,cosine,15,0.1,euclidean,25,,eom,cosine,42,3,0.2145,42,210,323
2026-04-17T04:25:38,video,30,15,0.0,euclidean,15,0.1,euclidean,25,,eom,cosine,42,3,0.2322,36,221,305
2026-04-17T04:25:38,video,30,15,0.0,euclidean,15,0.1,euclidean,25,,eom,euclidean,42,3,0.2336,37,223,301
2026-04-17T04:25:38,video,30,15,0.0,euclidean,15,0.1,cosine,25,,eom,cosine,42,3,0.2322,36,221,305
2026-04-17T04:25:38,video,30,15,0.0,euclidean,15,0.1,cosine,25,,eom,euclidean,42,3,0.2336,37,223,301
2026-04-17T04:25:51,video,30,15,0.0,correlation,15,0.1,euclidean,25,,eom,euclidean,42,3,0.2145,45,209,321
2026-04-17T04:25:51,video,30,15,0.0,correlation,15,0.1,cosine,25,,eom,euclidean,42,3,0.2145,45,209,321
2026-04-17T04:25:51,video,30,15,0.0,correlation,15,0.1,euclidean,25,,eom,cosine,42,3,0.2336,42,204,315
2026-04-17T04:25:51,video,30,15,0.0,correlation,15,0.1,cosine,25,,eom,cosine,42,3,0.2336,42,204,315
2026-04-17T04:26:03,video,30,15,0.0,cosine,15,0.1,euclidean,25,,leaf,euclidean,42,7,0.5738,26,42,61
2026-04-17T04:26:04,video,30,15,0.0,cosine,15,0.1,euclidean,25,,leaf,cosine,42,7,0.5806,25,42,59
2026-04-17T04:26:04,video,30,15,0.0,cosine,15,0.1,cosine,25,,leaf,cosine,42,7,0.5806,25,42,59
2026-04-17T04:26:04,video,30,15,0.0,cosine,15,0.1,cosine,25,,leaf,euclidean,42,7,0.5738,26,42,61
2026-04-17T04:26:15,video,30,15,0.0,euclidean,15,0.1,euclidean,25,,leaf,euclidean,42,5,0.4467,37,47,223
2026-04-17T04:26:15,video,30,15,0.0,euclidean,15,0.1,euclidean,25,,leaf,cosine,42,5,0.4454,36,48,221
2026-04-17T04:26:15,video,30,15,0.0,euclidean,15,0.1,cosine,25,,leaf,euclidean,42,5,0.4467,37,47,223
2026-04-17T04:26:15,video,30,15,0.0,euclidean,15,0.1,cosine,25,,leaf,cosine,42,5,0.4454,36,48,221
2026-04-17T04:26:28,video,30,15,0.0,correlation,15,0.1,cosine,25,,leaf,euclidean,42,6,0.5915,42,49,60
2026-04-17T04:26:28,video,30,15,0.0,correlation,15,0.1,euclidean,25,,leaf,cosine,42,6,0.6093,26,46,68
2026-04-17T04:26:28,video,30,15,0.0,correlation,15,0.1,euclidean,25,,leaf,euclidean,42,6,0.5915,42,49,60
2026-04-17T04:26:28,video,30,15,0.0,correlation,15,0.1,cosine,25,,leaf,cosine,42,6,0.6093,26,46,68
2026-04-17T04:26:40,video,30,15,0.05,cosine,15,0.1,euclidean,10,,eom,cosine,42,17,0.3689,11,20,67
2026-04-17T04:26:40,video,30,15,0.05,cosine,15,0.1,cosine,10,,eom,cosine,42,17,0.3689,11,20,67
2026-04-17T04:26:40,video,30,15,0.05,cosine,15,0.1,euclidean,10,,eom,euclidean,42,3,0.0,16,17,699
2026-04-17T04:26:40,video,30,15,0.05,cosine,15,0.1,cosine,10,,eom,euclidean,42,3,0.0,16,17,699
2026-04-17T04:26:53,video,30,15,0.05,euclidean,15,0.1,euclidean,10,,eom,euclidean,42,3,0.0,16,16,700
2026-04-17T04:26:53,video,30,15,0.05,euclidean,15,0.1,euclidean,10,,eom,cosine,42,14,0.2746,10,16,210
2026-04-17T04:26:53,video,30,15,0.05,euclidean,15,0.1,cosine,10,,eom,cosine,42,14,0.2746,10,16,210
2026-04-17T04:26:53,video,30,15,0.05,euclidean,15,0.1,cosine,10,,eom,euclidean,42,3,0.0,16,16,700
2026-04-17T04:27:06,video,30,15,0.05,correlation,15,0.1,cosine,10,,eom,euclidean,42,3,0.0041,16,17,696
2026-04-17T04:27:06,video,30,15,0.05,correlation,15,0.1,euclidean,10,,eom,cosine,42,13,0.2814,14,21,213
2026-04-17T04:27:06,video,30,15,0.05,correlation,15,0.1,cosine,10,,eom,cosine,42,13,0.2814,14,21,213
2026-04-17T04:27:06,video,30,15,0.05,correlation,15,0.1,euclidean,10,,eom,euclidean,42,3,0.0041,16,17,696
2026-04-17T04:27:18,video,30,15,0.05,cosine,15,0.1,euclidean,10,,leaf,euclidean,42,18,0.3852,10,19,69
2026-04-17T04:27:18,video,30,15,0.05,cosine,15,0.1,euclidean,10,,leaf,cosine,42,18,0.388,11,18,67
2026-04-17T04:27:18,video,30,15,0.05,cosine,15,0.1,cosine,10,,leaf,euclidean,42,18,0.3852,10,19,69
2026-04-17T04:27:18,video,30,15,0.05,cosine,15,0.1,cosine,10,,leaf,cosine,42,18,0.388,11,18,67
2026-04-17T04:27:30,video,30,15,0.05,euclidean,15,0.1,euclidean,10,,leaf,euclidean,42,18,0.4426,12,16,60
2026-04-17T04:27:30,video,30,15,0.05,euclidean,15,0.1,euclidean,10,,leaf,cosine,42,19,0.474,10,16,61
2026-04-17T04:27:30,video,30,15,0.05,euclidean,15,0.1,cosine,10,,leaf,cosine,42,19,0.474,10,16,61
2026-04-17T04:27:30,video,30,15,0.05,euclidean,15,0.1,cosine,10,,leaf,euclidean,42,18,0.4426,12,16,60
2026-04-17T04:27:42,video,30,15,0.05,correlation,15,0.1,euclidean,10,,leaf,cosine,42,18,0.4358,13,19,56
2026-04-17T04:27:42,video,30,15,0.05,correlation,15,0.1,cosine,10,,leaf,euclidean,42,18,0.4481,11,18,57
2026-04-17T04:27:43,video,30,15,0.05,correlation,15,0.1,euclidean,10,,leaf,euclidean,42,18,0.4481,11,18,57
2026-04-17T04:27:43,video,30,15,0.05,correlation,15,0.1,cosine,10,,leaf,cosine,42,18,0.4358,13,19,56
2026-04-17T04:27:55,video,30,15,0.05,cosine,15,0.1,euclidean,15,,eom,euclidean,42,3,0.0,16,17,699
2026-04-17T04:27:55,video,30,15,0.05,cosine,15,0.1,cosine,15,,eom,cosine,42,3,0.0,16,17,699
2026-04-17T04:27:55,video,30,15,0.05,cosine,15,0.1,cosine,15,,eom,euclidean,42,3,0.0,16,17,699
2026-04-17T04:27:55,video,30,15,0.05,cosine,15,0.1,euclidean,15,,eom,cosine,42,3,0.0,16,17,699
2026-04-17T04:28:08,video,30,15,0.05,euclidean,15,0.1,euclidean,15,,eom,cosine,42,3,0.0,16,16,700
2026-04-17T04:28:08,video,30,15,0.05,euclidean,15,0.1,euclidean,15,,eom,euclidean,42,3,0.0,16,16,700
2026-04-17T04:28:08,video,30,15,0.05,euclidean,15,0.1,cosine,15,,eom,euclidean,42,3,0.0,16,16,700
2026-04-17T04:28:08,video,30,15,0.05,euclidean,15,0.1,cosine,15,,eom,cosine,42,3,0.0,16,16,700
2026-04-17T04:28:20,video,30,15,0.05,correlation,15,0.1,euclidean,15,,eom,cosine,42,5,0.1216,16,51,330
2026-04-17T04:28:20,video,30,15,0.05,correlation,15,0.1,euclidean,15,,eom,euclidean,42,5,0.1189,16,51,331
2026-04-17T04:28:20,video,30,15,0.05,correlation,15,0.1,cosine,15,,eom,euclidean,42,5,0.1189,16,51,331
2026-04-17T04:28:20,video,30,15,0.05,correlation,15,0.1,cosine,15,,eom,cosine,42,5,0.1216,16,51,330
2026-04-17T04:28:32,video,30,15,0.05,cosine,15,0.1,euclidean,15,,leaf,euclidean,42,12,0.4959,16,29,55
2026-04-17T04:28:33,video,30,15,0.05,cosine,15,0.1,cosine,15,,leaf,euclidean,42,12,0.4959,16,29,55
2026-04-17T04:28:33,video,30,15,0.05,cosine,15,0.1,euclidean,15,,leaf,cosine,42,11,0.4522,16,28,89
2026-04-17T04:28:33,video,30,15,0.05,cosine,15,0.1,cosine,15,,leaf,cosine,42,11,0.4522,16,28,89
2026-04-17T04:28:44,video,30,15,0.05,euclidean,15,0.1,euclidean,15,,leaf,euclidean,42,9,0.5301,16,48,55
2026-04-17T04:28:44,video,30,15,0.05,euclidean,15,0.1,euclidean,15,,leaf,cosine,42,10,0.5464,16,26,60
2026-04-17T04:28:44,video,30,15,0.05,euclidean,15,0.1,cosine,15,,leaf,euclidean,42,9,0.5301,16,48,55
2026-04-17T04:28:44,video,30,15,0.05,euclidean,15,0.1,cosine,15,,leaf,cosine,42,10,0.5464,16,26,60
2026-04-17T04:28:57,video,30,15,0.05,correlation,15,0.1,euclidean,15,,leaf,euclidean,42,12,0.4822,16,27,55
2026-04-17T04:28:57,video,30,15,0.05,correlation,15,0.1,cosine,15,,leaf,cosine,42,12,0.4754,16,27,55
2026-04-17T04:28:57,video,30,15,0.05,correlation,15,0.1,euclidean,15,,leaf,cosine,42,12,0.4754,16,27,55
2026-04-17T04:28:57,video,30,15,0.05,correlation,15,0.1,cosine,15,,leaf,euclidean,42,12,0.4822,16,27,55
2026-04-17T04:29:10,video,30,15,0.05,cosine,15,0.1,euclidean,25,,eom,euclidean,42,3,0.2008,41,209,335
2026-04-17T04:29:10,video,30,15,0.05,cosine,15,0.1,euclidean,25,,eom,cosine,42,3,0.25,41,192,316
2026-04-17T04:29:10,video,30,15,0.05,cosine,15,0.1,cosine,25,,eom,euclidean,42,3,0.2008,41,209,335
2026-04-17T04:29:10,video,30,15,0.05,cosine,15,0.1,cosine,25,,eom,cosine,42,3,0.25,41,192,316
2026-04-17T04:29:21,video,30,15,0.05,euclidean,15,0.1,euclidean,25,,eom,euclidean,42,3,0.265,35,212,291
2026-04-17T04:29:22,video,30,15,0.05,euclidean,15,0.1,cosine,25,,eom,euclidean,42,3,0.265,35,212,291
2026-04-17T04:29:22,video,30,15,0.05,euclidean,15,0.1,euclidean,25,,eom,cosine,42,3,0.2787,35,210,283
2026-04-17T04:29:22,video,30,15,0.05,euclidean,15,0.1,cosine,25,,eom,cosine,42,3,0.2787,35,210,283
2026-04-17T04:29:35,video,30,15,0.05,correlation,15,0.1,cosine,25,,eom,euclidean,42,3,0.2814,45,188,293
2026-04-17T04:29:35,video,30,15,0.05,correlation,15,0.1,euclidean,25,,eom,euclidean,42,3,0.2814,45,188,293
2026-04-17T04:29:35,video,30,15,0.05,correlation,15,0.1,cosine,25,,eom,cosine,42,3,0.2746,45,189,297
2026-04-17T04:29:35,video,30,15,0.05,correlation,15,0.1,euclidean,25,,eom,cosine,42,3,0.2746,45,189,297
2026-04-17T04:29:47,video,30,15,0.05,cosine,15,0.1,cosine,25,,leaf,euclidean,42,6,0.6612,33,41,55
2026-04-17T04:29:47,video,30,15,0.05,cosine,15,0.1,euclidean,25,,leaf,euclidean,42,6,0.6612,33,41,55
2026-04-17T04:29:47,video,30,15,0.05,cosine,15,0.1,cosine,25,,leaf,cosine,42,6,0.6393,35,40,60
2026-04-17T04:29:48,video,30,15,0.05,cosine,15,0.1,euclidean,25,,leaf,cosine,42,6,0.6393,35,40,60
2026-04-17T04:29:59,video,30,15,0.05,euclidean,15,0.1,euclidean,25,,leaf,euclidean,42,5,0.4986,35,41,212
2026-04-17T04:29:59,video,30,15,0.05,euclidean,15,0.1,euclidean,25,,leaf,cosine,42,5,0.4822,35,43,210
2026-04-17T04:29:59,video,30,15,0.05,euclidean,15,0.1,cosine,25,,leaf,cosine,42,5,0.4822,35,43,210
2026-04-17T04:29:59,video,30,15,0.05,euclidean,15,0.1,cosine,25,,leaf,euclidean,42,5,0.4986,35,41,212
2026-04-17T04:30:12,video,30,15,0.05,correlation,15,0.1,cosine,25,,leaf,cosine,42,5,0.5984,40,45,113
2026-04-17T04:30:12,video,30,15,0.05,correlation,15,0.1,cosine,25,,leaf,euclidean,42,5,0.6134,39,45,102
2026-04-17T04:30:12,video,30,15,0.05,correlation,15,0.1,euclidean,25,,leaf,euclidean,42,5,0.6134,39,45,102
2026-04-17T04:30:12,video,30,15,0.05,correlation,15,0.1,euclidean,25,,leaf,cosine,42,5,0.5984,40,45,113
2026-04-17T04:30:24,video,30,30,0.0,cosine,15,0.1,cosine,10,,eom,euclidean,42,6,0.1407,15,33,326
2026-04-17T04:30:24,video,30,30,0.0,cosine,15,0.1,euclidean,10,,eom,euclidean,42,6,0.1407,15,33,326
2026-04-17T04:30:24,video,30,30,0.0,cosine,15,0.1,euclidean,10,,eom,cosine,42,13,0.3279,12,18,210
2026-04-17T04:30:24,video,30,30,0.0,cosine,15,0.1,cosine,10,,eom,cosine,42,13,0.3279,12,18,210
2026-04-17T04:30:37,video,30,30,0.0,euclidean,15,0.1,euclidean,10,,eom,cosine,42,13,0.3224,13,18,205
2026-04-17T04:30:37,video,30,30,0.0,euclidean,15,0.1,euclidean,10,,eom,euclidean,42,2,0.0,16,366,716
2026-04-17T04:30:37,video,30,30,0.0,euclidean,15,0.1,cosine,10,,eom,euclidean,42,2,0.0,16,366,716
2026-04-17T04:30:37,video,30,30,0.0,euclidean,15,0.1,cosine,10,,eom,cosine,42,13,0.3224,13,18,205
2026-04-17T04:30:50,video,30,30,0.0,correlation,15,0.1,cosine,10,,eom,cosine,42,13,0.3538,11,18,194
2026-04-17T04:30:50,video,30,30,0.0,correlation,15,0.1,cosine,10,,eom,euclidean,42,3,0.0014,16,17,698
2026-04-17T04:30:50,video,30,30,0.0,correlation,15,0.1,euclidean,10,,eom,euclidean,42,3,0.0014,16,17,698
2026-04-17T04:30:50,video,30,30,0.0,correlation,15,0.1,euclidean,10,,eom,cosine,42,13,0.3538,11,18,194
2026-04-17T04:31:02,video,30,30,0.0,cosine,15,0.1,euclidean,10,,leaf,euclidean,42,16,0.526,12,17,50
2026-04-17T04:31:02,video,30,30,0.0,cosine,15,0.1,euclidean,10,,leaf,cosine,42,16,0.4672,12,20,66
2026-04-17T04:31:02,video,30,30,0.0,cosine,15,0.1,cosine,10,,leaf,cosine,42,16,0.4672,12,20,66
2026-04-17T04:31:02,video,30,30,0.0,cosine,15,0.1,cosine,10,,leaf,euclidean,42,16,0.526,12,17,50
2026-04-17T04:31:15,video,30,30,0.0,euclidean,15,0.1,euclidean,10,,leaf,euclidean,42,16,0.4809,13,16,67
2026-04-17T04:31:15,video,30,30,0.0,euclidean,15,0.1,euclidean,10,,leaf,cosine,42,16,0.5014,11,16,69
2026-04-17T04:31:15,video,30,30,0.0,euclidean,15,0.1,cosine,10,,leaf,euclidean,42,16,0.4809,13,16,67
2026-04-17T04:31:15,video,30,30,0.0,euclidean,15,0.1,cosine,10,,leaf,cosine,42,16,0.5014,11,16,69
2026-04-17T04:31:27,video,30,30,0.0,correlation,15,0.1,euclidean,10,,leaf,euclidean,42,17,0.4372,10,17,61
2026-04-17T04:31:27,video,30,30,0.0,correlation,15,0.1,euclidean,10,,leaf,cosine,42,16,0.4454,11,22,52
2026-04-17T04:31:27,video,30,30,0.0,correlation,15,0.1,cosine,10,,leaf,euclidean,42,17,0.4372,10,17,61
2026-04-17T04:31:28,video,30,30,0.0,correlation,15,0.1,cosine,10,,leaf,cosine,42,16,0.4454,11,22,52
2026-04-17T04:31:40,video,30,30,0.0,cosine,15,0.1,cosine,15,,eom,cosine,42,8,0.2842,16,46,229
2026-04-17T04:31:40,video,30,30,0.0,cosine,15,0.1,cosine,15,,eom,euclidean,42,8,0.2172,16,47,235
2026-04-17T04:31:40,video,30,30,0.0,cosine,15,0.1,euclidean,15,,eom,euclidean,42,8,0.2172,16,47,235
2026-04-17T04:31:41,video,30,30,0.0,cosine,15,0.1,euclidean,15,,eom,cosine,42,8,0.2842,16,46,229
2026-04-17T04:31:53,video,30,30,0.0,euclidean,15,0.1,euclidean,15,,eom,euclidean,42,2,0.0014,16,365,715
2026-04-17T04:31:53,video,30,30,0.0,euclidean,15,0.1,cosine,15,,eom,euclidean,42,2,0.0014,16,365,715
2026-04-17T04:31:53,video,30,30,0.0,euclidean,15,0.1,euclidean,15,,eom,cosine,42,4,0.1899,16,129,318
2026-04-17T04:31:53,video,30,30,0.0,euclidean,15,0.1,cosine,15,,eom,cosine,42,4,0.1899,16,129,318
2026-04-17T04:32:05,video,30,30,0.0,correlation,15,0.1,cosine,15,,eom,euclidean,42,5,0.1189,16,52,347
2026-04-17T04:32:05,video,30,30,0.0,correlation,15,0.1,euclidean,15,,eom,euclidean,42,5,0.1189,16,52,347
2026-04-17T04:32:06,video,30,30,0.0,correlation,15,0.1,euclidean,15,,eom,cosine,42,5,0.1079,16,52,347
2026-04-17T04:32:06,video,30,30,0.0,correlation,15,0.1,cosine,15,,eom,cosine,42,5,0.1079,16,52,347
2026-04-17T04:32:18,video,30,30,0.0,cosine,15,0.1,cosine,15,,leaf,cosine,42,10,0.4522,16,40,69
2026-04-17T04:32:18,video,30,30,0.0,cosine,15,0.1,cosine,15,,leaf,euclidean,42,11,0.459,16,35,77
2026-04-17T04:32:18,video,30,30,0.0,cosine,15,0.1,euclidean,15,,leaf,euclidean,42,11,0.459,16,35,77
2026-04-17T04:32:19,video,30,30,0.0,cosine,15,0.1,euclidean,15,,leaf,cosine,42,10,0.4522,16,40,69
2026-04-17T04:32:30,video,30,30,0.0,euclidean,15,0.1,euclidean,15,,leaf,euclidean,42,9,0.6298,15,25,63
2026-04-17T04:32:30,video,30,30,0.0,euclidean,15,0.1,cosine,15,,leaf,euclidean,42,9,0.6298,15,25,63
2026-04-17T04:32:30,video,30,30,0.0,euclidean,15,0.1,euclidean,15,,leaf,cosine,42,9,0.6189,16,26,64
2026-04-17T04:32:30,video,30,30,0.0,euclidean,15,0.1,cosine,15,,leaf,cosine,42,9,0.6189,16,26,64
2026-04-17T04:32:43,video,30,30,0.0,correlation,15,0.1,euclidean,15,,leaf,euclidean,42,13,0.4822,16,19,68
2026-04-17T04:32:43,video,30,30,0.0,correlation,15,0.1,euclidean,15,,leaf,cosine,42,13,0.4945,15,19,67
2026-04-17T04:32:44,video,30,30,0.0,correlation,15,0.1,cosine,15,,leaf,cosine,42,13,0.4945,15,19,67
2026-04-17T04:32:44,video,30,30,0.0,correlation,15,0.1,cosine,15,,leaf,euclidean,42,13,0.4822,16,19,68
2026-04-17T04:32:56,video,30,30,0.0,cosine,15,0.1,cosine,25,,eom,euclidean,42,3,0.1626,46,233,334
2026-04-17T04:32:56,video,30,30,0.0,cosine,15,0.1,euclidean,25,,eom,euclidean,42,3,0.1626,46,233,334
2026-04-17T04:32:56,video,30,30,0.0,cosine,15,0.1,cosine,25,,eom,cosine,42,3,0.2199,45,205,321
2026-04-17T04:32:56,video,30,30,0.0,cosine,15,0.1,euclidean,25,,eom,cosine,42,3,0.2199,45,205,321
2026-04-17T04:33:08,video,30,30,0.0,euclidean,15,0.1,euclidean,25,,eom,cosine,42,3,0.2391,37,209,311
2026-04-17T04:33:08,video,30,30,0.0,euclidean,15,0.1,euclidean,25,,eom,euclidean,42,3,0.2336,37,206,318
2026-04-17T04:33:08,video,30,30,0.0,euclidean,15,0.1,cosine,25,,eom,euclidean,42,3,0.2336,37,206,318
2026-04-17T04:33:08,video,30,30,0.0,euclidean,15,0.1,cosine,25,,eom,cosine,42,3,0.2391,37,209,311
2026-04-17T04:33:22,video,30,30,0.0,correlation,15,0.1,euclidean,25,,eom,euclidean,42,3,0.1626,48,219,346
2026-04-17T04:33:22,video,30,30,0.0,correlation,15,0.1,cosine,25,,eom,euclidean,42,3,0.1626,48,219,346
2026-04-17T04:33:22,video,30,30,0.0,correlation,15,0.1,cosine,25,,eom,cosine,42,3,0.1612,48,220,346
2026-04-17T04:33:22,video,30,30,0.0,correlation,15,0.1,euclidean,25,,eom,cosine,42,3,0.1612,48,220,346
2026-04-17T04:33:34,video,30,30,0.0,cosine,15,0.1,cosine,25,,leaf,euclidean,42,6,0.6421,27,41,75
2026-04-17T04:33:34,video,30,30,0.0,cosine,15,0.1,euclidean,25,,leaf,euclidean,42,6,0.6421,27,41,75
2026-04-17T04:33:34,video,30,30,0.0,cosine,15,0.1,cosine,25,,leaf,cosine,42,6,0.5902,32,48,78
2026-04-17T04:33:34,video,30,30,0.0,cosine,15,0.1,euclidean,25,,leaf,cosine,42,6,0.5902,32,48,78
2026-04-17T04:33:46,video,30,30,0.0,euclidean,15,0.1,euclidean,25,,leaf,euclidean,42,5,0.4331,37,58,206
2026-04-17T04:33:46,video,30,30,0.0,euclidean,15,0.1,euclidean,25,,leaf,cosine,42,5,0.4467,37,53,209
2026-04-17T04:33:46,video,30,30,0.0,euclidean,15,0.1,cosine,25,,leaf,euclidean,42,5,0.4331,37,58,206
2026-04-17T04:33:47,video,30,30,0.0,euclidean,15,0.1,cosine,25,,leaf,cosine,42,5,0.4467,37,53,209
2026-04-17T04:34:00,video,30,30,0.0,correlation,15,0.1,cosine,25,,leaf,cosine,42,6,0.6038,26,48,69
2026-04-17T04:34:00,video,30,30,0.0,correlation,15,0.1,euclidean,25,,leaf,cosine,42,6,0.6038,26,48,69
2026-04-17T04:34:00,video,30,30,0.0,correlation,15,0.1,euclidean,25,,leaf,euclidean,42,6,0.6079,30,47,68
2026-04-17T04:34:00,video,30,30,0.0,correlation,15,0.1,cosine,25,,leaf,euclidean,42,6,0.6079,30,47,68
2026-04-17T04:34:13,video,30,30,0.05,cosine,15,0.1,euclidean,10,,eom,euclidean,42,3,0.0123,16,17,690
2026-04-17T04:34:13,video,30,30,0.05,cosine,15,0.1,euclidean,10,,eom,cosine,42,13,0.3921,11,16,199
2026-04-17T04:34:13,video,30,30,0.05,cosine,15,0.1,cosine,10,,eom,cosine,42,13,0.3921,11,16,199
2026-04-17T04:34:13,video,30,30,0.05,cosine,15,0.1,cosine,10,,eom,euclidean,42,3,0.0123,16,17,690
2026-04-17T04:34:24,video,30,30,0.05,euclidean,15,0.1,cosine,10,,eom,cosine,42,13,0.3893,11,16,188
2026-04-17T04:34:24,video,30,30,0.05,euclidean,15,0.1,euclidean,10,,eom,euclidean,42,2,0.0041,16,364,713
2026-04-17T04:34:24,video,30,30,0.05,euclidean,15,0.1,euclidean,10,,eom,cosine,42,13,0.3893,11,16,188
2026-04-17T04:34:24,video,30,30,0.05,euclidean,15,0.1,cosine,10,,eom,euclidean,42,2,0.0041,16,364,713
2026-04-17T04:34:38,video,30,30,0.05,correlation,15,0.1,euclidean,10,,eom,euclidean,42,7,0.1339,13,17,321
2026-04-17T04:34:38,video,30,30,0.05,correlation,15,0.1,euclidean,10,,eom,cosine,42,12,0.3156,10,21,196
2026-04-17T04:34:38,video,30,30,0.05,correlation,15,0.1,cosine,10,,eom,euclidean,42,7,0.1339,13,17,321
2026-04-17T04:34:38,video,30,30,0.05,correlation,15,0.1,cosine,10,,eom,cosine,42,12,0.3156,10,21,196
2026-04-17T04:34:50,video,30,30,0.05,cosine,15,0.1,cosine,10,,leaf,euclidean,42,16,0.5082,12,17,57
2026-04-17T04:34:50,video,30,30,0.05,cosine,15,0.1,euclidean,10,,leaf,cosine,42,17,0.556,11,16,38
2026-04-17T04:34:50,video,30,30,0.05,cosine,15,0.1,euclidean,10,,leaf,euclidean,42,16,0.5082,12,17,57
2026-04-17T04:34:50,video,30,30,0.05,cosine,15,0.1,cosine,10,,leaf,cosine,42,17,0.556,11,16,38
2026-04-17T04:35:02,video,30,30,0.05,euclidean,15,0.1,euclidean,10,,leaf,euclidean,42,17,0.5751,11,16,38
2026-04-17T04:35:02,video,30,30,0.05,euclidean,15,0.1,euclidean,10,,leaf,cosine,42,18,0.5984,10,14,42
2026-04-17T04:35:02,video,30,30,0.05,euclidean,15,0.1,cosine,10,,leaf,euclidean,42,17,0.5751,11,16,38
2026-04-17T04:35:02,video,30,30,0.05,euclidean,15,0.1,cosine,10,,leaf,cosine,42,18,0.5984,10,14,42
2026-04-17T04:35:15,video,30,30,0.05,correlation,15,0.1,euclidean,10,,leaf,euclidean,42,16,0.4795,10,19,52
2026-04-17T04:35:16,video,30,30,0.05,correlation,15,0.1,cosine,10,,leaf,cosine,42,15,0.4303,10,23,70
2026-04-17T04:35:16,video,30,30,0.05,correlation,15,0.1,euclidean,10,,leaf,cosine,42,15,0.4303,10,23,70
2026-04-17T04:35:16,video,30,30,0.05,correlation,15,0.1,cosine,10,,leaf,euclidean,42,16,0.4795,10,19,52
2026-04-17T04:35:28,video,30,30,0.05,cosine,15,0.1,cosine,15,,eom,euclidean,42,3,0.0232,16,17,682
2026-04-17T04:35:28,video,30,30,0.05,cosine,15,0.1,euclidean,15,,eom,cosine,42,8,0.3197,16,43,224
2026-04-17T04:35:28,video,30,30,0.05,cosine,15,0.1,euclidean,15,,eom,euclidean,42,3,0.0232,16,17,682
2026-04-17T04:35:28,video,30,30,0.05,cosine,15,0.1,cosine,15,,eom,cosine,42,8,0.3197,16,43,224
2026-04-17T04:35:40,video,30,30,0.05,euclidean,15,0.1,euclidean,15,,eom,euclidean,42,2,0.0342,16,353,691
2026-04-17T04:35:40,video,30,30,0.05,euclidean,15,0.1,euclidean,15,,eom,cosine,42,2,0.0164,16,360,704
2026-04-17T04:35:40,video,30,30,0.05,euclidean,15,0.1,cosine,15,,eom,euclidean,42,2,0.0342,16,353,691
2026-04-17T04:35:40,video,30,30,0.05,euclidean,15,0.1,cosine,15,,eom,cosine,42,2,0.0164,16,360,704
2026-04-17T04:35:53,video,30,30,0.05,correlation,15,0.1,euclidean,15,,eom,euclidean,42,5,0.1667,16,50,314
2026-04-17T04:35:53,video,30,30,0.05,correlation,15,0.1,cosine,15,,eom,euclidean,42,5,0.1667,16,50,314
2026-04-17T04:35:53,video,30,30,0.05,correlation,15,0.1,euclidean,15,,eom,cosine,42,5,0.1626,16,51,315
2026-04-17T04:35:53,video,30,30,0.05,correlation,15,0.1,cosine,15,,eom,cosine,42,5,0.1626,16,51,315
2026-04-17T04:36:05,video,30,30,0.05,cosine,15,0.1,cosine,15,,leaf,euclidean,42,10,0.5164,16,36,63
2026-04-17T04:36:06,video,30,30,0.05,cosine,15,0.1,euclidean,15,,leaf,euclidean,42,10,0.5164,16,36,63
2026-04-17T04:36:06,video,30,30,0.05,cosine,15,0.1,euclidean,15,,leaf,cosine,42,10,0.5068,16,36,63
2026-04-17T04:36:06,video,30,30,0.05,cosine,15,0.1,cosine,15,,leaf,cosine,42,10,0.5068,16,36,63
2026-04-17T04:36:18,video,30,30,0.05,euclidean,15,0.1,cosine,15,,leaf,euclidean,42,8,0.4372,16,32,189
2026-04-17T04:36:18,video,30,30,0.05,euclidean,15,0.1,euclidean,15,,leaf,euclidean,42,8,0.4372,16,32,189
2026-04-17T04:36:18,video,30,30,0.05,euclidean,15,0.1,euclidean,15,,leaf,cosine,42,9,0.6639,15,22,61
2026-04-17T04:36:18,video,30,30,0.05,euclidean,15,0.1,cosine,15,,leaf,cosine,42,9,0.6639,15,22,61
2026-04-17T04:36:31,video,30,30,0.05,correlation,15,0.1,euclidean,15,,leaf,cosine,42,11,0.5669,15,18,65
2026-04-17T04:36:31,video,30,30,0.05,correlation,15,0.1,cosine,15,,leaf,euclidean,42,11,0.5205,16,25,65
2026-04-17T04:36:31,video,30,30,0.05,correlation,15,0.1,cosine,15,,leaf,cosine,42,11,0.5669,15,18,65
2026-04-17T04:36:31,video,30,30,0.05,correlation,15,0.1,euclidean,15,,leaf,euclidean,42,11,0.5205,16,25,65
2026-04-17T04:36:44,video,30,30,0.05,cosine,15,0.1,euclidean,25,,eom,cosine,42,3,0.2213,44,211,315
2026-04-17T04:36:44,video,30,30,0.05,cosine,15,0.1,euclidean,25,,eom,euclidean,42,3,0.2336,43,221,297
2026-04-17T04:36:44,video,30,30,0.05,cosine,15,0.1,cosine,25,,eom,euclidean,42,3,0.2336,43,221,297
2026-04-17T04:36:44,video,30,30,0.05,cosine,15,0.1,cosine,25,,eom,cosine,42,3,0.2213,44,211,315
2026-04-17T04:36:55,video,30,30,0.05,euclidean,15,0.1,euclidean,25,,eom,euclidean,42,3,0.2609,35,211,295
2026-04-17T04:36:56,video,30,30,0.05,euclidean,15,0.1,euclidean,25,,eom,cosine,42,3,0.2896,30,198,292
2026-04-17T04:36:56,video,30,30,0.05,euclidean,15,0.1,cosine,25,,eom,cosine,42,3,0.2896,30,198,292
2026-04-17T04:36:56,video,30,30,0.05,euclidean,15,0.1,cosine,25,,eom,euclidean,42,3,0.2609,35,211,295
2026-04-17T04:37:09,video,30,30,0.05,correlation,15,0.1,cosine,25,,eom,euclidean,42,3,0.2049,43,212,327
2026-04-17T04:37:09,video,30,30,0.05,correlation,15,0.1,euclidean,25,,eom,cosine,42,3,0.2063,43,210,328
2026-04-17T04:37:09,video,30,30,0.05,correlation,15,0.1,euclidean,25,,eom,euclidean,42,3,0.2049,43,212,327
2026-04-17T04:37:09,video,30,30,0.05,correlation,15,0.1,cosine,25,,eom,cosine,42,3,0.2063,43,210,328
2026-04-17T04:37:22,video,30,30,0.05,cosine,15,0.1,euclidean,25,,leaf,euclidean,42,5,0.4385,38,49,221
2026-04-17T04:37:22,video,30,30,0.05,cosine,15,0.1,euclidean,25,,leaf,cosine,42,6,0.4372,30,44,211
2026-04-17T04:37:22,video,30,30,0.05,cosine,15,0.1,cosine,25,,leaf,euclidean,42,5,0.4385,38,49,221
2026-04-17T04:37:22,video,30,30,0.05,cosine,15,0.1,cosine,25,,leaf,cosine,42,6,0.4372,30,44,211
2026-04-17T04:37:34,video,30,30,0.05,euclidean,15,0.1,euclidean,25,,leaf,cosine,42,5,0.5,30,49,198
2026-04-17T04:37:34,video,30,30,0.05,euclidean,15,0.1,euclidean,25,,leaf,euclidean,42,5,0.4672,34,52,211
2026-04-17T04:37:34,video,30,30,0.05,euclidean,15,0.1,cosine,25,,leaf,cosine,42,5,0.5,30,49,198
2026-04-17T04:37:34,video,30,30,0.05,euclidean,15,0.1,cosine,25,,leaf,euclidean,42,5,0.4672,34,52,211
2026-04-17T04:37:47,video,30,30,0.05,correlation,15,0.1,euclidean,25,,leaf,euclidean,42,5,0.4358,43,47,212
2026-04-17T04:37:47,video,30,30,0.05,correlation,15,0.1,euclidean,25,,leaf,cosine,42,5,0.4372,43,49,210
2026-04-17T04:37:47,video,30,30,0.05,correlation,15,0.1,cosine,25,,leaf,cosine,42,5,0.4372,43,49,210
2026-04-17T04:37:47,video,30,30,0.05,correlation,15,0.1,cosine,25,,leaf,euclidean,42,5,0.4358,43,47,212
2026-04-17T04:37:59,video,35,10,0.0,cosine,15,0.1,cosine,10,,eom,euclidean,42,18,0.3648,12,19,66
2026-04-17T04:37:59,video,35,10,0.0,cosine,15,0.1,euclidean,10,,eom,cosine,42,18,0.362,12,19,70
2026-04-17T04:37:59,video,35,10,0.0,cosine,15,0.1,euclidean,10,,eom,euclidean,42,18,0.3648,12,19,66
2026-04-17T04:37:59,video,35,10,0.0,cosine,15,0.1,cosine,10,,eom,cosine,42,18,0.362,12,19,70
2026-04-17T04:38:11,video,35,10,0.0,euclidean,15,0.1,cosine,10,,eom,euclidean,42,4,0.0082,14,16,680
2026-04-17T04:38:11,video,35,10,0.0,euclidean,15,0.1,euclidean,10,,eom,euclidean,42,4,0.0082,14,16,680
2026-04-17T04:38:11,video,35,10,0.0,euclidean,15,0.1,cosine,10,,eom,cosine,42,16,0.2336,11,17,221
2026-04-17T04:38:11,video,35,10,0.0,euclidean,15,0.1,euclidean,10,,eom,cosine,42,16,0.2336,11,17,221
2026-04-17T04:38:24,video,35,10,0.0,correlation,15,0.1,cosine,10,,eom,euclidean,42,5,0.0,15,17,662
2026-04-17T04:38:24,video,35,10,0.0,correlation,15,0.1,euclidean,10,,eom,cosine,42,18,0.3402,13,21,76
2026-04-17T04:38:24,video,35,10,0.0,correlation,15,0.1,euclidean,10,,eom,euclidean,42,5,0.0,15,17,662
2026-04-17T04:38:24,video,35,10,0.0,correlation,15,0.1,cosine,10,,eom,cosine,42,18,0.3402,13,21,76
2026-04-17T04:38:36,video,35,10,0.0,cosine,15,0.1,cosine,10,,leaf,euclidean,42,19,0.3798,12,18,66
2026-04-17T04:38:36,video,35,10,0.0,cosine,15,0.1,euclidean,10,,leaf,euclidean,42,19,0.3798,12,18,66
2026-04-17T04:38:36,video,35,10,0.0,cosine,15,0.1,euclidean,10,,leaf,cosine,42,19,0.3743,12,19,70
2026-04-17T04:38:36,video,35,10,0.0,cosine,15,0.1,cosine,10,,leaf,cosine,42,19,0.3743,12,19,70
2026-04-17T04:38:48,video,35,10,0.0,euclidean,15,0.1,euclidean,10,,leaf,euclidean,42,23,0.4344,10,16,39
2026-04-17T04:38:48,video,35,10,0.0,euclidean,15,0.1,cosine,10,,leaf,cosine,42,22,0.4508,10,16,39
2026-04-17T04:38:48,video,35,10,0.0,euclidean,15,0.1,euclidean,10,,leaf,cosine,42,22,0.4508,10,16,39
2026-04-17T04:38:49,video,35,10,0.0,euclidean,15,0.1,cosine,10,,leaf,euclidean,42,23,0.4344,10,16,39
2026-04-17T04:39:00,video,35,10,0.0,correlation,15,0.1,euclidean,10,,leaf,euclidean,42,20,0.4112,11,19,45
2026-04-17T04:39:00,video,35,10,0.0,correlation,15,0.1,cosine,10,,leaf,euclidean,42,20,0.4112,11,19,45
2026-04-17T04:39:01,video,35,10,0.0,correlation,15,0.1,cosine,10,,leaf,cosine,42,20,0.4044,12,21,46
2026-04-17T04:39:01,video,35,10,0.0,correlation,15,0.1,euclidean,10,,leaf,cosine,42,20,0.4044,12,21,46
2026-04-17T04:39:13,video,35,10,0.0,cosine,15,0.1,euclidean,15,,eom,cosine,42,11,0.2404,16,23,210
2026-04-17T04:39:13,video,35,10,0.0,cosine,15,0.1,cosine,15,,eom,euclidean,42,8,0.1366,16,32,248
2026-04-17T04:39:13,video,35,10,0.0,cosine,15,0.1,euclidean,15,,eom,euclidean,42,8,0.1366,16,32,248
2026-04-17T04:39:13,video,35,10,0.0,cosine,15,0.1,cosine,15,,eom,cosine,42,11,0.2404,16,23,210
2026-04-17T04:39:25,video,35,10,0.0,euclidean,15,0.1,euclidean,15,,eom,cosine,42,3,0.026,16,16,681
2026-04-17T04:39:25,video,35,10,0.0,euclidean,15,0.1,euclidean,15,,eom,euclidean,42,3,0.026,16,16,681
2026-04-17T04:39:25,video,35,10,0.0,euclidean,15,0.1,cosine,15,,eom,euclidean,42,3,0.026,16,16,681
2026-04-17T04:39:25,video,35,10,0.0,euclidean,15,0.1,cosine,15,,eom,cosine,42,3,0.026,16,16,681
2026-04-17T04:39:37,video,35,10,0.0,correlation,15,0.1,euclidean,15,,eom,euclidean,42,4,0.0,16,27,662
2026-04-17T04:39:38,video,35,10,0.0,correlation,15,0.1,euclidean,15,,eom,cosine,42,10,0.1872,16,38,197
2026-04-17T04:39:38,video,35,10,0.0,correlation,15,0.1,cosine,15,,eom,euclidean,42,4,0.0,16,27,662
2026-04-17T04:39:38,video,35,10,0.0,correlation,15,0.1,cosine,15,,eom,cosine,42,10,0.1872,16,38,197
2026-04-17T04:39:50,video,35,10,0.0,cosine,15,0.1,cosine,15,,leaf,euclidean,42,13,0.3811,16,23,76
2026-04-17T04:39:50,video,35,10,0.0,cosine,15,0.1,euclidean,15,,leaf,euclidean,42,13,0.3811,16,23,76
2026-04-17T04:39:50,video,35,10,0.0,cosine,15,0.1,euclidean,15,,leaf,cosine,42,13,0.4044,16,22,73
2026-04-17T04:39:50,video,35,10,0.0,cosine,15,0.1,cosine,15,,leaf,cosine,42,13,0.4044,16,22,73
2026-04-17T04:40:02,video,35,10,0.0,euclidean,15,0.1,euclidean,15,,leaf,euclidean,42,11,0.5369,15,24,66
2026-04-17T04:40:02,video,35,10,0.0,euclidean,15,0.1,euclidean,15,,leaf,cosine,42,10,0.5137,16,29,62
2026-04-17T04:40:02,video,35,10,0.0,euclidean,15,0.1,cosine,15,,leaf,euclidean,42,11,0.5369,15,24,66
2026-04-17T04:40:03,video,35,10,0.0,euclidean,15,0.1,cosine,15,,leaf,cosine,42,10,0.5137,16,29,62
2026-04-17T04:40:15,video,35,10,0.0,correlation,15,0.1,euclidean,15,,leaf,euclidean,42,14,0.3852,15,26,88
2026-04-17T04:40:15,video,35,10,0.0,correlation,15,0.1,cosine,15,,leaf,euclidean,42,14,0.3852,15,26,88
2026-04-17T04:40:15,video,35,10,0.0,correlation,15,0.1,euclidean,15,,leaf,cosine,42,13,0.2896,16,36,108
2026-04-17T04:40:15,video,35,10,0.0,correlation,15,0.1,cosine,15,,leaf,cosine,42,13,0.2896,16,36,108
2026-04-17T04:40:26,video,35,10,0.0,cosine,15,0.1,euclidean,25,,eom,euclidean,42,3,0.2486,42,201,307
2026-04-17T04:40:27,video,35,10,0.0,cosine,15,0.1,euclidean,25,,eom,cosine,42,4,0.2937,38,122,234
2026-04-17T04:40:27,video,35,10,0.0,cosine,15,0.1,cosine,25,,eom,euclidean,42,3,0.2486,42,201,307
2026-04-17T04:40:27,video,35,10,0.0,cosine,15,0.1,cosine,25,,eom,cosine,42,4,0.2937,38,122,234
2026-04-17T04:40:39,video,35,10,0.0,euclidean,15,0.1,euclidean,25,,eom,euclidean,42,3,0.224,37,221,310
2026-04-17T04:40:39,video,35,10,0.0,euclidean,15,0.1,euclidean,25,,eom,cosine,42,3,0.2254,35,225,307
2026-04-17T04:40:39,video,35,10,0.0,euclidean,15,0.1,cosine,25,,eom,euclidean,42,3,0.224,37,221,310
2026-04-17T04:40:39,video,35,10,0.0,euclidean,15,0.1,cosine,25,,eom,cosine,42,3,0.2254,35,225,307
2026-04-17T04:40:51,video,35,10,0.0,correlation,15,0.1,euclidean,25,,eom,euclidean,42,4,0.3374,37,116,216
2026-04-17T04:40:51,video,35,10,0.0,correlation,15,0.1,euclidean,25,,eom,cosine,42,4,0.3415,36,113,219
2026-04-17T04:40:51,video,35,10,0.0,correlation,15,0.1,cosine,25,,eom,euclidean,42,4,0.3374,37,116,216
2026-04-17T04:40:52,video,35,10,0.0,correlation,15,0.1,cosine,25,,eom,cosine,42,4,0.3415,36,113,219
2026-04-17T04:41:04,video,35,10,0.0,cosine,15,0.1,cosine,25,,leaf,euclidean,42,6,0.5738,38,44,77
2026-04-17T04:41:04,video,35,10,0.0,cosine,15,0.1,euclidean,25,,leaf,euclidean,42,6,0.5738,38,44,77
2026-04-17T04:41:04,video,35,10,0.0,cosine,15,0.1,cosine,25,,leaf,cosine,42,6,0.5383,38,48,94
2026-04-17T04:41:04,video,35,10,0.0,cosine,15,0.1,euclidean,25,,leaf,cosine,42,6,0.5383,38,48,94
2026-04-17T04:41:16,video,35,10,0.0,euclidean,15,0.1,euclidean,25,,leaf,euclidean,42,5,0.3852,37,59,221
2026-04-17T04:41:16,video,35,10,0.0,euclidean,15,0.1,euclidean,25,,leaf,cosine,42,5,0.4139,35,56,225
2026-04-17T04:41:16,video,35,10,0.0,euclidean,15,0.1,cosine,25,,leaf,cosine,42,5,0.4139,35,56,225
2026-04-17T04:41:16,video,35,10,0.0,euclidean,15,0.1,cosine,25,,leaf,euclidean,42,5,0.3852,37,59,221
2026-04-17T04:41:28,video,35,10,0.0,correlation,15,0.1,cosine,25,,leaf,cosine,42,6,0.5628,33,45,86
2026-04-17T04:41:28,video,35,10,0.0,correlation,15,0.1,euclidean,25,,leaf,cosine,42,6,0.5628,33,45,86
2026-04-17T04:41:29,video,35,10,0.0,correlation,15,0.1,euclidean,25,,leaf,euclidean,42,6,0.5943,34,37,78
2026-04-17T04:41:29,video,35,10,0.0,correlation,15,0.1,cosine,25,,leaf,euclidean,42,6,0.5943,34,37,78
2026-04-17T04:41:41,video,35,10,0.05,cosine,15,0.1,cosine,10,,eom,euclidean,42,3,0.0,16,17,699
2026-04-17T04:41:41,video,35,10,0.05,cosine,15,0.1,euclidean,10,,eom,euclidean,42,3,0.0,16,17,699
2026-04-17T04:41:41,video,35,10,0.05,cosine,15,0.1,cosine,10,,eom,cosine,42,18,0.3934,11,19,59
2026-04-17T04:41:41,video,35,10,0.05,cosine,15,0.1,euclidean,10,,eom,cosine,42,18,0.3934,11,19,59
2026-04-17T04:41:52,video,35,10,0.05,euclidean,15,0.1,euclidean,10,,eom,euclidean,42,4,0.0137,14,16,676
2026-04-17T04:41:53,video,35,10,0.05,euclidean,15,0.1,cosine,10,,eom,euclidean,42,4,0.0137,14,16,676
2026-04-17T04:41:53,video,35,10,0.05,euclidean,15,0.1,euclidean,10,,eom,cosine,42,15,0.2855,11,16,205
2026-04-17T04:41:53,video,35,10,0.05,euclidean,15,0.1,cosine,10,,eom,cosine,42,15,0.2855,11,16,205
2026-04-17T04:42:05,video,35,10,0.05,correlation,15,0.1,cosine,10,,eom,euclidean,42,5,0.0,14,16,662
2026-04-17T04:42:06,video,35,10,0.05,correlation,15,0.1,euclidean,10,,eom,euclidean,42,5,0.0,14,16,662
2026-04-17T04:42:06,video,35,10,0.05,correlation,15,0.1,euclidean,10,,eom,cosine,42,18,0.3566,13,21,69
2026-04-17T04:42:06,video,35,10,0.05,correlation,15,0.1,cosine,10,,eom,cosine,42,18,0.3566,13,21,69
2026-04-17T04:42:18,video,35,10,0.05,cosine,15,0.1,cosine,10,,leaf,euclidean,42,19,0.4276,12,18,52
2026-04-17T04:42:18,video,35,10,0.05,cosine,15,0.1,euclidean,10,,leaf,euclidean,42,19,0.4276,12,18,52
2026-04-17T04:42:18,video,35,10,0.05,cosine,15,0.1,cosine,10,,leaf,cosine,42,19,0.4098,11,19,59
2026-04-17T04:42:18,video,35,10,0.05,cosine,15,0.1,euclidean,10,,leaf,cosine,42,19,0.4098,11,19,59
2026-04-17T04:42:30,video,35,10,0.05,euclidean,15,0.1,cosine,10,,leaf,euclidean,42,21,0.4727,11,15,33
2026-04-17T04:42:30,video,35,10,0.05,euclidean,15,0.1,euclidean,10,,leaf,euclidean,42,21,0.4727,11,15,33
2026-04-17T04:42:30,video,35,10,0.05,euclidean,15,0.1,euclidean,10,,leaf,cosine,42,21,0.4891,10,16,33
2026-04-17T04:42:31,video,35,10,0.05,euclidean,15,0.1,cosine,10,,leaf,cosine,42,21,0.4891,10,16,33
2026-04-17T04:42:42,video,35,10,0.05,correlation,15,0.1,euclidean,10,,leaf,euclidean,42,20,0.4208,12,18,44
2026-04-17T04:42:42,video,35,10,0.05,correlation,15,0.1,cosine,10,,leaf,euclidean,42,20,0.4208,12,18,44
2026-04-17T04:42:42,video,35,10,0.05,correlation,15,0.1,cosine,10,,leaf,cosine,42,19,0.3975,12,19,45
2026-04-17T04:42:43,video,35,10,0.05,correlation,15,0.1,euclidean,10,,leaf,cosine,42,19,0.3975,12,19,45
2026-04-17T04:42:55,video,35,10,0.05,cosine,15,0.1,cosine,15,,eom,euclidean,42,3,0.0,16,17,699
2026-04-17T04:42:55,video,35,10,0.05,cosine,15,0.1,euclidean,15,,eom,euclidean,42,3,0.0,16,17,699
2026-04-17T04:42:55,video,35,10,0.05,cosine,15,0.1,euclidean,15,,eom,cosine,42,7,0.1544,16,41,272
2026-04-17T04:42:55,video,35,10,0.05,cosine,15,0.1,cosine,15,,eom,cosine,42,7,0.1544,16,41,272
2026-04-17T04:43:07,video,35,10,0.05,euclidean,15,0.1,euclidean,15,,eom,euclidean,42,3,0.026,16,16,681
2026-04-17T04:43:07,video,35,10,0.05,euclidean,15,0.1,euclidean,15,,eom,cosine,42,3,0.026,16,16,681
2026-04-17T04:43:07,video,35,10,0.05,euclidean,15,0.1,cosine,15,,eom,euclidean,42,3,0.026,16,16,681
2026-04-17T04:43:07,video,35,10,0.05,euclidean,15,0.1,cosine,15,,eom,cosine,42,3,0.026,16,16,681
2026-04-17T04:43:19,video,35,10,0.05,correlation,15,0.1,cosine,15,,eom,euclidean,42,4,0.0219,16,26,648
2026-04-17T04:43:19,video,35,10,0.05,correlation,15,0.1,euclidean,15,,eom,euclidean,42,4,0.0219,16,26,648
2026-04-17T04:43:19,video,35,10,0.05,correlation,15,0.1,euclidean,15,,eom,cosine,42,4,0.0164,16,27,650
2026-04-17T04:43:20,video,35,10,0.05,correlation,15,0.1,cosine,15,,eom,cosine,42,4,0.0164,16,27,650
2026-04-17T04:43:32,video,35,10,0.05,cosine,15,0.1,euclidean,15,,leaf,euclidean,42,12,0.4713,16,25,59
2026-04-17T04:43:32,video,35,10,0.05,cosine,15,0.1,cosine,15,,leaf,cosine,42,12,0.4508,16,27,63
2026-04-17T04:43:32,video,35,10,0.05,cosine,15,0.1,cosine,15,,leaf,euclidean,42,12,0.4713,16,25,59
2026-04-17T04:43:32,video,35,10,0.05,cosine,15,0.1,euclidean,15,,leaf,cosine,42,12,0.4508,16,27,63
2026-04-17T04:43:44,video,35,10,0.05,euclidean,15,0.1,euclidean,15,,leaf,cosine,42,11,0.5956,15,17,58
2026-04-17T04:43:44,video,35,10,0.05,euclidean,15,0.1,euclidean,15,,leaf,euclidean,42,10,0.5546,15,22,62
2026-04-17T04:43:44,video,35,10,0.05,euclidean,15,0.1,cosine,15,,leaf,cosine,42,11,0.5956,15,17,58
2026-04-17T04:43:44,video,35,10,0.05,euclidean,15,0.1,cosine,15,,leaf,euclidean,42,10,0.5546,15,22,62
2026-04-17T04:43:56,video,35,10,0.05,correlation,15,0.1,euclidean,15,,leaf,cosine,42,12,0.3948,15,38,85
2026-04-17T04:43:56,video,35,10,0.05,correlation,15,0.1,euclidean,15,,leaf,euclidean,42,13,0.4071,15,36,67
2026-04-17T04:43:56,video,35,10,0.05,correlation,15,0.1,cosine,15,,leaf,cosine,42,12,0.3948,15,38,85
2026-04-17T04:43:57,video,35,10,0.05,correlation,15,0.1,cosine,15,,leaf,euclidean,42,13,0.4071,15,36,67
2026-04-17T04:44:08,video,35,10,0.05,cosine,15,0.1,euclidean,25,,eom,euclidean,42,4,0.3593,35,110,214
2026-04-17T04:44:09,video,35,10,0.05,cosine,15,0.1,cosine,25,,eom,cosine,42,4,0.3443,36,110,224
2026-04-17T04:44:09,video,35,10,0.05,cosine,15,0.1,euclidean,25,,eom,cosine,42,4,0.3443,36,110,224
2026-04-17T04:44:09,video,35,10,0.05,cosine,15,0.1,cosine,25,,eom,euclidean,42,4,0.3593,35,110,214
2026-04-17T04:44:21,video,35,10,0.05,euclidean,15,0.1,euclidean,25,,eom,euclidean,42,3,0.2896,30,212,278
2026-04-17T04:44:21,video,35,10,0.05,euclidean,15,0.1,cosine,25,,eom,euclidean,42,3,0.2896,30,212,278
2026-04-17T04:44:21,video,35,10,0.05,euclidean,15,0.1,euclidean,25,,eom,cosine,42,3,0.276,31,215,284
2026-04-17T04:44:22,video,35,10,0.05,euclidean,15,0.1,cosine,25,,eom,cosine,42,3,0.276,31,215,284
2026-04-17T04:44:34,video,35,10,0.05,correlation,15,0.1,euclidean,25,,eom,euclidean,42,4,0.4098,32,108,183
2026-04-17T04:44:34,video,35,10,0.05,correlation,15,0.1,cosine,25,,eom,euclidean,42,4,0.4098,32,108,183
2026-04-17T04:44:34,video,35,10,0.05,correlation,15,0.1,cosine,25,,eom,cosine,42,4,0.3934,32,104,203
2026-04-17T04:44:34,video,35,10,0.05,correlation,15,0.1,euclidean,25,,eom,cosine,42,4,0.3934,32,104,203
2026-04-17T04:44:45,video,35,10,0.05,cosine,15,0.1,euclidean,25,,leaf,euclidean,42,6,0.6475,35,44,47
2026-04-17T04:44:46,video,35,10,0.05,cosine,15,0.1,euclidean,25,,leaf,cosine,42,6,0.6284,36,46,51
2026-04-17T04:44:46,video,35,10,0.05,cosine,15,0.1,cosine,25,,leaf,cosine,42,6,0.6284,36,46,51
2026-04-17T04:44:46,video,35,10,0.05,cosine,15,0.1,cosine,25,,leaf,euclidean,42,6,0.6475,35,44,47
2026-04-17T04:44:58,video,35,10,0.05,euclidean,15,0.1,euclidean,25,,leaf,euclidean,42,5,0.4481,30,51,212
2026-04-17T04:44:58,video,35,10,0.05,euclidean,15,0.1,euclidean,25,,leaf,cosine,42,5,0.4399,31,52,215
2026-04-17T04:44:58,video,35,10,0.05,euclidean,15,0.1,cosine,25,,leaf,euclidean,42,5,0.4481,30,51,212
2026-04-17T04:44:58,video,35,10,0.05,euclidean,15,0.1,cosine,25,,leaf,cosine,42,5,0.4399,31,52,215
2026-04-17T04:45:11,video,35,10,0.05,correlation,15,0.1,euclidean,25,,leaf,cosine,42,5,0.515,32,52,171
2026-04-17T04:45:11,video,35,10,0.05,correlation,15,0.1,euclidean,25,,leaf,euclidean,42,5,0.5451,32,36,181
2026-04-17T04:45:11,video,35,10,0.05,correlation,15,0.1,cosine,25,,leaf,cosine,42,5,0.515,32,52,171
2026-04-17T04:45:11,video,35,10,0.05,correlation,15,0.1,cosine,25,,leaf,euclidean,42,5,0.5451,32,36,181
2026-04-17T04:45:23,video,35,15,0.0,cosine,15,0.1,euclidean,10,,eom,euclidean,42,3,0.0,16,17,699
2026-04-17T04:45:23,video,35,15,0.0,cosine,15,0.1,cosine,10,,eom,euclidean,42,3,0.0,16,17,699
2026-04-17T04:45:24,video,35,15,0.0,cosine,15,0.1,cosine,10,,eom,cosine,42,14,0.2664,13,18,212
2026-04-17T04:45:24,video,35,15,0.0,cosine,15,0.1,euclidean,10,,eom,cosine,42,14,0.2664,13,18,212
2026-04-17T04:45:34,video,35,15,0.0,euclidean,15,0.1,cosine,10,,eom,euclidean,42,4,0.0273,14,16,666
2026-04-17T04:45:35,video,35,15,0.0,euclidean,15,0.1,euclidean,10,,eom,euclidean,42,4,0.0273,14,16,666
2026-04-17T04:45:35,video,35,15,0.0,euclidean,15,0.1,euclidean,10,,eom,cosine,42,14,0.3484,10,16,216
2026-04-17T04:45:35,video,35,15,0.0,euclidean,15,0.1,cosine,10,,eom,cosine,42,14,0.3484,10,16,216
2026-04-17T04:45:48,video,35,15,0.0,correlation,15,0.1,euclidean,10,,eom,euclidean,42,3,0.0,16,17,699
2026-04-17T04:45:48,video,35,15,0.0,correlation,15,0.1,cosine,10,,eom,euclidean,42,3,0.0,16,17,699
2026-04-17T04:45:48,video,35,15,0.0,correlation,15,0.1,euclidean,10,,eom,cosine,42,13,0.2787,10,20,204
2026-04-17T04:45:48,video,35,15,0.0,correlation,15,0.1,cosine,10,,eom,cosine,42,13,0.2787,10,20,204
2026-04-17T04:46:00,video,35,15,0.0,cosine,15,0.1,euclidean,10,,leaf,euclidean,42,20,0.4385,10,17,46
2026-04-17T04:46:01,video,35,15,0.0,cosine,15,0.1,euclidean,10,,leaf,cosine,42,20,0.4235,12,17,46
2026-04-17T04:46:01,video,35,15,0.0,cosine,15,0.1,cosine,10,,leaf,cosine,42,20,0.4235,12,17,46
2026-04-17T04:46:01,video,35,15,0.0,cosine,15,0.1,cosine,10,,leaf,euclidean,42,20,0.4385,10,17,46
2026-04-17T04:46:13,video,35,15,0.0,euclidean,15,0.1,euclidean,10,,leaf,euclidean,42,19,0.5123,10,15,47
2026-04-17T04:46:13,video,35,15,0.0,euclidean,15,0.1,euclidean,10,,leaf,cosine,42,18,0.5055,10,16,41
2026-04-17T04:46:13,video,35,15,0.0,euclidean,15,0.1,cosine,10,,leaf,euclidean,42,19,0.5123,10,15,47
2026-04-17T04:46:13,video,35,15,0.0,euclidean,15,0.1,cosine,10,,leaf,cosine,42,18,0.5055,10,16,41
2026-04-17T04:46:25,video,35,15,0.0,correlation,15,0.1,euclidean,10,,leaf,euclidean,42,17,0.4126,11,21,76
2026-04-17T04:46:25,video,35,15,0.0,correlation,15,0.1,cosine,10,,leaf,euclidean,42,17,0.4126,11,21,76
2026-04-17T04:46:25,video,35,15,0.0,correlation,15,0.1,cosine,10,,leaf,cosine,42,18,0.4098,10,18,70
2026-04-17T04:46:25,video,35,15,0.0,correlation,15,0.1,euclidean,10,,leaf,cosine,42,18,0.4098,10,18,70
2026-04-17T04:46:38,video,35,15,0.0,cosine,15,0.1,euclidean,15,,eom,cosine,42,10,0.2445,16,28,216
2026-04-17T04:46:38,video,35,15,0.0,cosine,15,0.1,euclidean,15,,eom,euclidean,42,3,0.0,16,17,699
2026-04-17T04:46:38,video,35,15,0.0,cosine,15,0.1,cosine,15,,eom,euclidean,42,3,0.0,16,17,699
2026-04-17T04:46:38,video,35,15,0.0,cosine,15,0.1,cosine,15,,eom,cosine,42,10,0.2445,16,28,216
2026-04-17T04:46:50,video,35,15,0.0,euclidean,15,0.1,euclidean,15,,eom,cosine,42,5,0.1434,16,50,328
2026-04-17T04:46:50,video,35,15,0.0,euclidean,15,0.1,euclidean,15,,eom,euclidean,42,3,0.0096,16,16,693
2026-04-17T04:46:50,video,35,15,0.0,euclidean,15,0.1,cosine,15,,eom,euclidean,42,3,0.0096,16,16,693
2026-04-17T04:46:50,video,35,15,0.0,euclidean,15,0.1,cosine,15,,eom,cosine,42,5,0.1434,16,50,328
2026-04-17T04:47:02,video,35,15,0.0,correlation,15,0.1,euclidean,15,,eom,euclidean,42,3,0.0,16,17,699
2026-04-17T04:47:03,video,35,15,0.0,correlation,15,0.1,cosine,15,,eom,euclidean,42,3,0.0,16,17,699
2026-04-17T04:47:03,video,35,15,0.0,correlation,15,0.1,euclidean,15,,eom,cosine,42,5,0.0847,16,50,354
2026-04-17T04:47:03,video,35,15,0.0,correlation,15,0.1,cosine,15,,eom,cosine,42,5,0.0847,16,50,354
2026-04-17T04:47:15,video,35,15,0.0,cosine,15,0.1,euclidean,15,,leaf,euclidean,42,12,0.347,16,31,80
2026-04-17T04:47:15,video,35,15,0.0,cosine,15,0.1,cosine,15,,leaf,euclidean,42,12,0.347,16,31,80
2026-04-17T04:47:15,video,35,15,0.0,cosine,15,0.1,cosine,15,,leaf,cosine,42,12,0.3429,16,31,81
2026-04-17T04:47:15,video,35,15,0.0,cosine,15,0.1,euclidean,15,,leaf,cosine,42,12,0.3429,16,31,81
2026-04-17T04:47:27,video,35,15,0.0,euclidean,15,0.1,euclidean,15,,leaf,euclidean,42,10,0.5041,15,24,82
2026-04-17T04:47:27,video,35,15,0.0,euclidean,15,0.1,euclidean,15,,leaf,cosine,42,10,0.5,16,26,77
2026-04-17T04:47:27,video,35,15,0.0,euclidean,15,0.1,cosine,15,,leaf,cosine,42,10,0.5,16,26,77
2026-04-17T04:47:27,video,35,15,0.0,euclidean,15,0.1,cosine,15,,leaf,euclidean,42,10,0.5041,15,24,82
2026-04-17T04:47:40,video,35,15,0.0,correlation,15,0.1,cosine,15,,leaf,euclidean,42,12,0.403,16,32,70
2026-04-17T04:47:40,video,35,15,0.0,correlation,15,0.1,cosine,15,,leaf,cosine,42,12,0.4167,16,32,64
2026-04-17T04:47:40,video,35,15,0.0,correlation,15,0.1,euclidean,15,,leaf,cosine,42,12,0.4167,16,32,64
2026-04-17T04:47:40,video,35,15,0.0,correlation,15,0.1,euclidean,15,,leaf,euclidean,42,12,0.403,16,32,70
2026-04-17T04:47:52,video,35,15,0.0,cosine,15,0.1,euclidean,25,,eom,euclidean,42,3,0.2227,44,207,318
2026-04-17T04:47:52,video,35,15,0.0,cosine,15,0.1,euclidean,25,,eom,cosine,42,3,0.2172,44,205,324
2026-04-17T04:47:52,video,35,15,0.0,cosine,15,0.1,cosine,25,,eom,cosine,42,3,0.2172,44,205,324
2026-04-17T04:47:53,video,35,15,0.0,cosine,15,0.1,cosine,25,,eom,euclidean,42,3,0.2227,44,207,318
2026-04-17T04:48:04,video,35,15,0.0,euclidean,15,0.1,euclidean,25,,eom,cosine,42,3,0.224,34,220,314
2026-04-17T04:48:04,video,35,15,0.0,euclidean,15,0.1,cosine,25,,eom,euclidean,42,3,0.2281,34,223,308
2026-04-17T04:48:05,video,35,15,0.0,euclidean,15,0.1,euclidean,25,,eom,euclidean,42,3,0.2281,34,223,308
2026-04-17T04:48:05,video,35,15,0.0,euclidean,15,0.1,cosine,25,,eom,cosine,42,3,0.224,34,220,314
2026-04-17T04:48:17,video,35,15,0.0,correlation,15,0.1,euclidean,25,,eom,euclidean,42,3,0.1762,48,211,344
2026-04-17T04:48:17,video,35,15,0.0,correlation,15,0.1,cosine,25,,eom,euclidean,42,3,0.1762,48,211,344
2026-04-17T04:48:17,video,35,15,0.0,correlation,15,0.1,euclidean,25,,eom,cosine,42,3,0.1626,48,214,351
2026-04-17T04:48:17,video,35,15,0.0,correlation,15,0.1,cosine,25,,eom,cosine,42,3,0.1626,48,214,351
2026-04-17T04:48:30,video,35,15,0.0,cosine,15,0.1,euclidean,25,,leaf,cosine,42,6,0.5806,36,44,77
2026-04-17T04:48:30,video,35,15,0.0,cosine,15,0.1,cosine,25,,leaf,cosine,42,6,0.5806,36,44,77
2026-04-17T04:48:30,video,35,15,0.0,cosine,15,0.1,cosine,25,,leaf,euclidean,42,6,0.5724,34,50,77
2026-04-17T04:48:30,video,35,15,0.0,cosine,15,0.1,euclidean,25,,leaf,euclidean,42,6,0.5724,34,50,77
2026-04-17T04:48:42,video,35,15,0.0,euclidean,15,0.1,euclidean,25,,leaf,euclidean,42,5,0.3962,34,61,223
2026-04-17T04:48:42,video,35,15,0.0,euclidean,15,0.1,euclidean,25,,leaf,cosine,42,5,0.403,34,62,220
2026-04-17T04:48:42,video,35,15,0.0,euclidean,15,0.1,cosine,25,,leaf,euclidean,42,5,0.3962,34,61,223
2026-04-17T04:48:42,video,35,15,0.0,euclidean,15,0.1,cosine,25,,leaf,cosine,42,5,0.403,34,62,220
2026-04-17T04:48:54,video,35,15,0.0,correlation,15,0.1,euclidean,25,,leaf,euclidean,42,6,0.6011,34,42,77
2026-04-17T04:48:55,video,35,15,0.0,correlation,15,0.1,cosine,25,,leaf,euclidean,42,6,0.6011,34,42,77
2026-04-17T04:48:55,video,35,15,0.0,correlation,15,0.1,euclidean,25,,leaf,cosine,42,6,0.5984,34,42,78
2026-04-17T04:48:55,video,35,15,0.0,correlation,15,0.1,cosine,25,,leaf,cosine,42,6,0.5984,34,42,78
2026-04-17T04:49:07,video,35,15,0.05,cosine,15,0.1,euclidean,10,,eom,euclidean,42,3,0.0,16,17,699
2026-04-17T04:49:07,video,35,15,0.05,cosine,15,0.1,cosine,10,,eom,euclidean,42,3,0.0,16,17,699
2026-04-17T04:49:07,video,35,15,0.05,cosine,15,0.1,cosine,10,,eom,cosine,42,14,0.2664,10,19,200
2026-04-17T04:49:07,video,35,15,0.05,cosine,15,0.1,euclidean,10,,eom,cosine,42,14,0.2664,10,19,200
2026-04-17T04:49:19,video,35,15,0.05,euclidean,15,0.1,euclidean,10,,eom,euclidean,42,3,0.0,16,16,700
2026-04-17T04:49:19,video,35,15,0.05,euclidean,15,0.1,euclidean,10,,eom,cosine,42,7,0.1612,13,16,321
2026-04-17T04:49:19,video,35,15,0.05,euclidean,15,0.1,cosine,10,,eom,cosine,42,7,0.1612,13,16,321
2026-04-17T04:49:19,video,35,15,0.05,euclidean,15,0.1,cosine,10,,eom,euclidean,42,3,0.0,16,16,700
2026-04-17T04:49:32,video,35,15,0.05,correlation,15,0.1,euclidean,10,,eom,euclidean,42,3,0.0,16,17,699
2026-04-17T04:49:32,video,35,15,0.05,correlation,15,0.1,euclidean,10,,eom,cosine,42,14,0.276,12,18,202
2026-04-17T04:49:32,video,35,15,0.05,correlation,15,0.1,cosine,10,,eom,euclidean,42,3,0.0,16,17,699
2026-04-17T04:49:32,video,35,15,0.05,correlation,15,0.1,cosine,10,,eom,cosine,42,14,0.276,12,18,202
2026-04-17T04:49:44,video,35,15,0.05,cosine,15,0.1,euclidean,10,,leaf,euclidean,42,18,0.418,10,18,69
2026-04-17T04:49:44,video,35,15,0.05,cosine,15,0.1,cosine,10,,leaf,euclidean,42,18,0.418,10,18,69
2026-04-17T04:49:44,video,35,15,0.05,cosine,15,0.1,euclidean,10,,leaf,cosine,42,18,0.4057,10,19,73
2026-04-17T04:49:45,video,35,15,0.05,cosine,15,0.1,cosine,10,,leaf,cosine,42,18,0.4057,10,19,73
2026-04-17T04:49:56,video,35,15,0.05,euclidean,15,0.1,euclidean,10,,leaf,euclidean,42,16,0.5669,12,16,34
2026-04-17T04:49:57,video,35,15,0.05,euclidean,15,0.1,euclidean,10,,leaf,cosine,42,16,0.5669,13,16,34
2026-04-17T04:49:57,video,35,15,0.05,euclidean,15,0.1,cosine,10,,leaf,euclidean,42,16,0.5669,12,16,34
2026-04-17T04:49:57,video,35,15,0.05,euclidean,15,0.1,cosine,10,,leaf,cosine,42,16,0.5669,13,16,34
2026-04-17T04:50:09,video,35,15,0.05,correlation,15,0.1,euclidean,10,,leaf,euclidean,42,17,0.4276,10,21,57
2026-04-17T04:50:09,video,35,15,0.05,correlation,15,0.1,euclidean,10,,leaf,cosine,42,18,0.3948,10,18,60
2026-04-17T04:50:09,video,35,15,0.05,correlation,15,0.1,cosine,10,,leaf,euclidean,42,17,0.4276,10,21,57
2026-04-17T04:50:09,video,35,15,0.05,correlation,15,0.1,cosine,10,,leaf,cosine,42,18,0.3948,10,18,60
2026-04-17T04:50:22,video,35,15,0.05,cosine,15,0.1,euclidean,15,,eom,euclidean,42,3,0.0,16,17,699
2026-04-17T04:50:22,video,35,15,0.05,cosine,15,0.1,euclidean,15,,eom,cosine,42,3,0.0,16,17,699
2026-04-17T04:50:22,video,35,15,0.05,cosine,15,0.1,cosine,15,,eom,cosine,42,3,0.0,16,17,699
2026-04-17T04:50:22,video,35,15,0.05,cosine,15,0.1,cosine,15,,eom,euclidean,42,3,0.0,16,17,699
2026-04-17T04:50:34,video,35,15,0.05,euclidean,15,0.1,euclidean,15,,eom,euclidean,42,2,0.0,16,366,716
2026-04-17T04:50:34,video,35,15,0.05,euclidean,15,0.1,cosine,15,,eom,euclidean,42,2,0.0,16,366,716
2026-04-17T04:50:34,video,35,15,0.05,euclidean,15,0.1,euclidean,15,,eom,cosine,42,5,0.1421,16,49,329
2026-04-17T04:50:34,video,35,15,0.05,euclidean,15,0.1,cosine,15,,eom,cosine,42,5,0.1421,16,49,329
2026-04-17T04:50:46,video,35,15,0.05,correlation,15,0.1,cosine,15,,eom,euclidean,42,3,0.0,16,17,699
2026-04-17T04:50:46,video,35,15,0.05,correlation,15,0.1,euclidean,15,,eom,euclidean,42,3,0.0,16,17,699
2026-04-17T04:50:46,video,35,15,0.05,correlation,15,0.1,euclidean,15,,eom,cosine,42,3,0.0,16,17,699
2026-04-17T04:50:47,video,35,15,0.05,correlation,15,0.1,cosine,15,,eom,cosine,42,3,0.0,16,17,699
2026-04-17T04:50:59,video,35,15,0.05,cosine,15,0.1,euclidean,15,,leaf,euclidean,42,11,0.4016,16,37,98
2026-04-17T04:50:59,video,35,15,0.05,cosine,15,0.1,cosine,15,,leaf,euclidean,42,11,0.4016,16,37,98
2026-04-17T04:50:59,video,35,15,0.05,cosine,15,0.1,euclidean,15,,leaf,cosine,42,13,0.4413,15,24,73
2026-04-17T04:50:59,video,35,15,0.05,cosine,15,0.1,cosine,15,,leaf,cosine,42,13,0.4413,15,24,73
2026-04-17T04:51:11,video,35,15,0.05,euclidean,15,0.1,euclidean,15,,leaf,euclidean,42,9,0.4699,16,46,77
2026-04-17T04:51:11,video,35,15,0.05,euclidean,15,0.1,euclidean,15,,leaf,cosine,42,9,0.4836,16,49,76
2026-04-17T04:51:11,video,35,15,0.05,euclidean,15,0.1,cosine,15,,leaf,euclidean,42,9,0.4699,16,46,77
2026-04-17T04:51:11,video,35,15,0.05,euclidean,15,0.1,cosine,15,,leaf,cosine,42,9,0.4836,16,49,76
2026-04-17T04:51:24,video,35,15,0.05,correlation,15,0.1,euclidean,15,,leaf,cosine,42,12,0.4604,16,28,61
2026-04-17T04:51:24,video,35,15,0.05,correlation,15,0.1,cosine,15,,leaf,euclidean,42,12,0.4549,16,27,59
2026-04-17T04:51:24,video,35,15,0.05,correlation,15,0.1,euclidean,15,,leaf,euclidean,42,12,0.4549,16,27,59
2026-04-17T04:51:24,video,35,15,0.05,correlation,15,0.1,cosine,15,,leaf,cosine,42,12,0.4604,16,28,61
2026-04-17T04:51:36,video,35,15,0.05,cosine,15,0.1,euclidean,25,,eom,euclidean,42,3,0.2855,41,191,291
2026-04-17T04:51:36,video,35,15,0.05,cosine,15,0.1,cosine,25,,eom,cosine,42,3,0.2937,44,185,288
2026-04-17T04:51:36,video,35,15,0.05,cosine,15,0.1,cosine,25,,eom,euclidean,42,3,0.2855,41,191,291
2026-04-17T04:51:36,video,35,15,0.05,cosine,15,0.1,euclidean,25,,eom,cosine,42,3,0.2937,44,185,288
2026-04-17T04:51:48,video,35,15,0.05,euclidean,15,0.1,euclidean,25,,eom,euclidean,42,3,0.2486,34,216,300
2026-04-17T04:51:48,video,35,15,0.05,euclidean,15,0.1,euclidean,25,,eom,cosine,42,3,0.25,33,217,299
2026-04-17T04:51:48,video,35,15,0.05,euclidean,15,0.1,cosine,25,,eom,cosine,42,3,0.25,33,217,299
2026-04-17T04:51:48,video,35,15,0.05,euclidean,15,0.1,cosine,25,,eom,euclidean,42,3,0.2486,34,216,300
2026-04-17T04:52:01,video,35,15,0.05,correlation,15,0.1,cosine,25,,eom,euclidean,42,3,0.2527,38,204,305
2026-04-17T04:52:01,video,35,15,0.05,correlation,15,0.1,cosine,25,,eom,cosine,42,3,0.2459,39,202,311
2026-04-17T04:52:01,video,35,15,0.05,correlation,15,0.1,euclidean,25,,eom,euclidean,42,3,0.2527,38,204,305
2026-04-17T04:52:01,video,35,15,0.05,correlation,15,0.1,euclidean,25,,eom,cosine,42,3,0.2459,39,202,311
2026-04-17T04:52:13,video,35,15,0.05,cosine,15,0.1,euclidean,25,,leaf,euclidean,42,6,0.6626,29,44,49
2026-04-17T04:52:14,video,35,15,0.05,cosine,15,0.1,euclidean,25,,leaf,cosine,42,6,0.6434,33,45,52
2026-04-17T04:52:14,video,35,15,0.05,cosine,15,0.1,cosine,25,,leaf,euclidean,42,6,0.6626,29,44,49
2026-04-17T04:52:14,video,35,15,0.05,cosine,15,0.1,cosine,25,,leaf,cosine,42,6,0.6434,33,45,52
2026-04-17T04:52:25,video,35,15,0.05,euclidean,15,0.1,cosine,25,,leaf,euclidean,42,5,0.4631,34,51,216
2026-04-17T04:52:25,video,35,15,0.05,euclidean,15,0.1,euclidean,25,,leaf,euclidean,42,5,0.4631,34,51,216
2026-04-17T04:52:25,video,35,15,0.05,euclidean,15,0.1,cosine,25,,leaf,cosine,42,5,0.4604,33,51,217
2026-04-17T04:52:26,video,35,15,0.05,euclidean,15,0.1,euclidean,25,,leaf,cosine,42,5,0.4604,33,51,217
2026-04-17T04:52:38,video,35,15,0.05,correlation,15,0.1,euclidean,25,,leaf,euclidean,42,6,0.6954,33,36,41
2026-04-17T04:52:38,video,35,15,0.05,correlation,15,0.1,euclidean,25,,leaf,cosine,42,6,0.6366,33,43,64
2026-04-17T04:52:39,video,35,15,0.05,correlation,15,0.1,cosine,25,,leaf,cosine,42,6,0.6366,33,43,64
2026-04-17T04:52:39,video,35,15,0.05,correlation,15,0.1,cosine,25,,leaf,euclidean,42,6,0.6954,33,36,41
2026-04-17T04:52:51,video,35,30,0.0,cosine,15,0.1,cosine,10,,eom,euclidean,42,7,0.097,11,17,350
2026-04-17T04:52:51,video,35,30,0.0,cosine,15,0.1,cosine,10,,eom,cosine,42,11,0.2609,13,37,202
2026-04-17T04:52:51,video,35,30,0.0,cosine,15,0.1,euclidean,10,,eom,cosine,42,11,0.2609,13,37,202
2026-04-17T04:52:51,video,35,30,0.0,cosine,15,0.1,euclidean,10,,eom,euclidean,42,7,0.097,11,17,350
2026-04-17T04:53:03,video,35,30,0.0,euclidean,15,0.1,cosine,10,,eom,euclidean,42,2,0.0,16,366,716
2026-04-17T04:53:03,video,35,30,0.0,euclidean,15,0.1,euclidean,10,,eom,euclidean,42,2,0.0,16,366,716
2026-04-17T04:53:03,video,35,30,0.0,euclidean,15,0.1,euclidean,10,,eom,cosine,42,13,0.3429,12,16,198
2026-04-17T04:53:03,video,35,30,0.0,euclidean,15,0.1,cosine,10,,eom,cosine,42,13,0.3429,12,16,198
2026-04-17T04:53:16,video,35,30,0.0,correlation,15,0.1,euclidean,10,,eom,euclidean,42,6,0.1025,15,34,337
2026-04-17T04:53:16,video,35,30,0.0,correlation,15,0.1,cosine,10,,eom,euclidean,42,6,0.1025,15,34,337
2026-04-17T04:53:16,video,35,30,0.0,correlation,15,0.1,cosine,10,,eom,cosine,42,11,0.2582,14,24,220
2026-04-17T04:53:16,video,35,30,0.0,correlation,15,0.1,euclidean,10,,eom,cosine,42,11,0.2582,14,24,220
2026-04-17T04:53:29,video,35,30,0.0,cosine,15,0.1,cosine,10,,leaf,euclidean,42,17,0.4399,10,17,66
2026-04-17T04:53:29,video,35,30,0.0,cosine,15,0.1,euclidean,10,,leaf,euclidean,42,17,0.4399,10,17,66
2026-04-17T04:53:29,video,35,30,0.0,cosine,15,0.1,euclidean,10,,leaf,cosine,42,17,0.4536,10,18,67
2026-04-17T04:53:29,video,35,30,0.0,cosine,15,0.1,cosine,10,,leaf,cosine,42,17,0.4536,10,18,67
2026-04-17T04:53:41,video,35,30,0.0,euclidean,15,0.1,euclidean,10,,leaf,euclidean,42,16,0.4877,11,17,72
2026-04-17T04:53:41,video,35,30,0.0,euclidean,15,0.1,cosine,10,,leaf,euclidean,42,16,0.4877,11,17,72
2026-04-17T04:53:41,video,35,30,0.0,euclidean,15,0.1,euclidean,10,,leaf,cosine,42,17,0.5219,11,17,45
2026-04-17T04:53:41,video,35,30,0.0,euclidean,15,0.1,cosine,10,,leaf,cosine,42,17,0.5219,11,17,45
2026-04-17T04:53:54,video,35,30,0.0,correlation,15,0.1,cosine,10,,leaf,euclidean,42,15,0.4536,10,19,52
2026-04-17T04:53:54,video,35,30,0.0,correlation,15,0.1,euclidean,10,,leaf,euclidean,42,15,0.4536,10,19,52
2026-04-17T04:53:54,video,35,30,0.0,correlation,15,0.1,cosine,10,,leaf,cosine,42,14,0.3907,11,23,75
2026-04-17T04:53:54,video,35,30,0.0,correlation,15,0.1,euclidean,10,,leaf,cosine,42,14,0.3907,11,23,75
2026-04-17T04:54:06,video,35,30,0.0,cosine,15,0.1,euclidean,15,,eom,euclidean,42,5,0.0997,16,51,341
2026-04-17T04:54:07,video,35,30,0.0,cosine,15,0.1,cosine,15,,eom,euclidean,42,5,0.0997,16,51,341
2026-04-17T04:54:07,video,35,30,0.0,cosine,15,0.1,euclidean,15,,eom,cosine,42,5,0.0984,16,51,342
2026-04-17T04:54:07,video,35,30,0.0,cosine,15,0.1,cosine,15,,eom,cosine,42,5,0.0984,16,51,342
2026-04-17T04:54:19,video,35,30,0.0,euclidean,15,0.1,euclidean,15,,eom,cosine,42,2,0.0,16,366,716
2026-04-17T04:54:19,video,35,30,0.0,euclidean,15,0.1,euclidean,15,,eom,euclidean,42,2,0.0,16,366,716
2026-04-17T04:54:19,video,35,30,0.0,euclidean,15,0.1,cosine,15,,eom,cosine,42,2,0.0,16,366,716
2026-04-17T04:54:19,video,35,30,0.0,euclidean,15,0.1,cosine,15,,eom,euclidean,42,2,0.0,16,366,716
2026-04-17T04:54:32,video,35,30,0.0,correlation,15,0.1,cosine,15,,eom,euclidean,42,5,0.0984,17,51,342
2026-04-17T04:54:32,video,35,30,0.0,correlation,15,0.1,cosine,15,,eom,cosine,42,5,0.0929,17,51,345
2026-04-17T04:54:32,video,35,30,0.0,correlation,15,0.1,euclidean,15,,eom,euclidean,42,5,0.0984,17,51,342
2026-04-17T04:54:32,video,35,30,0.0,correlation,15,0.1,euclidean,15,,eom,cosine,42,5,0.0929,17,51,345
2026-04-17T04:54:44,video,35,30,0.0,cosine,15,0.1,euclidean,15,,leaf,euclidean,42,11,0.5109,16,34,73
2026-04-17T04:54:44,video,35,30,0.0,cosine,15,0.1,cosine,15,,leaf,euclidean,42,11,0.5109,16,34,73
2026-04-17T04:54:44,video,35,30,0.0,cosine,15,0.1,euclidean,15,,leaf,cosine,42,10,0.4986,16,38,72
2026-04-17T04:54:44,video,35,30,0.0,cosine,15,0.1,cosine,15,,leaf,cosine,42,10,0.4986,16,38,72
2026-04-17T04:54:56,video,35,30,0.0,euclidean,15,0.1,euclidean,15,,leaf,euclidean,42,9,0.5615,16,29,71
2026-04-17T04:54:57,video,35,30,0.0,euclidean,15,0.1,cosine,15,,leaf,euclidean,42,9,0.5615,16,29,71
2026-04-17T04:54:57,video,35,30,0.0,euclidean,15,0.1,euclidean,15,,leaf,cosine,42,9,0.5478,16,31,67
2026-04-17T04:54:57,video,35,30,0.0,euclidean,15,0.1,cosine,15,,leaf,cosine,42,9,0.5478,16,31,67
2026-04-17T04:55:10,video,35,30,0.0,correlation,15,0.1,cosine,15,,leaf,euclidean,42,11,0.4945,17,28,70
2026-04-17T04:55:10,video,35,30,0.0,correlation,15,0.1,euclidean,15,,leaf,euclidean,42,11,0.4945,17,28,70
2026-04-17T04:55:10,video,35,30,0.0,correlation,15,0.1,euclidean,15,,leaf,cosine,42,11,0.5041,17,29,70
2026-04-17T04:55:10,video,35,30,0.0,correlation,15,0.1,cosine,15,,leaf,cosine,42,11,0.5041,17,29,70
2026-04-17T04:55:22,video,35,30,0.0,cosine,15,0.1,euclidean,25,,eom,euclidean,42,3,0.194,49,210,331
2026-04-17T04:55:23,video,35,30,0.0,cosine,15,0.1,euclidean,25,,eom,cosine,42,3,0.2117,43,211,323
2026-04-17T04:55:23,video,35,30,0.0,cosine,15,0.1,cosine,25,,eom,euclidean,42,3,0.194,49,210,331
2026-04-17T04:55:23,video,35,30,0.0,cosine,15,0.1,cosine,25,,eom,cosine,42,3,0.2117,43,211,323
2026-04-17T04:55:35,video,35,30,0.0,euclidean,15,0.1,euclidean,25,,eom,euclidean,42,3,0.2104,38,228,312
2026-04-17T04:55:35,video,35,30,0.0,euclidean,15,0.1,euclidean,25,,eom,cosine,42,3,0.2527,33,205,309
2026-04-17T04:55:35,video,35,30,0.0,euclidean,15,0.1,cosine,25,,eom,euclidean,42,3,0.2104,38,228,312
2026-04-17T04:55:35,video,35,30,0.0,euclidean,15,0.1,cosine,25,,eom,cosine,42,3,0.2527,33,205,309
2026-04-17T04:55:48,video,35,30,0.0,correlation,15,0.1,cosine,25,,eom,euclidean,42,3,0.1626,49,222,342
2026-04-17T04:55:48,video,35,30,0.0,correlation,15,0.1,euclidean,25,,eom,euclidean,42,3,0.1626,49,222,342
2026-04-17T04:55:48,video,35,30,0.0,correlation,15,0.1,cosine,25,,eom,cosine,42,3,0.1721,50,218,338
2026-04-17T04:55:48,video,35,30,0.0,correlation,15,0.1,euclidean,25,,eom,cosine,42,3,0.1721,50,218,338
2026-04-17T04:56:00,video,35,30,0.0,cosine,15,0.1,euclidean,25,,leaf,euclidean,42,5,0.4235,37,62,210
2026-04-17T04:56:00,video,35,30,0.0,cosine,15,0.1,euclidean,25,,leaf,cosine,42,5,0.4344,35,61,211
2026-04-17T04:56:01,video,35,30,0.0,cosine,15,0.1,cosine,25,,leaf,cosine,42,5,0.4344,35,61,211
2026-04-17T04:56:01,video,35,30,0.0,cosine,15,0.1,cosine,25,,leaf,euclidean,42,5,0.4235,37,62,210
2026-04-17T04:56:13,video,35,30,0.0,euclidean,15,0.1,euclidean,25,,leaf,euclidean,42,5,0.3866,38,59,228
2026-04-17T04:56:13,video,35,30,0.0,euclidean,15,0.1,euclidean,25,,leaf,cosine,42,5,0.4344,33,58,205
2026-04-17T04:56:13,video,35,30,0.0,euclidean,15,0.1,cosine,25,,leaf,cosine,42,5,0.4344,33,58,205
2026-04-17T04:56:13,video,35,30,0.0,euclidean,15,0.1,cosine,25,,leaf,euclidean,42,5,0.3866,38,59,228
2026-04-17T04:56:26,video,35,30,0.0,correlation,15,0.1,euclidean,25,,leaf,cosine,42,5,0.3566,48,66,218
2026-04-17T04:56:26,video,35,30,0.0,correlation,15,0.1,euclidean,25,,leaf,euclidean,42,5,0.3634,49,59,222
2026-04-17T04:56:26,video,35,30,0.0,correlation,15,0.1,cosine,25,,leaf,euclidean,42,5,0.3634,49,59,222
2026-04-17T04:56:26,video,35,30,0.0,correlation,15,0.1,cosine,25,,leaf,cosine,42,5,0.3566,48,66,218
2026-04-17T04:56:38,video,35,30,0.05,cosine,15,0.1,euclidean,10,,eom,euclidean,42,3,0.0109,16,17,691
2026-04-17T04:56:38,video,35,30,0.05,cosine,15,0.1,euclidean,10,,eom,cosine,42,12,0.3115,10,18,200
2026-04-17T04:56:38,video,35,30,0.05,cosine,15,0.1,cosine,10,,eom,euclidean,42,3,0.0109,16,17,691
2026-04-17T04:56:38,video,35,30,0.05,cosine,15,0.1,cosine,10,,eom,cosine,42,12,0.3115,10,18,200
2026-04-17T04:56:51,video,35,30,0.05,euclidean,15,0.1,euclidean,10,,eom,cosine,42,11,0.3634,14,25,206
2026-04-17T04:56:51,video,35,30,0.05,euclidean,15,0.1,euclidean,10,,eom,euclidean,42,2,0.0027,16,365,714
2026-04-17T04:56:51,video,35,30,0.05,euclidean,15,0.1,cosine,10,,eom,euclidean,42,2,0.0027,16,365,714
2026-04-17T04:56:51,video,35,30,0.05,euclidean,15,0.1,cosine,10,,eom,cosine,42,11,0.3634,14,25,206
2026-04-17T04:57:03,video,35,30,0.05,correlation,15,0.1,euclidean,10,,eom,euclidean,42,11,0.3019,15,22,213
2026-04-17T04:57:04,video,35,30,0.05,correlation,15,0.1,cosine,10,,eom,euclidean,42,11,0.3019,15,22,213
2026-04-17T04:57:04,video,35,30,0.05,correlation,15,0.1,euclidean,10,,eom,cosine,42,11,0.3183,14,21,208
2026-04-17T04:57:04,video,35,30,0.05,correlation,15,0.1,cosine,10,,eom,cosine,42,11,0.3183,14,21,208
2026-04-17T04:57:16,video,35,30,0.05,cosine,15,0.1,cosine,10,,leaf,euclidean,42,15,0.4522,12,18,67
2026-04-17T04:57:16,video,35,30,0.05,cosine,15,0.1,euclidean,10,,leaf,euclidean,42,15,0.4522,12,18,67
2026-04-17T04:57:17,video,35,30,0.05,cosine,15,0.1,euclidean,10,,leaf,cosine,42,16,0.4508,10,17,67
2026-04-17T04:57:17,video,35,30,0.05,cosine,15,0.1,cosine,10,,leaf,cosine,42,16,0.4508,10,17,67
2026-04-17T04:57:28,video,35,30,0.05,euclidean,15,0.1,cosine,10,,leaf,euclidean,42,17,0.5546,10,17,34
2026-04-17T04:57:29,video,35,30,0.05,euclidean,15,0.1,euclidean,10,,leaf,euclidean,42,17,0.5546,10,17,34
2026-04-17T04:57:29,video,35,30,0.05,euclidean,15,0.1,cosine,10,,leaf,cosine,42,16,0.5587,11,18,32
2026-04-17T04:57:29,video,35,30,0.05,euclidean,15,0.1,euclidean,10,,leaf,cosine,42,16,0.5587,11,18,32
2026-04-17T04:57:41,video,35,30,0.05,correlation,15,0.1,cosine,10,,leaf,cosine,42,13,0.444,14,23,70
2026-04-17T04:57:41,video,35,30,0.05,correlation,15,0.1,cosine,10,,leaf,euclidean,42,13,0.4536,15,22,72
2026-04-17T04:57:41,video,35,30,0.05,correlation,15,0.1,euclidean,10,,leaf,euclidean,42,13,0.4536,15,22,72
2026-04-17T04:57:41,video,35,30,0.05,correlation,15,0.1,euclidean,10,,leaf,cosine,42,13,0.444,14,23,70
2026-04-17T04:57:54,video,35,30,0.05,cosine,15,0.1,euclidean,15,,eom,euclidean,42,5,0.1311,16,50,324
2026-04-17T04:57:54,video,35,30,0.05,cosine,15,0.1,cosine,15,,eom,euclidean,42,5,0.1311,16,50,324
2026-04-17T04:57:54,video,35,30,0.05,cosine,15,0.1,cosine,15,,eom,cosine,42,5,0.1257,16,51,326
2026-04-17T04:57:54,video,35,30,0.05,cosine,15,0.1,euclidean,15,,eom,cosine,42,5,0.1257,16,51,326
2026-04-17T04:58:06,video,35,30,0.05,euclidean,15,0.1,euclidean,15,,eom,euclidean,42,2,0.0041,16,364,713
2026-04-17T04:58:06,video,35,30,0.05,euclidean,15,0.1,euclidean,15,,eom,cosine,42,2,0.0027,16,365,714
2026-04-17T04:58:07,video,35,30,0.05,euclidean,15,0.1,cosine,15,,eom,euclidean,42,2,0.0041,16,364,713
2026-04-17T04:58:07,video,35,30,0.05,euclidean,15,0.1,cosine,15,,eom,cosine,42,2,0.0027,16,365,714
2026-04-17T04:58:19,video,35,30,0.05,correlation,15,0.1,cosine,15,,eom,euclidean,42,5,0.1612,16,49,313
2026-04-17T04:58:19,video,35,30,0.05,correlation,15,0.1,euclidean,15,,eom,cosine,42,5,0.1653,16,49,308
2026-04-17T04:58:19,video,35,30,0.05,correlation,15,0.1,euclidean,15,,eom,euclidean,42,5,0.1612,16,49,313
2026-04-17T04:58:19,video,35,30,0.05,correlation,15,0.1,cosine,15,,eom,cosine,42,5,0.1653,16,49,308
2026-04-17T04:58:32,video,35,30,0.05,cosine,15,0.1,cosine,15,,leaf,euclidean,42,11,0.5137,15,24,67
2026-04-17T04:58:32,video,35,30,0.05,cosine,15,0.1,euclidean,15,,leaf,euclidean,42,11,0.5137,15,24,67
2026-04-17T04:58:32,video,35,30,0.05,cosine,15,0.1,euclidean,15,,leaf,cosine,42,11,0.515,16,20,67
2026-04-17T04:58:32,video,35,30,0.05,cosine,15,0.1,cosine,15,,leaf,cosine,42,11,0.515,16,20,67
2026-04-17T04:58:44,video,35,30,0.05,euclidean,15,0.1,euclidean,15,,leaf,euclidean,42,9,0.5943,15,30,69
2026-04-17T04:58:44,video,35,30,0.05,euclidean,15,0.1,cosine,15,,leaf,euclidean,42,9,0.5943,15,30,69
2026-04-17T04:58:44,video,35,30,0.05,euclidean,15,0.1,euclidean,15,,leaf,cosine,42,10,0.623,15,17,68
2026-04-17T04:58:44,video,35,30,0.05,euclidean,15,0.1,cosine,15,,leaf,cosine,42,10,0.623,15,17,68
2026-04-17T04:58:57,video,35,30,0.05,correlation,15,0.1,euclidean,15,,leaf,euclidean,42,11,0.5628,16,23,64
2026-04-17T04:58:57,video,35,30,0.05,correlation,15,0.1,euclidean,15,,leaf,cosine,42,11,0.526,16,27,75
2026-04-17T04:58:57,video,35,30,0.05,correlation,15,0.1,cosine,15,,leaf,euclidean,42,11,0.5628,16,23,64
2026-04-17T04:58:57,video,35,30,0.05,correlation,15,0.1,cosine,15,,leaf,cosine,42,11,0.526,16,27,75
2026-04-17T04:59:10,video,35,30,0.05,cosine,15,0.1,cosine,25,,eom,euclidean,42,3,0.224,44,208,316
2026-04-17T04:59:10,video,35,30,0.05,cosine,15,0.1,euclidean,25,,eom,euclidean,42,3,0.224,44,208,316
2026-04-17T04:59:10,video,35,30,0.05,cosine,15,0.1,euclidean,25,,eom,cosine,42,3,0.2377,43,207,308
2026-04-17T04:59:10,video,35,30,0.05,cosine,15,0.1,cosine,25,,eom,cosine,42,3,0.2377,43,207,308
2026-04-17T04:59:22,video,35,30,0.05,euclidean,15,0.1,cosine,25,,eom,euclidean,42,3,0.276,31,202,297
2026-04-17T04:59:22,video,35,30,0.05,euclidean,15,0.1,euclidean,25,,eom,euclidean,42,3,0.276,31,202,297
2026-04-17T04:59:22,video,35,30,0.05,euclidean,15,0.1,euclidean,25,,eom,cosine,42,3,0.265,32,218,288
2026-04-17T04:59:23,video,35,30,0.05,euclidean,15,0.1,cosine,25,,eom,cosine,42,3,0.265,32,218,288
2026-04-17T04:59:35,video,35,30,0.05,correlation,15,0.1,cosine,25,,eom,euclidean,42,3,0.2117,45,208,324
2026-04-17T04:59:35,video,35,30,0.05,correlation,15,0.1,euclidean,25,,eom,euclidean,42,3,0.2117,45,208,324
2026-04-17T04:59:35,video,35,30,0.05,correlation,15,0.1,euclidean,25,,eom,cosine,42,3,0.2363,43,201,315
2026-04-17T04:59:35,video,35,30,0.05,correlation,15,0.1,cosine,25,,eom,cosine,42,3,0.2363,43,201,315
2026-04-17T04:59:48,video,35,30,0.05,cosine,15,0.1,cosine,25,,leaf,euclidean,42,5,0.4208,44,58,208
2026-04-17T04:59:48,video,35,30,0.05,cosine,15,0.1,euclidean,25,,leaf,euclidean,42,5,0.4208,44,58,208
2026-04-17T04:59:48,video,35,30,0.05,cosine,15,0.1,cosine,25,,leaf,cosine,42,5,0.4126,43,60,207
2026-04-17T04:59:48,video,35,30,0.05,cosine,15,0.1,euclidean,25,,leaf,cosine,42,5,0.4126,43,60,207
2026-04-17T05:00:00,video,35,30,0.05,euclidean,15,0.1,euclidean,25,,leaf,cosine,42,5,0.4413,32,51,218
2026-04-17T05:00:00,video,35,30,0.05,euclidean,15,0.1,euclidean,25,,leaf,euclidean,42,5,0.4768,31,50,202
2026-04-17T05:00:00,video,35,30,0.05,euclidean,15,0.1,cosine,25,,leaf,euclidean,42,5,0.4768,31,50,202
2026-04-17T05:00:00,video,35,30,0.05,euclidean,15,0.1,cosine,25,,leaf,cosine,42,5,0.4413,32,51,218
2026-04-17T05:00:13,video,35,30,0.05,correlation,15,0.1,cosine,25,,leaf,euclidean,42,5,0.418,37,56,208
2026-04-17T05:00:13,video,35,30,0.05,correlation,15,0.1,euclidean,25,,leaf,cosine,42,6,0.6093,31,42,77
2026-04-17T05:00:13,video,35,30,0.05,correlation,15,0.1,cosine,25,,leaf,cosine,42,6,0.6093,31,42,77
2026-04-17T05:00:14,video,35,30,0.05,correlation,15,0.1,euclidean,25,,leaf,euclidean,42,5,0.418,37,56,208
2026-04-17T05:00:25,video,40,10,0.0,cosine,15,0.1,cosine,10,,eom,euclidean,42,15,0.2063,13,19,212
2026-04-17T05:00:25,video,40,10,0.0,cosine,15,0.1,euclidean,10,,eom,euclidean,42,15,0.2063,13,19,212
2026-04-17T05:00:25,video,40,10,0.0,cosine,15,0.1,euclidean,10,,eom,cosine,42,16,0.2172,14,19,213
2026-04-17T05:00:25,video,40,10,0.0,cosine,15,0.1,cosine,10,,eom,cosine,42,16,0.2172,14,19,213
2026-04-17T05:00:37,video,40,10,0.0,euclidean,15,0.1,euclidean,10,,eom,cosine,42,17,0.2432,11,16,208
2026-04-17T05:00:37,video,40,10,0.0,euclidean,15,0.1,euclidean,10,,eom,euclidean,42,4,0.0,14,16,686
2026-04-17T05:00:37,video,40,10,0.0,euclidean,15,0.1,cosine,10,,eom,cosine,42,17,0.2432,11,16,208
2026-04-17T05:00:38,video,40,10,0.0,euclidean,15,0.1,cosine,10,,eom,euclidean,42,4,0.0,14,16,686
2026-04-17T05:00:50,video,40,10,0.0,correlation,15,0.1,euclidean,10,,eom,euclidean,42,15,0.1995,10,18,215
2026-04-17T05:00:50,video,40,10,0.0,correlation,15,0.1,euclidean,10,,eom,cosine,42,20,0.321,11,17,82
2026-04-17T05:00:50,video,40,10,0.0,correlation,15,0.1,cosine,10,,eom,euclidean,42,15,0.1995,10,18,215
2026-04-17T05:00:51,video,40,10,0.0,correlation,15,0.1,cosine,10,,eom,cosine,42,20,0.321,11,17,82
2026-04-17T05:01:02,video,40,10,0.0,cosine,15,0.1,cosine,10,,leaf,euclidean,42,21,0.4112,12,18,44
2026-04-17T05:01:02,video,40,10,0.0,cosine,15,0.1,euclidean,10,,leaf,euclidean,42,21,0.4112,12,18,44
2026-04-17T05:01:02,video,40,10,0.0,cosine,15,0.1,cosine,10,,leaf,cosine,42,22,0.3907,10,17,45
2026-04-17T05:01:02,video,40,10,0.0,cosine,15,0.1,euclidean,10,,leaf,cosine,42,22,0.3907,10,17,45
2026-04-17T05:01:14,video,40,10,0.0,euclidean,15,0.1,euclidean,10,,leaf,euclidean,42,21,0.4454,12,16,40
2026-04-17T05:01:14,video,40,10,0.0,euclidean,15,0.1,euclidean,10,,leaf,cosine,42,22,0.4344,11,16,41
2026-04-17T05:01:14,video,40,10,0.0,euclidean,15,0.1,cosine,10,,leaf,euclidean,42,21,0.4454,12,16,40
2026-04-17T05:01:14,video,40,10,0.0,euclidean,15,0.1,cosine,10,,leaf,cosine,42,22,0.4344,11,16,41
2026-04-17T05:01:27,video,40,10,0.0,correlation,15,0.1,euclidean,10,,leaf,euclidean,42,22,0.3907,10,17,49
2026-04-17T05:01:27,video,40,10,0.0,correlation,15,0.1,cosine,10,,leaf,euclidean,42,22,0.3907,10,17,49
2026-04-17T05:01:27,video,40,10,0.0,correlation,15,0.1,euclidean,10,,leaf,cosine,42,22,0.3825,10,17,48
2026-04-17T05:01:27,video,40,10,0.0,correlation,15,0.1,cosine,10,,leaf,cosine,42,22,0.3825,10,17,48
2026-04-17T05:01:39,video,40,10,0.0,cosine,15,0.1,euclidean,15,,eom,euclidean,42,10,0.1762,16,29,208
2026-04-17T05:01:39,video,40,10,0.0,cosine,15,0.1,cosine,15,,eom,euclidean,42,10,0.1762,16,29,208
2026-04-17T05:01:39,video,40,10,0.0,cosine,15,0.1,euclidean,15,,eom,cosine,42,12,0.2322,16,23,209
2026-04-17T05:01:39,video,40,10,0.0,cosine,15,0.1,cosine,15,,eom,cosine,42,12,0.2322,16,23,209
2026-04-17T05:01:51,video,40,10,0.0,euclidean,15,0.1,euclidean,15,,eom,euclidean,42,3,0.0,16,16,700
2026-04-17T05:01:51,video,40,10,0.0,euclidean,15,0.1,cosine,15,,eom,euclidean,42,3,0.0,16,16,700
2026-04-17T05:01:52,video,40,10,0.0,euclidean,15,0.1,euclidean,15,,eom,cosine,42,3,0.0,16,16,700
2026-04-17T05:01:52,video,40,10,0.0,euclidean,15,0.1,cosine,15,,eom,cosine,42,3,0.0,16,16,700
2026-04-17T05:02:04,video,40,10,0.0,correlation,15,0.1,euclidean,15,,eom,euclidean,42,3,0.0,16,17,699
2026-04-17T05:02:04,video,40,10,0.0,correlation,15,0.1,cosine,15,,eom,euclidean,42,3,0.0,16,17,699
2026-04-17T05:02:05,video,40,10,0.0,correlation,15,0.1,cosine,15,,eom,cosine,42,9,0.194,16,41,208
2026-04-17T05:02:05,video,40,10,0.0,correlation,15,0.1,euclidean,15,,eom,cosine,42,9,0.194,16,41,208
2026-04-17T05:02:16,video,40,10,0.0,cosine,15,0.1,cosine,15,,leaf,euclidean,42,14,0.3893,16,22,76
2026-04-17T05:02:16,video,40,10,0.0,cosine,15,0.1,euclidean,15,,leaf,cosine,42,14,0.3921,16,24,76
2026-04-17T05:02:16,video,40,10,0.0,cosine,15,0.1,euclidean,15,,leaf,euclidean,42,14,0.3893,16,22,76
2026-04-17T05:02:16,video,40,10,0.0,cosine,15,0.1,cosine,15,,leaf,cosine,42,14,0.3921,16,24,76
2026-04-17T05:02:28,video,40,10,0.0,euclidean,15,0.1,euclidean,15,,leaf,euclidean,42,11,0.5068,16,25,66
2026-04-17T05:02:28,video,40,10,0.0,euclidean,15,0.1,euclidean,15,,leaf,cosine,42,11,0.5123,15,25,65
2026-04-17T05:02:28,video,40,10,0.0,euclidean,15,0.1,cosine,15,,leaf,euclidean,42,11,0.5068,16,25,66
2026-04-17T05:02:29,video,40,10,0.0,euclidean,15,0.1,cosine,15,,leaf,cosine,42,11,0.5123,15,25,65
2026-04-17T05:02:41,video,40,10,0.0,correlation,15,0.1,euclidean,15,,leaf,euclidean,42,13,0.3593,16,24,103
2026-04-17T05:02:41,video,40,10,0.0,correlation,15,0.1,cosine,15,,leaf,euclidean,42,13,0.3593,16,24,103
2026-04-17T05:02:41,video,40,10,0.0,correlation,15,0.1,cosine,15,,leaf,cosine,42,13,0.362,16,23,89
2026-04-17T05:02:41,video,40,10,0.0,correlation,15,0.1,euclidean,15,,leaf,cosine,42,13,0.362,16,23,89
2026-04-17T05:02:53,video,40,10,0.0,cosine,15,0.1,cosine,25,,eom,euclidean,42,4,0.3552,35,117,203
2026-04-17T05:02:53,video,40,10,0.0,cosine,15,0.1,euclidean,25,,eom,cosine,42,5,0.4112,37,70,189
2026-04-17T05:02:53,video,40,10,0.0,cosine,15,0.1,euclidean,25,,eom,euclidean,42,4,0.3552,35,117,203
2026-04-17T05:02:53,video,40,10,0.0,cosine,15,0.1,cosine,25,,eom,cosine,42,5,0.4112,37,70,189
2026-04-17T05:03:06,video,40,10,0.0,euclidean,15,0.1,euclidean,25,,eom,cosine,42,3,0.2336,33,217,311
2026-04-17T05:03:06,video,40,10,0.0,euclidean,15,0.1,euclidean,25,,eom,euclidean,42,3,0.1858,35,218,343
2026-04-17T05:03:06,video,40,10,0.0,euclidean,15,0.1,cosine,25,,eom,euclidean,42,3,0.1858,35,218,343
2026-04-17T05:03:06,video,40,10,0.0,euclidean,15,0.1,cosine,25,,eom,cosine,42,3,0.2336,33,217,311
2026-04-17T05:03:18,video,40,10,0.0,correlation,15,0.1,euclidean,25,,eom,euclidean,42,3,0.235,44,203,313
2026-04-17T05:03:18,video,40,10,0.0,correlation,15,0.1,euclidean,25,,eom,cosine,42,3,0.2418,40,197,318
2026-04-17T05:03:18,video,40,10,0.0,correlation,15,0.1,cosine,25,,eom,cosine,42,3,0.2418,40,197,318
2026-04-17T05:03:18,video,40,10,0.0,correlation,15,0.1,cosine,25,,eom,euclidean,42,3,0.235,44,203,313
2026-04-17T05:03:30,video,40,10,0.0,cosine,15,0.1,cosine,25,,leaf,euclidean,42,6,0.5779,35,42,82
2026-04-17T05:03:30,video,40,10,0.0,cosine,15,0.1,euclidean,25,,leaf,euclidean,42,6,0.5779,35,42,82
2026-04-17T05:03:31,video,40,10,0.0,cosine,15,0.1,cosine,25,,leaf,cosine,42,6,0.5615,37,44,87
2026-04-17T05:03:31,video,40,10,0.0,cosine,15,0.1,euclidean,25,,leaf,cosine,42,6,0.5615,37,44,87
2026-04-17T05:03:42,video,40,10,0.0,euclidean,15,0.1,cosine,25,,leaf,euclidean,42,5,0.3566,35,72,218
2026-04-17T05:03:42,video,40,10,0.0,euclidean,15,0.1,euclidean,25,,leaf,euclidean,42,5,0.3566,35,72,218
2026-04-17T05:03:42,video,40,10,0.0,euclidean,15,0.1,euclidean,25,,leaf,cosine,42,5,0.3702,33,68,217
2026-04-17T05:03:42,video,40,10,0.0,euclidean,15,0.1,cosine,25,,leaf,cosine,42,5,0.3702,33,68,217
2026-04-17T05:03:55,video,40,10,0.0,correlation,15,0.1,euclidean,25,,leaf,euclidean,42,6,0.5068,38,55,90
2026-04-17T05:03:55,video,40,10,0.0,correlation,15,0.1,cosine,25,,leaf,euclidean,42,6,0.5068,38,55,90
2026-04-17T05:03:55,video,40,10,0.0,correlation,15,0.1,cosine,25,,leaf,cosine,42,6,0.4973,38,61,90
2026-04-17T05:03:55,video,40,10,0.0,correlation,15,0.1,euclidean,25,,leaf,cosine,42,6,0.4973,38,61,90
2026-04-17T05:04:08,video,40,10,0.05,cosine,15,0.1,euclidean,10,,eom,euclidean,42,14,0.2117,14,21,192
2026-04-17T05:04:08,video,40,10,0.05,cosine,15,0.1,euclidean,10,,eom,cosine,42,19,0.347,12,18,69
2026-04-17T05:04:08,video,40,10,0.05,cosine,15,0.1,cosine,10,,eom,euclidean,42,14,0.2117,14,21,192
2026-04-17T05:04:08,video,40,10,0.05,cosine,15,0.1,cosine,10,,eom,cosine,42,19,0.347,12,18,69
2026-04-17T05:04:20,video,40,10,0.05,euclidean,15,0.1,cosine,10,,eom,euclidean,42,4,0.0,14,16,686
2026-04-17T05:04:20,video,40,10,0.05,euclidean,15,0.1,euclidean,10,,eom,euclidean,42,4,0.0,14,16,686
2026-04-17T05:04:20,video,40,10,0.05,euclidean,15,0.1,euclidean,10,,eom,cosine,42,16,0.2404,10,16,209
2026-04-17T05:04:21,video,40,10,0.05,euclidean,15,0.1,cosine,10,,eom,cosine,42,16,0.2404,10,16,209
2026-04-17T05:04:33,video,40,10,0.05,correlation,15,0.1,cosine,10,,eom,euclidean,42,14,0.2391,12,18,212
2026-04-17T05:04:33,video,40,10,0.05,correlation,15,0.1,cosine,10,,eom,cosine,42,15,0.2582,12,17,211
2026-04-17T05:04:33,video,40,10,0.05,correlation,15,0.1,euclidean,10,,eom,euclidean,42,14,0.2391,12,18,212
2026-04-17T05:04:33,video,40,10,0.05,correlation,15,0.1,euclidean,10,,eom,cosine,42,15,0.2582,12,17,211
2026-04-17T05:04:45,video,40,10,0.05,cosine,15,0.1,cosine,10,,leaf,euclidean,42,20,0.3675,10,18,70
2026-04-17T05:04:45,video,40,10,0.05,cosine,15,0.1,euclidean,10,,leaf,cosine,42,20,0.3648,12,18,69
2026-04-17T05:04:45,video,40,10,0.05,cosine,15,0.1,cosine,10,,leaf,cosine,42,20,0.3648,12,18,69
2026-04-17T05:04:46,video,40,10,0.05,cosine,15,0.1,euclidean,10,,leaf,euclidean,42,20,0.3675,10,18,70
2026-04-17T05:04:57,video,40,10,0.05,euclidean,15,0.1,cosine,10,,leaf,euclidean,42,21,0.4016,10,16,61
2026-04-17T05:04:57,video,40,10,0.05,euclidean,15,0.1,euclidean,10,,leaf,cosine,42,21,0.4016,10,16,61
2026-04-17T05:04:58,video,40,10,0.05,euclidean,15,0.1,euclidean,10,,leaf,euclidean,42,21,0.4016,10,16,61
2026-04-17T05:04:58,video,40,10,0.05,euclidean,15,0.1,cosine,10,,leaf,cosine,42,21,0.4016,10,16,61
2026-04-17T05:05:10,video,40,10,0.05,correlation,15,0.1,cosine,10,,leaf,euclidean,42,20,0.4276,10,17,47
2026-04-17T05:05:10,video,40,10,0.05,correlation,15,0.1,euclidean,10,,leaf,euclidean,42,20,0.4276,10,17,47
2026-04-17T05:05:10,video,40,10,0.05,correlation,15,0.1,cosine,10,,leaf,cosine,42,19,0.3648,12,17,79
2026-04-17T05:05:11,video,40,10,0.05,correlation,15,0.1,euclidean,10,,leaf,cosine,42,19,0.3648,12,17,79
2026-04-17T05:05:22,video,40,10,0.05,cosine,15,0.1,cosine,15,,eom,euclidean,42,3,0.0014,16,17,698
2026-04-17T05:05:22,video,40,10,0.05,cosine,15,0.1,euclidean,15,,eom,euclidean,42,3,0.0014,16,17,698
2026-04-17T05:05:22,video,40,10,0.05,cosine,15,0.1,cosine,15,,eom,cosine,42,9,0.1721,16,19,236
2026-04-17T05:05:22,video,40,10,0.05,cosine,15,0.1,euclidean,15,,eom,cosine,42,9,0.1721,16,19,236
2026-04-17T05:05:34,video,40,10,0.05,euclidean,15,0.1,euclidean,15,,eom,euclidean,42,3,0.0027,16,16,698
2026-04-17T05:05:34,video,40,10,0.05,euclidean,15,0.1,euclidean,15,,eom,cosine,42,3,0.0,16,16,700
2026-04-17T05:05:34,video,40,10,0.05,euclidean,15,0.1,cosine,15,,eom,euclidean,42,3,0.0027,16,16,698
2026-04-17T05:05:35,video,40,10,0.05,euclidean,15,0.1,cosine,15,,eom,cosine,42,3,0.0,16,16,700
2026-04-17T05:05:47,video,40,10,0.05,correlation,15,0.1,euclidean,15,,eom,euclidean,42,3,0.0123,16,17,690
2026-04-17T05:05:47,video,40,10,0.05,correlation,15,0.1,euclidean,15,,eom,cosine,42,9,0.3156,16,41,202
2026-04-17T05:05:47,video,40,10,0.05,correlation,15,0.1,cosine,15,,eom,euclidean,42,3,0.0123,16,17,690
2026-04-17T05:05:47,video,40,10,0.05,correlation,15,0.1,cosine,15,,eom,cosine,42,9,0.3156,16,41,202
2026-04-17T05:05:59,video,40,10,0.05,cosine,15,0.1,cosine,15,,leaf,euclidean,42,14,0.429,16,19,64
2026-04-17T05:05:59,video,40,10,0.05,cosine,15,0.1,euclidean,15,,leaf,euclidean,42,14,0.429,16,19,64
2026-04-17T05:05:59,video,40,10,0.05,cosine,15,0.1,cosine,15,,leaf,cosine,42,14,0.4235,16,19,65
2026-04-17T05:05:59,video,40,10,0.05,cosine,15,0.1,euclidean,15,,leaf,cosine,42,14,0.4235,16,19,65
2026-04-17T05:06:11,video,40,10,0.05,euclidean,15,0.1,euclidean,15,,leaf,euclidean,42,11,0.5478,16,22,66
2026-04-17T05:06:11,video,40,10,0.05,euclidean,15,0.1,euclidean,15,,leaf,cosine,42,11,0.5464,16,23,66
2026-04-17T05:06:11,video,40,10,0.05,euclidean,15,0.1,cosine,15,,leaf,cosine,42,11,0.5464,16,23,66
2026-04-17T05:06:11,video,40,10,0.05,euclidean,15,0.1,cosine,15,,leaf,euclidean,42,11,0.5478,16,22,66
2026-04-17T05:06:24,video,40,10,0.05,correlation,15,0.1,euclidean,15,,leaf,euclidean,42,13,0.4344,16,23,67
2026-04-17T05:06:24,video,40,10,0.05,correlation,15,0.1,euclidean,15,,leaf,cosine,42,12,0.4426,16,28,66
2026-04-17T05:06:24,video,40,10,0.05,correlation,15,0.1,cosine,15,,leaf,cosine,42,12,0.4426,16,28,66
2026-04-17T05:06:24,video,40,10,0.05,correlation,15,0.1,cosine,15,,leaf,euclidean,42,13,0.4344,16,23,67
2026-04-17T05:06:36,video,40,10,0.05,cosine,15,0.1,euclidean,25,,eom,euclidean,42,4,0.3798,34,109,202
2026-04-17T05:06:36,video,40,10,0.05,cosine,15,0.1,cosine,25,,eom,euclidean,42,4,0.3798,34,109,202
2026-04-17T05:06:36,video,40,10,0.05,cosine,15,0.1,euclidean,25,,eom,cosine,42,4,0.3825,33,106,207
2026-04-17T05:06:37,video,40,10,0.05,cosine,15,0.1,cosine,25,,eom,cosine,42,4,0.3825,33,106,207
2026-04-17T05:06:49,video,40,10,0.05,euclidean,15,0.1,cosine,25,,eom,euclidean,42,3,0.2637,34,209,296
2026-04-17T05:06:49,video,40,10,0.05,euclidean,15,0.1,euclidean,25,,eom,euclidean,42,3,0.2637,34,209,296
2026-04-17T05:06:49,video,40,10,0.05,euclidean,15,0.1,euclidean,25,,eom,cosine,42,3,0.2978,34,204,276
2026-04-17T05:06:49,video,40,10,0.05,euclidean,15,0.1,cosine,25,,eom,cosine,42,3,0.2978,34,204,276
2026-04-17T05:07:01,video,40,10,0.05,correlation,15,0.1,euclidean,25,,eom,euclidean,42,3,0.2609,39,200,302
2026-04-17T05:07:01,video,40,10,0.05,correlation,15,0.1,euclidean,25,,eom,cosine,42,3,0.265,40,194,304
2026-04-17T05:07:01,video,40,10,0.05,correlation,15,0.1,cosine,25,,eom,cosine,42,3,0.265,40,194,304
2026-04-17T05:07:01,video,40,10,0.05,correlation,15,0.1,cosine,25,,eom,euclidean,42,3,0.2609,39,200,302
2026-04-17T05:07:13,video,40,10,0.05,cosine,15,0.1,euclidean,25,,leaf,euclidean,42,6,0.6844,31,36,53
2026-04-17T05:07:13,video,40,10,0.05,cosine,15,0.1,euclidean,25,,leaf,cosine,42,6,0.6831,29,36,56
2026-04-17T05:07:13,video,40,10,0.05,cosine,15,0.1,cosine,25,,leaf,euclidean,42,6,0.6844,31,36,53
2026-04-17T05:07:14,video,40,10,0.05,cosine,15,0.1,cosine,25,,leaf,cosine,42,6,0.6831,29,36,56
2026-04-17T05:07:25,video,40,10,0.05,euclidean,15,0.1,euclidean,25,,leaf,cosine,42,5,0.4303,34,62,204
2026-04-17T05:07:25,video,40,10,0.05,euclidean,15,0.1,euclidean,25,,leaf,euclidean,42,5,0.4399,34,59,209
2026-04-17T05:07:25,video,40,10,0.05,euclidean,15,0.1,cosine,25,,leaf,euclidean,42,5,0.4399,34,59,209
2026-04-17T05:07:25,video,40,10,0.05,euclidean,15,0.1,cosine,25,,leaf,cosine,42,5,0.4303,34,62,204
2026-04-17T05:07:38,video,40,10,0.05,correlation,15,0.1,cosine,25,,leaf,euclidean,42,6,0.6148,36,43,61
2026-04-17T05:07:38,video,40,10,0.05,correlation,15,0.1,euclidean,25,,leaf,cosine,42,6,0.6134,35,44,64
2026-04-17T05:07:38,video,40,10,0.05,correlation,15,0.1,euclidean,25,,leaf,euclidean,42,6,0.6148,36,43,61
2026-04-17T05:07:38,video,40,10,0.05,correlation,15,0.1,cosine,25,,leaf,cosine,42,6,0.6134,35,44,64
2026-04-17T05:07:51,video,40,15,0.0,cosine,15,0.1,euclidean,10,,eom,euclidean,42,12,0.1598,12,22,212
2026-04-17T05:07:51,video,40,15,0.0,cosine,15,0.1,cosine,10,,eom,euclidean,42,12,0.1598,12,22,212
2026-04-17T05:07:51,video,40,15,0.0,cosine,15,0.1,euclidean,10,,eom,cosine,42,14,0.224,12,18,209
2026-04-17T05:07:51,video,40,15,0.0,cosine,15,0.1,cosine,10,,eom,cosine,42,14,0.224,12,18,209
2026-04-17T05:08:02,video,40,15,0.0,euclidean,15,0.1,euclidean,10,,eom,euclidean,42,3,0.0,16,16,700
2026-04-17T05:08:02,video,40,15,0.0,euclidean,15,0.1,euclidean,10,,eom,cosine,42,12,0.2568,12,20,226
2026-04-17T05:08:03,video,40,15,0.0,euclidean,15,0.1,cosine,10,,eom,euclidean,42,3,0.0,16,16,700
2026-04-17T05:08:03,video,40,15,0.0,euclidean,15,0.1,cosine,10,,eom,cosine,42,12,0.2568,12,20,226
2026-04-17T05:08:15,video,40,15,0.0,correlation,15,0.1,euclidean,10,,eom,euclidean,42,3,0.0,16,16,700
2026-04-17T05:08:15,video,40,15,0.0,correlation,15,0.1,cosine,10,,eom,euclidean,42,3,0.0,16,16,700
2026-04-17T05:08:16,video,40,15,0.0,correlation,15,0.1,euclidean,10,,eom,cosine,42,15,0.3169,12,18,195
2026-04-17T05:08:16,video,40,15,0.0,correlation,15,0.1,cosine,10,,eom,cosine,42,15,0.3169,12,18,195
2026-04-17T05:08:27,video,40,15,0.0,cosine,15,0.1,euclidean,10,,leaf,cosine,42,18,0.373,11,21,60
2026-04-17T05:08:28,video,40,15,0.0,cosine,15,0.1,cosine,10,,leaf,euclidean,42,18,0.3825,11,20,62
2026-04-17T05:08:28,video,40,15,0.0,cosine,15,0.1,euclidean,10,,leaf,euclidean,42,18,0.3825,11,20,62
2026-04-17T05:08:28,video,40,15,0.0,cosine,15,0.1,cosine,10,,leaf,cosine,42,18,0.373,11,21,60
2026-04-17T05:08:40,video,40,15,0.0,euclidean,15,0.1,euclidean,10,,leaf,euclidean,42,17,0.4508,12,18,63
2026-04-17T05:08:40,video,40,15,0.0,euclidean,15,0.1,euclidean,10,,leaf,cosine,42,18,0.4549,12,16,63
2026-04-17T05:08:40,video,40,15,0.0,euclidean,15,0.1,cosine,10,,leaf,cosine,42,18,0.4549,12,16,63
2026-04-17T05:08:40,video,40,15,0.0,euclidean,15,0.1,cosine,10,,leaf,euclidean,42,17,0.4508,12,18,63
2026-04-17T05:08:53,video,40,15,0.0,correlation,15,0.1,euclidean,10,,leaf,euclidean,42,19,0.4208,12,19,55
2026-04-17T05:08:53,video,40,15,0.0,correlation,15,0.1,cosine,10,,leaf,cosine,42,18,0.4167,12,19,57
2026-04-17T05:08:53,video,40,15,0.0,correlation,15,0.1,euclidean,10,,leaf,cosine,42,18,0.4167,12,19,57
2026-04-17T05:08:53,video,40,15,0.0,correlation,15,0.1,cosine,10,,leaf,euclidean,42,19,0.4208,12,19,55
2026-04-17T05:09:05,video,40,15,0.0,cosine,15,0.1,cosine,15,,eom,euclidean,42,3,0.0,16,17,699
2026-04-17T05:09:05,video,40,15,0.0,cosine,15,0.1,euclidean,15,,eom,cosine,42,5,0.1107,16,51,344
2026-04-17T05:09:05,video,40,15,0.0,cosine,15,0.1,euclidean,15,,eom,euclidean,42,3,0.0,16,17,699
2026-04-17T05:09:05,video,40,15,0.0,cosine,15,0.1,cosine,15,,eom,cosine,42,5,0.1107,16,51,344
2026-04-17T05:09:18,video,40,15,0.0,euclidean,15,0.1,euclidean,15,,eom,euclidean,42,3,0.0,16,16,700
2026-04-17T05:09:18,video,40,15,0.0,euclidean,15,0.1,euclidean,15,,eom,cosine,42,3,0.0,16,16,700
2026-04-17T05:09:19,video,40,15,0.0,euclidean,15,0.1,cosine,15,,eom,euclidean,42,3,0.0,16,16,700
2026-04-17T05:09:19,video,40,15,0.0,euclidean,15,0.1,cosine,15,,eom,cosine,42,3,0.0,16,16,700
2026-04-17T05:09:31,video,40,15,0.0,correlation,15,0.1,euclidean,15,,eom,euclidean,42,3,0.0,16,16,700
2026-04-17T05:09:31,video,40,15,0.0,correlation,15,0.1,cosine,15,,eom,euclidean,42,3,0.0,16,16,700
2026-04-17T05:09:31,video,40,15,0.0,correlation,15,0.1,cosine,15,,eom,cosine,42,10,0.2787,16,27,218
2026-04-17T05:09:31,video,40,15,0.0,correlation,15,0.1,euclidean,15,,eom,cosine,42,10,0.2787,16,27,218
2026-04-17T05:09:44,video,40,15,0.0,cosine,15,0.1,euclidean,15,,leaf,cosine,42,12,0.485,15,25,70
2026-04-17T05:09:44,video,40,15,0.0,cosine,15,0.1,cosine,15,,leaf,euclidean,42,11,0.4495,16,27,88
2026-04-17T05:09:44,video,40,15,0.0,cosine,15,0.1,euclidean,15,,leaf,euclidean,42,11,0.4495,16,27,88
2026-04-17T05:09:44,video,40,15,0.0,cosine,15,0.1,cosine,15,,leaf,cosine,42,12,0.485,15,25,70
2026-04-17T05:09:56,video,40,15,0.0,euclidean,15,0.1,euclidean,15,,leaf,euclidean,42,11,0.5041,15,24,72
2026-04-17T05:09:56,video,40,15,0.0,euclidean,15,0.1,cosine,15,,leaf,euclidean,42,11,0.5041,15,24,72
2026-04-17T05:09:56,video,40,15,0.0,euclidean,15,0.1,euclidean,15,,leaf,cosine,42,10,0.4918,16,35,62
2026-04-17T05:09:56,video,40,15,0.0,euclidean,15,0.1,cosine,15,,leaf,cosine,42,10,0.4918,16,35,62
2026-04-17T05:10:08,video,40,15,0.0,correlation,15,0.1,euclidean,15,,leaf,euclidean,42,12,0.4658,16,22,73
2026-04-17T05:10:08,video,40,15,0.0,correlation,15,0.1,cosine,15,,leaf,cosine,42,13,0.4426,15,20,76
2026-04-17T05:10:08,video,40,15,0.0,correlation,15,0.1,cosine,15,,leaf,euclidean,42,12,0.4658,16,22,73
2026-04-17T05:10:08,video,40,15,0.0,correlation,15,0.1,euclidean,15,,leaf,cosine,42,13,0.4426,15,20,76
2026-04-17T05:10:21,video,40,15,0.0,cosine,15,0.1,euclidean,25,,eom,euclidean,42,3,0.194,48,208,334
2026-04-17T05:10:22,video,40,15,0.0,cosine,15,0.1,euclidean,25,,eom,cosine,42,3,0.1872,47,208,340
2026-04-17T05:10:22,video,40,15,0.0,cosine,15,0.1,cosine,25,,eom,cosine,42,3,0.1872,47,208,340
2026-04-17T05:10:22,video,40,15,0.0,cosine,15,0.1,cosine,25,,eom,euclidean,42,3,0.194,48,208,334
2026-04-17T05:10:33,video,40,15,0.0,euclidean,15,0.1,cosine,25,,eom,euclidean,42,3,0.2295,37,223,304
2026-04-17T05:10:33,video,40,15,0.0,euclidean,15,0.1,euclidean,25,,eom,cosine,42,3,0.2254,38,221,308
2026-04-17T05:10:33,video,40,15,0.0,euclidean,15,0.1,euclidean,25,,eom,euclidean,42,3,0.2295,37,223,304
2026-04-17T05:10:34,video,40,15,0.0,euclidean,15,0.1,cosine,25,,eom,cosine,42,3,0.2254,38,221,308
2026-04-17T05:10:46,video,40,15,0.0,correlation,15,0.1,euclidean,25,,eom,euclidean,42,3,0.2322,45,204,313
2026-04-17T05:10:46,video,40,15,0.0,correlation,15,0.1,cosine,25,,eom,euclidean,42,3,0.2322,45,204,313
2026-04-17T05:10:46,video,40,15,0.0,correlation,15,0.1,euclidean,25,,eom,cosine,42,3,0.2459,46,199,307
2026-04-17T05:10:46,video,40,15,0.0,correlation,15,0.1,cosine,25,,eom,cosine,42,3,0.2459,46,199,307
2026-04-17T05:10:59,video,40,15,0.0,cosine,15,0.1,euclidean,25,,leaf,euclidean,42,6,0.6503,34,41,58
2026-04-17T05:10:59,video,40,15,0.0,cosine,15,0.1,cosine,25,,leaf,euclidean,42,6,0.6503,34,41,58
2026-04-17T05:10:59,video,40,15,0.0,cosine,15,0.1,euclidean,25,,leaf,cosine,42,6,0.6011,31,51,67
2026-04-17T05:10:59,video,40,15,0.0,cosine,15,0.1,cosine,25,,leaf,cosine,42,6,0.6011,31,51,67
2026-04-17T05:11:10,video,40,15,0.0,euclidean,15,0.1,euclidean,25,,leaf,euclidean,42,5,0.4372,37,50,223
2026-04-17T05:11:11,video,40,15,0.0,euclidean,15,0.1,euclidean,25,,leaf,cosine,42,5,0.4699,36,44,221
2026-04-17T05:11:11,video,40,15,0.0,euclidean,15,0.1,cosine,25,,leaf,euclidean,42,5,0.4372,37,50,223
2026-04-17T05:11:11,video,40,15,0.0,euclidean,15,0.1,cosine,25,,leaf,cosine,42,5,0.4699,36,44,221
2026-04-17T05:11:23,video,40,15,0.0,correlation,15,0.1,euclidean,25,,leaf,euclidean,42,7,0.5615,25,45,68
2026-04-17T05:11:24,video,40,15,0.0,correlation,15,0.1,cosine,25,,leaf,euclidean,42,7,0.5615,25,45,68
2026-04-17T05:11:24,video,40,15,0.0,correlation,15,0.1,euclidean,25,,leaf,cosine,42,7,0.5642,28,46,64
2026-04-17T05:11:24,video,40,15,0.0,correlation,15,0.1,cosine,25,,leaf,cosine,42,7,0.5642,28,46,64
2026-04-17T05:11:36,video,40,15,0.05,cosine,15,0.1,euclidean,10,,eom,euclidean,42,3,0.0,16,17,699
2026-04-17T05:11:36,video,40,15,0.05,cosine,15,0.1,cosine,10,,eom,euclidean,42,3,0.0,16,17,699
2026-04-17T05:11:36,video,40,15,0.05,cosine,15,0.1,euclidean,10,,eom,cosine,42,13,0.2486,12,20,206
2026-04-17T05:11:36,video,40,15,0.05,cosine,15,0.1,cosine,10,,eom,cosine,42,13,0.2486,12,20,206
2026-04-17T05:11:48,video,40,15,0.05,euclidean,15,0.1,cosine,10,,eom,euclidean,42,3,0.0027,16,16,698
2026-04-17T05:11:48,video,40,15,0.05,euclidean,15,0.1,euclidean,10,,eom,euclidean,42,3,0.0027,16,16,698
2026-04-17T05:11:48,video,40,15,0.05,euclidean,15,0.1,cosine,10,,eom,cosine,42,13,0.3197,12,17,201
2026-04-17T05:11:48,video,40,15,0.05,euclidean,15,0.1,euclidean,10,,eom,cosine,42,13,0.3197,12,17,201
2026-04-17T05:12:01,video,40,15,0.05,correlation,15,0.1,euclidean,10,,eom,euclidean,42,3,0.0,16,17,699
2026-04-17T05:12:01,video,40,15,0.05,correlation,15,0.1,cosine,10,,eom,euclidean,42,3,0.0,16,17,699
2026-04-17T05:12:01,video,40,15,0.05,correlation,15,0.1,cosine,10,,eom,cosine,42,14,0.3074,12,18,224
2026-04-17T05:12:01,video,40,15,0.05,correlation,15,0.1,euclidean,10,,eom,cosine,42,14,0.3074,12,18,224
2026-04-17T05:12:13,video,40,15,0.05,cosine,15,0.1,euclidean,10,,leaf,euclidean,42,16,0.4044,11,20,57
2026-04-17T05:12:14,video,40,15,0.05,cosine,15,0.1,cosine,10,,leaf,cosine,42,16,0.4016,11,19,61
2026-04-17T05:12:14,video,40,15,0.05,cosine,15,0.1,euclidean,10,,leaf,cosine,42,16,0.4016,11,19,61
2026-04-17T05:12:14,video,40,15,0.05,cosine,15,0.1,cosine,10,,leaf,euclidean,42,16,0.4044,11,20,57
2026-04-17T05:12:26,video,40,15,0.05,euclidean,15,0.1,cosine,10,,leaf,euclidean,42,18,0.4645,10,16,60
2026-04-17T05:12:26,video,40,15,0.05,euclidean,15,0.1,euclidean,10,,leaf,cosine,42,18,0.5328,10,16,59
2026-04-17T05:12:26,video,40,15,0.05,euclidean,15,0.1,euclidean,10,,leaf,euclidean,42,18,0.4645,10,16,60
2026-04-17T05:12:26,video,40,15,0.05,euclidean,15,0.1,cosine,10,,leaf,cosine,42,18,0.5328,10,16,59
2026-04-17T05:12:39,video,40,15,0.05,correlation,15,0.1,cosine,10,,leaf,euclidean,42,19,0.4385,10,17,49
2026-04-17T05:12:39,video,40,15,0.05,correlation,15,0.1,euclidean,10,,leaf,euclidean,42,19,0.4385,10,17,49
2026-04-17T05:12:39,video,40,15,0.05,correlation,15,0.1,euclidean,10,,leaf,cosine,42,18,0.4454,12,18,47
2026-04-17T05:12:39,video,40,15,0.05,correlation,15,0.1,cosine,10,,leaf,cosine,42,18,0.4454,12,18,47
2026-04-17T05:12:51,video,40,15,0.05,cosine,15,0.1,cosine,15,,eom,euclidean,42,3,0.0,16,17,699
2026-04-17T05:12:51,video,40,15,0.05,cosine,15,0.1,euclidean,15,,eom,euclidean,42,3,0.0,16,17,699
2026-04-17T05:12:51,video,40,15,0.05,cosine,15,0.1,euclidean,15,,eom,cosine,42,3,0.0,16,17,699
2026-04-17T05:12:51,video,40,15,0.05,cosine,15,0.1,cosine,15,,eom,cosine,42,3,0.0,16,17,699
2026-04-17T05:13:03,video,40,15,0.05,euclidean,15,0.1,cosine,15,,eom,euclidean,42,2,0.0,16,366,716
2026-04-17T05:13:03,video,40,15,0.05,euclidean,15,0.1,euclidean,15,,eom,euclidean,42,2,0.0,16,366,716
2026-04-17T05:13:03,video,40,15,0.05,euclidean,15,0.1,euclidean,15,,eom,cosine,42,5,0.1557,16,43,324
2026-04-17T05:13:03,video,40,15,0.05,euclidean,15,0.1,cosine,15,,eom,cosine,42,5,0.1557,16,43,324
2026-04-17T05:13:16,video,40,15,0.05,correlation,15,0.1,euclidean,15,,eom,euclidean,42,3,0.0,16,17,699
2026-04-17T05:13:16,video,40,15,0.05,correlation,15,0.1,euclidean,15,,eom,cosine,42,3,0.0,16,17,699
2026-04-17T05:13:16,video,40,15,0.05,correlation,15,0.1,cosine,15,,eom,euclidean,42,3,0.0,16,17,699
2026-04-17T05:13:16,video,40,15,0.05,correlation,15,0.1,cosine,15,,eom,cosine,42,3,0.0,16,17,699
2026-04-17T05:13:29,video,40,15,0.05,cosine,15,0.1,euclidean,15,,leaf,euclidean,42,10,0.4822,16,36,80
2026-04-17T05:13:29,video,40,15,0.05,cosine,15,0.1,euclidean,15,,leaf,cosine,42,10,0.4781,16,36,80
2026-04-17T05:13:30,video,40,15,0.05,cosine,15,0.1,cosine,15,,leaf,cosine,42,10,0.4781,16,36,80
2026-04-17T05:13:30,video,40,15,0.05,cosine,15,0.1,cosine,15,,leaf,euclidean,42,10,0.4822,16,36,80
2026-04-17T05:13:42,video,40,15,0.05,euclidean,15,0.1,euclidean,15,,leaf,euclidean,42,9,0.5355,16,41,64
2026-04-17T05:13:42,video,40,15,0.05,euclidean,15,0.1,cosine,15,,leaf,euclidean,42,9,0.5355,16,41,64
2026-04-17T05:13:42,video,40,15,0.05,euclidean,15,0.1,euclidean,15,,leaf,cosine,42,9,0.5383,16,43,63
2026-04-17T05:13:42,video,40,15,0.05,euclidean,15,0.1,cosine,15,,leaf,cosine,42,9,0.5383,16,43,63
2026-04-17T05:13:54,video,40,15,0.05,correlation,15,0.1,euclidean,15,,leaf,euclidean,42,12,0.4863,16,22,63
2026-04-17T05:13:54,video,40,15,0.05,correlation,15,0.1,euclidean,15,,leaf,cosine,42,12,0.4863,16,21,65
2026-04-17T05:13:54,video,40,15,0.05,correlation,15,0.1,cosine,15,,leaf,cosine,42,12,0.4863,16,21,65
2026-04-17T05:13:54,video,40,15,0.05,correlation,15,0.1,cosine,15,,leaf,euclidean,42,12,0.4863,16,22,63
2026-04-17T05:14:07,video,40,15,0.05,cosine,15,0.1,euclidean,25,,eom,euclidean,42,3,0.2978,46,185,283
2026-04-17T05:14:07,video,40,15,0.05,cosine,15,0.1,euclidean,25,,eom,cosine,42,3,0.2964,43,188,284
2026-04-17T05:14:07,video,40,15,0.05,cosine,15,0.1,cosine,25,,eom,euclidean,42,3,0.2978,46,185,283
2026-04-17T05:14:07,video,40,15,0.05,cosine,15,0.1,cosine,25,,eom,cosine,42,3,0.2964,43,188,284
2026-04-17T05:14:18,video,40,15,0.05,euclidean,15,0.1,euclidean,25,,eom,euclidean,42,3,0.2691,33,225,277
2026-04-17T05:14:19,video,40,15,0.05,euclidean,15,0.1,euclidean,25,,eom,cosine,42,3,0.2828,33,211,281
2026-04-17T05:14:19,video,40,15,0.05,euclidean,15,0.1,cosine,25,,eom,euclidean,42,3,0.2691,33,225,277
2026-04-17T05:14:19,video,40,15,0.05,euclidean,15,0.1,cosine,25,,eom,cosine,42,3,0.2828,33,211,281
2026-04-17T05:14:31,video,40,15,0.05,correlation,15,0.1,euclidean,25,,eom,euclidean,42,3,0.3306,43,187,260
2026-04-17T05:14:32,video,40,15,0.05,correlation,15,0.1,euclidean,25,,eom,cosine,42,3,0.3429,42,186,253
2026-04-17T05:14:32,video,40,15,0.05,correlation,15,0.1,cosine,25,,eom,euclidean,42,3,0.3306,43,187,260
2026-04-17T05:14:32,video,40,15,0.05,correlation,15,0.1,cosine,25,,eom,cosine,42,3,0.3429,42,186,253
2026-04-17T05:14:44,video,40,15,0.05,cosine,15,0.1,euclidean,25,,leaf,euclidean,42,6,0.5984,33,46,78
2026-04-17T05:14:44,video,40,15,0.05,cosine,15,0.1,euclidean,25,,leaf,cosine,42,6,0.5915,34,45,84
2026-04-17T05:14:44,video,40,15,0.05,cosine,15,0.1,cosine,25,,leaf,euclidean,42,6,0.5984,33,46,78
2026-04-17T05:14:44,video,40,15,0.05,cosine,15,0.1,cosine,25,,leaf,cosine,42,6,0.5915,34,45,84
2026-04-17T05:14:56,video,40,15,0.05,euclidean,15,0.1,euclidean,25,,leaf,cosine,42,5,0.4781,33,43,211
2026-04-17T05:14:56,video,40,15,0.05,euclidean,15,0.1,euclidean,25,,leaf,euclidean,42,5,0.4467,33,50,225
2026-04-17T05:14:56,video,40,15,0.05,euclidean,15,0.1,cosine,25,,leaf,euclidean,42,5,0.4467,33,50,225
2026-04-17T05:14:56,video,40,15,0.05,euclidean,15,0.1,cosine,25,,leaf,cosine,42,5,0.4781,33,43,211
2026-04-17T05:15:09,video,40,15,0.05,correlation,15,0.1,euclidean,25,,leaf,cosine,42,6,0.6585,31,43,50
2026-04-17T05:15:09,video,40,15,0.05,correlation,15,0.1,euclidean,25,,leaf,euclidean,42,6,0.6393,35,43,55
2026-04-17T05:15:09,video,40,15,0.05,correlation,15,0.1,cosine,25,,leaf,euclidean,42,6,0.6393,35,43,55
2026-04-17T05:15:09,video,40,15,0.05,correlation,15,0.1,cosine,25,,leaf,cosine,42,6,0.6585,31,43,50
2026-04-17T05:15:21,video,40,30,0.0,cosine,15,0.1,euclidean,10,,eom,euclidean,42,6,0.1311,16,39,335
2026-04-17T05:15:21,video,40,30,0.0,cosine,15,0.1,euclidean,10,,eom,cosine,42,12,0.3142,15,20,188
2026-04-17T05:15:21,video,40,30,0.0,cosine,15,0.1,cosine,10,,eom,euclidean,42,6,0.1311,16,39,335
2026-04-17T05:15:21,video,40,30,0.0,cosine,15,0.1,cosine,10,,eom,cosine,42,12,0.3142,15,20,188
2026-04-17T05:15:33,video,40,30,0.0,euclidean,15,0.1,euclidean,10,,eom,cosine,42,13,0.3811,13,19,204
2026-04-17T05:15:33,video,40,30,0.0,euclidean,15,0.1,euclidean,10,,eom,euclidean,42,2,0.0123,16,361,707
2026-04-17T05:15:33,video,40,30,0.0,euclidean,15,0.1,cosine,10,,eom,euclidean,42,2,0.0123,16,361,707
2026-04-17T05:15:34,video,40,30,0.0,euclidean,15,0.1,cosine,10,,eom,cosine,42,13,0.3811,13,19,204
2026-04-17T05:15:48,video,40,30,0.0,correlation,15,0.1,euclidean,10,,eom,cosine,42,12,0.3115,14,20,202
2026-04-17T05:15:48,video,40,30,0.0,correlation,15,0.1,euclidean,10,,eom,euclidean,42,6,0.112,15,36,346
2026-04-17T05:15:48,video,40,30,0.0,correlation,15,0.1,cosine,10,,eom,euclidean,42,6,0.112,15,36,346
2026-04-17T05:15:48,video,40,30,0.0,correlation,15,0.1,cosine,10,,eom,cosine,42,12,0.3115,14,20,202
2026-04-17T05:16:00,video,40,30,0.0,cosine,15,0.1,euclidean,10,,leaf,euclidean,42,16,0.3948,10,21,77
2026-04-17T05:16:00,video,40,30,0.0,cosine,15,0.1,euclidean,10,,leaf,cosine,42,16,0.4153,10,20,69
2026-04-17T05:16:00,video,40,30,0.0,cosine,15,0.1,cosine,10,,leaf,euclidean,42,16,0.3948,10,21,77
2026-04-17T05:16:00,video,40,30,0.0,cosine,15,0.1,cosine,10,,leaf,cosine,42,16,0.4153,10,20,69
2026-04-17T05:16:12,video,40,30,0.0,euclidean,15,0.1,cosine,10,,leaf,euclidean,42,18,0.5396,11,16,36
2026-04-17T05:16:12,video,40,30,0.0,euclidean,15,0.1,euclidean,10,,leaf,euclidean,42,18,0.5396,11,16,36
2026-04-17T05:16:12,video,40,30,0.0,euclidean,15,0.1,euclidean,10,,leaf,cosine,42,18,0.5423,10,16,38
2026-04-17T05:16:13,video,40,30,0.0,euclidean,15,0.1,cosine,10,,leaf,cosine,42,18,0.5423,10,16,38
2026-04-17T05:16:25,video,40,30,0.0,correlation,15,0.1,euclidean,10,,leaf,euclidean,42,16,0.4057,10,20,69
2026-04-17T05:16:25,video,40,30,0.0,correlation,15,0.1,euclidean,10,,leaf,cosine,42,16,0.4399,10,21,65
2026-04-17T05:16:25,video,40,30,0.0,correlation,15,0.1,cosine,10,,leaf,euclidean,42,16,0.4057,10,20,69
2026-04-17T05:16:25,video,40,30,0.0,correlation,15,0.1,cosine,10,,leaf,cosine,42,16,0.4399,10,21,65
2026-04-17T05:16:38,video,40,30,0.0,cosine,15,0.1,cosine,15,,eom,euclidean,42,5,0.1571,17,53,319
2026-04-17T05:16:38,video,40,30,0.0,cosine,15,0.1,cosine,15,,eom,cosine,42,5,0.1448,17,53,325
2026-04-17T05:16:38,video,40,30,0.0,cosine,15,0.1,euclidean,15,,eom,euclidean,42,5,0.1571,17,53,319
2026-04-17T05:16:38,video,40,30,0.0,cosine,15,0.1,euclidean,15,,eom,cosine,42,5,0.1448,17,53,325
2026-04-17T05:16:50,video,40,30,0.0,euclidean,15,0.1,euclidean,15,,eom,euclidean,42,4,0.179,16,132,321
2026-04-17T05:16:50,video,40,30,0.0,euclidean,15,0.1,cosine,15,,eom,euclidean,42,4,0.179,16,132,321
2026-04-17T05:16:51,video,40,30,0.0,euclidean,15,0.1,euclidean,15,,eom,cosine,42,4,0.1762,16,133,320
2026-04-17T05:16:51,video,40,30,0.0,euclidean,15,0.1,cosine,15,,eom,cosine,42,4,0.1762,16,133,320
2026-04-17T05:17:03,video,40,30,0.0,correlation,15,0.1,cosine,15,,eom,euclidean,42,5,0.1161,16,50,346
2026-04-17T05:17:03,video,40,30,0.0,correlation,15,0.1,euclidean,15,,eom,euclidean,42,5,0.1161,16,50,346
2026-04-17T05:17:03,video,40,30,0.0,correlation,15,0.1,cosine,15,,eom,cosine,42,5,0.123,16,50,342
2026-04-17T05:17:03,video,40,30,0.0,correlation,15,0.1,euclidean,15,,eom,cosine,42,5,0.123,16,50,342
2026-04-17T05:17:16,video,40,30,0.0,cosine,15,0.1,cosine,15,,leaf,cosine,42,11,0.4891,17,34,70
2026-04-17T05:17:16,video,40,30,0.0,cosine,15,0.1,cosine,15,,leaf,euclidean,42,11,0.4727,17,34,70
2026-04-17T05:17:16,video,40,30,0.0,cosine,15,0.1,euclidean,15,,leaf,euclidean,42,11,0.4727,17,34,70
2026-04-17T05:17:16,video,40,30,0.0,cosine,15,0.1,euclidean,15,,leaf,cosine,42,11,0.4891,17,34,70
2026-04-17T05:17:27,video,40,30,0.0,euclidean,15,0.1,euclidean,15,,leaf,euclidean,42,9,0.5792,16,23,69
2026-04-17T05:17:28,video,40,30,0.0,euclidean,15,0.1,euclidean,15,,leaf,cosine,42,9,0.5847,16,23,69
2026-04-17T05:17:28,video,40,30,0.0,euclidean,15,0.1,cosine,15,,leaf,euclidean,42,9,0.5792,16,23,69
2026-04-17T05:17:28,video,40,30,0.0,euclidean,15,0.1,cosine,15,,leaf,cosine,42,9,0.5847,16,23,69
2026-04-17T05:17:40,video,40,30,0.0,correlation,15,0.1,euclidean,15,,leaf,euclidean,42,12,0.515,16,22,51
2026-04-17T05:17:41,video,40,30,0.0,correlation,15,0.1,cosine,15,,leaf,euclidean,42,12,0.515,16,22,51
2026-04-17T05:17:41,video,40,30,0.0,correlation,15,0.1,cosine,15,,leaf,cosine,42,12,0.515,15,22,50
2026-04-17T05:17:41,video,40,30,0.0,correlation,15,0.1,euclidean,15,,leaf,cosine,42,12,0.515,15,22,50
2026-04-17T05:17:53,video,40,30,0.0,cosine,15,0.1,euclidean,25,,eom,euclidean,42,3,0.2077,42,212,326
2026-04-17T05:17:53,video,40,30,0.0,cosine,15,0.1,cosine,25,,eom,euclidean,42,3,0.2077,42,212,326
2026-04-17T05:17:54,video,40,30,0.0,cosine,15,0.1,euclidean,25,,eom,cosine,42,3,0.2131,42,206,328
2026-04-17T05:17:54,video,40,30,0.0,cosine,15,0.1,cosine,25,,eom,cosine,42,3,0.2131,42,206,328
2026-04-17T05:18:05,video,40,30,0.0,euclidean,15,0.1,cosine,25,,eom,euclidean,42,3,0.2077,33,212,335
2026-04-17T05:18:05,video,40,30,0.0,euclidean,15,0.1,cosine,25,,eom,cosine,42,3,0.2582,34,207,302
2026-04-17T05:18:06,video,40,30,0.0,euclidean,15,0.1,euclidean,25,,eom,euclidean,42,3,0.2077,33,212,335
2026-04-17T05:18:06,video,40,30,0.0,euclidean,15,0.1,euclidean,25,,eom,cosine,42,3,0.2582,34,207,302
2026-04-17T05:18:19,video,40,30,0.0,correlation,15,0.1,euclidean,25,,eom,euclidean,42,3,0.1762,50,220,333
2026-04-17T05:18:19,video,40,30,0.0,correlation,15,0.1,cosine,25,,eom,euclidean,42,3,0.1762,50,220,333
2026-04-17T05:18:19,video,40,30,0.0,correlation,15,0.1,euclidean,25,,eom,cosine,42,3,0.179,49,221,331
2026-04-17T05:18:19,video,40,30,0.0,correlation,15,0.1,cosine,25,,eom,cosine,42,3,0.179,49,221,331
2026-04-17T05:18:31,video,40,30,0.0,cosine,15,0.1,cosine,25,,leaf,euclidean,42,6,0.6434,30,41,60
2026-04-17T05:18:32,video,40,30,0.0,cosine,15,0.1,cosine,25,,leaf,cosine,42,6,0.6503,29,41,56
2026-04-17T05:18:32,video,40,30,0.0,cosine,15,0.1,euclidean,25,,leaf,cosine,42,6,0.6503,29,41,56
2026-04-17T05:18:32,video,40,30,0.0,cosine,15,0.1,euclidean,25,,leaf,euclidean,42,6,0.6434,30,41,60
2026-04-17T05:18:43,video,40,30,0.0,euclidean,15,0.1,cosine,25,,leaf,euclidean,42,5,0.4495,33,57,212
2026-04-17T05:18:43,video,40,30,0.0,euclidean,15,0.1,euclidean,25,,leaf,euclidean,42,5,0.4495,33,57,212
2026-04-17T05:18:43,video,40,30,0.0,euclidean,15,0.1,euclidean,25,,leaf,cosine,42,5,0.4454,34,57,207
2026-04-17T05:18:44,video,40,30,0.0,euclidean,15,0.1,cosine,25,,leaf,cosine,42,5,0.4454,34,57,207
2026-04-17T05:18:56,video,40,30,0.0,correlation,15,0.1,cosine,25,,leaf,euclidean,42,5,0.3948,50,57,220
2026-04-17T05:18:56,video,40,30,0.0,correlation,15,0.1,euclidean,25,,leaf,cosine,42,5,0.388,49,58,221
2026-04-17T05:18:57,video,40,30,0.0,correlation,15,0.1,euclidean,25,,leaf,euclidean,42,5,0.3948,50,57,220
2026-04-17T05:18:57,video,40,30,0.0,correlation,15,0.1,cosine,25,,leaf,cosine,42,5,0.388,49,58,221
2026-04-17T05:19:09,video,40,30,0.05,cosine,15,0.1,cosine,10,,eom,euclidean,42,3,0.0178,16,16,687
2026-04-17T05:19:09,video,40,30,0.05,cosine,15,0.1,euclidean,10,,eom,euclidean,42,3,0.0178,16,16,687
2026-04-17T05:19:09,video,40,30,0.05,cosine,15,0.1,euclidean,10,,eom,cosine,42,11,0.2978,16,24,186
2026-04-17T05:19:09,video,40,30,0.05,cosine,15,0.1,cosine,10,,eom,cosine,42,11,0.2978,16,24,186
2026-04-17T05:19:21,video,40,30,0.05,euclidean,15,0.1,euclidean,10,,eom,euclidean,42,2,0.0,16,366,716
2026-04-17T05:19:21,video,40,30,0.05,euclidean,15,0.1,euclidean,10,,eom,cosine,42,2,0.0,16,366,716
2026-04-17T05:19:21,video,40,30,0.05,euclidean,15,0.1,cosine,10,,eom,euclidean,42,2,0.0,16,366,716
2026-04-17T05:19:21,video,40,30,0.05,euclidean,15,0.1,cosine,10,,eom,cosine,42,2,0.0,16,366,716
2026-04-17T05:19:34,video,40,30,0.05,correlation,15,0.1,cosine,10,,eom,euclidean,42,6,0.1079,15,34,347
2026-04-17T05:19:34,video,40,30,0.05,correlation,15,0.1,euclidean,10,,eom,euclidean,42,6,0.1079,15,34,347
2026-04-17T05:19:34,video,40,30,0.05,correlation,15,0.1,cosine,10,,eom,cosine,42,12,0.3484,12,17,207
2026-04-17T05:19:34,video,40,30,0.05,correlation,15,0.1,euclidean,10,,eom,cosine,42,12,0.3484,12,17,207
2026-04-17T05:19:46,video,40,30,0.05,cosine,15,0.1,euclidean,10,,leaf,euclidean,42,15,0.3893,11,20,72
2026-04-17T05:19:46,video,40,30,0.05,cosine,15,0.1,cosine,10,,leaf,euclidean,42,15,0.3893,11,20,72
2026-04-17T05:19:46,video,40,30,0.05,cosine,15,0.1,cosine,10,,leaf,cosine,42,15,0.3989,10,21,72
2026-04-17T05:19:47,video,40,30,0.05,cosine,15,0.1,euclidean,10,,leaf,cosine,42,15,0.3989,10,21,72
2026-04-17T05:19:59,video,40,30,0.05,euclidean,15,0.1,euclidean,10,,leaf,cosine,42,17,0.5423,11,17,38
2026-04-17T05:19:59,video,40,30,0.05,euclidean,15,0.1,euclidean,10,,leaf,euclidean,42,17,0.5492,10,18,37
2026-04-17T05:19:59,video,40,30,0.05,euclidean,15,0.1,cosine,10,,leaf,cosine,42,17,0.5423,11,17,38
2026-04-17T05:19:59,video,40,30,0.05,euclidean,15,0.1,cosine,10,,leaf,euclidean,42,17,0.5492,10,18,37
2026-04-17T05:20:12,video,40,30,0.05,correlation,15,0.1,euclidean,10,,leaf,euclidean,42,16,0.4645,10,17,57
2026-04-17T05:20:13,video,40,30,0.05,correlation,15,0.1,euclidean,10,,leaf,cosine,42,16,0.4727,10,17,57
2026-04-17T05:20:13,video,40,30,0.05,correlation,15,0.1,cosine,10,,leaf,euclidean,42,16,0.4645,10,17,57
2026-04-17T05:20:13,video,40,30,0.05,correlation,15,0.1,cosine,10,,leaf,cosine,42,16,0.4727,10,17,57
2026-04-17T05:20:24,video,40,30,0.05,cosine,15,0.1,cosine,15,,eom,euclidean,42,7,0.2172,16,77,212
2026-04-17T05:20:25,video,40,30,0.05,cosine,15,0.1,cosine,15,,eom,cosine,42,5,0.1667,16,51,312
2026-04-17T05:20:25,video,40,30,0.05,cosine,15,0.1,euclidean,15,,eom,cosine,42,5,0.1667,16,51,312
2026-04-17T05:20:25,video,40,30,0.05,cosine,15,0.1,euclidean,15,,eom,euclidean,42,7,0.2172,16,77,212
2026-04-17T05:20:37,video,40,30,0.05,euclidean,15,0.1,cosine,15,,eom,euclidean,42,2,0.0,16,366,716
2026-04-17T05:20:38,video,40,30,0.05,euclidean,15,0.1,cosine,15,,eom,cosine,42,2,0.0,16,366,716
2026-04-17T05:20:38,video,40,30,0.05,euclidean,15,0.1,euclidean,15,,eom,cosine,42,2,0.0,16,366,716
2026-04-17T05:20:38,video,40,30,0.05,euclidean,15,0.1,euclidean,15,,eom,euclidean,42,2,0.0,16,366,716
2026-04-17T05:20:50,video,40,30,0.05,correlation,15,0.1,cosine,15,,eom,euclidean,42,5,0.1516,16,50,329
2026-04-17T05:20:50,video,40,30,0.05,correlation,15,0.1,euclidean,15,,eom,euclidean,42,5,0.1516,16,50,329
2026-04-17T05:20:50,video,40,30,0.05,correlation,15,0.1,euclidean,15,,eom,cosine,42,5,0.1503,16,50,328
2026-04-17T05:20:51,video,40,30,0.05,correlation,15,0.1,cosine,15,,eom,cosine,42,5,0.1503,16,50,328
2026-04-17T05:21:02,video,40,30,0.05,cosine,15,0.1,cosine,15,,leaf,euclidean,42,11,0.5082,16,31,77
2026-04-17T05:21:03,video,40,30,0.05,cosine,15,0.1,euclidean,15,,leaf,euclidean,42,11,0.5082,16,31,77
2026-04-17T05:21:03,video,40,30,0.05,cosine,15,0.1,cosine,15,,leaf,cosine,42,11,0.5301,16,31,72
2026-04-17T05:21:03,video,40,30,0.05,cosine,15,0.1,euclidean,15,,leaf,cosine,42,11,0.5301,16,31,72
2026-04-17T05:21:15,video,40,30,0.05,euclidean,15,0.1,cosine,15,,leaf,euclidean,42,9,0.6339,15,17,62
2026-04-17T05:21:16,video,40,30,0.05,euclidean,15,0.1,euclidean,15,,leaf,euclidean,42,9,0.6339,15,17,62
2026-04-17T05:21:16,video,40,30,0.05,euclidean,15,0.1,euclidean,15,,leaf,cosine,42,8,0.3962,16,34,198
2026-04-17T05:21:16,video,40,30,0.05,euclidean,15,0.1,cosine,15,,leaf,cosine,42,8,0.3962,16,34,198
2026-04-17T05:21:28,video,40,30,0.05,correlation,15,0.1,cosine,15,,leaf,euclidean,42,10,0.5164,15,36,74
2026-04-17T05:21:28,video,40,30,0.05,correlation,15,0.1,euclidean,15,,leaf,euclidean,42,10,0.5164,15,36,74
2026-04-17T05:21:28,video,40,30,0.05,correlation,15,0.1,euclidean,15,,leaf,cosine,42,9,0.4604,16,42,76
2026-04-17T05:21:28,video,40,30,0.05,correlation,15,0.1,cosine,15,,leaf,cosine,42,9,0.4604,16,42,76
2026-04-17T05:21:40,video,40,30,0.05,cosine,15,0.1,cosine,25,,eom,euclidean,42,5,0.3292,42,84,206
2026-04-17T05:21:41,video,40,30,0.05,cosine,15,0.1,cosine,25,,eom,cosine,42,3,0.2432,42,197,315
2026-04-17T05:21:41,video,40,30,0.05,cosine,15,0.1,euclidean,25,,eom,cosine,42,3,0.2432,42,197,315
2026-04-17T05:21:41,video,40,30,0.05,cosine,15,0.1,euclidean,25,,eom,euclidean,42,5,0.3292,42,84,206
2026-04-17T05:21:53,video,40,30,0.05,euclidean,15,0.1,cosine,25,,eom,euclidean,42,3,0.2527,36,214,297
2026-04-17T05:21:53,video,40,30,0.05,euclidean,15,0.1,euclidean,25,,eom,cosine,42,3,0.2432,37,217,300
2026-04-17T05:21:53,video,40,30,0.05,euclidean,15,0.1,euclidean,25,,eom,euclidean,42,3,0.2527,36,214,297
2026-04-17T05:21:53,video,40,30,0.05,euclidean,15,0.1,cosine,25,,eom,cosine,42,3,0.2432,37,217,300
2026-04-17T05:22:06,video,40,30,0.05,correlation,15,0.1,euclidean,25,,eom,euclidean,42,3,0.2404,49,203,304
2026-04-17T05:22:06,video,40,30,0.05,correlation,15,0.1,cosine,25,,eom,euclidean,42,3,0.2404,49,203,304
2026-04-17T05:22:06,video,40,30,0.05,correlation,15,0.1,euclidean,25,,eom,cosine,42,3,0.2322,49,200,313
2026-04-17T05:22:06,video,40,30,0.05,correlation,15,0.1,cosine,25,,eom,cosine,42,3,0.2322,49,200,313
2026-04-17T05:22:19,video,40,30,0.05,cosine,15,0.1,cosine,25,,leaf,euclidean,42,6,0.5355,25,58,85
2026-04-17T05:22:19,video,40,30,0.05,cosine,15,0.1,euclidean,25,,leaf,euclidean,42,6,0.5355,25,58,85
2026-04-17T05:22:19,video,40,30,0.05,cosine,15,0.1,euclidean,25,,leaf,cosine,42,5,0.4891,33,49,197
2026-04-17T05:22:19,video,40,30,0.05,cosine,15,0.1,cosine,25,,leaf,cosine,42,5,0.4891,33,49,197
2026-04-17T05:22:31,video,40,30,0.05,euclidean,15,0.1,cosine,25,,leaf,euclidean,42,5,0.4699,36,50,214
2026-04-17T05:22:31,video,40,30,0.05,euclidean,15,0.1,euclidean,25,,leaf,euclidean,42,5,0.4699,36,50,214
2026-04-17T05:22:31,video,40,30,0.05,euclidean,15,0.1,cosine,25,,leaf,cosine,42,5,0.474,37,41,217
2026-04-17T05:22:31,video,40,30,0.05,euclidean,15,0.1,euclidean,25,,leaf,cosine,42,5,0.474,37,41,217
2026-04-17T05:22:44,video,40,30,0.05,correlation,15,0.1,cosine,25,,leaf,euclidean,42,5,0.4153,45,61,203
2026-04-17T05:22:44,video,40,30,0.05,correlation,15,0.1,euclidean,25,,leaf,euclidean,42,5,0.4153,45,61,203
2026-04-17T05:22:44,video,40,30,0.05,correlation,15,0.1,euclidean,25,,leaf,cosine,42,5,0.4385,40,53,200
2026-04-17T05:22:44,video,40,30,0.05,correlation,15,0.1,cosine,25,,leaf,cosine,42,5,0.4385,40,53,200
2026-04-17T05:22:56,sandwich,10,10,0.0,cosine,15,0.1,euclidean,10,,eom,euclidean,42,14,0.1079,11,20,247
2026-04-17T05:22:56,sandwich,10,10,0.0,cosine,15,0.1,cosine,10,,eom,euclidean,42,14,0.1079,11,20,247
2026-04-17T05:22:57,sandwich,10,10,0.0,cosine,15,0.1,cosine,10,,eom,cosine,42,19,0.2281,11,25,83
2026-04-17T05:22:57,sandwich,10,10,0.0,cosine,15,0.1,euclidean,10,,eom,cosine,42,19,0.2281,11,25,83
2026-04-17T05:23:08,sandwich,10,10,0.0,euclidean,15,0.1,euclidean,10,,eom,euclidean,42,3,0.0014,16,17,698
2026-04-17T05:23:08,sandwich,10,10,0.0,euclidean,15,0.1,euclidean,10,,eom,cosine,42,16,0.2514,16,22,100
2026-04-17T05:23:09,sandwich,10,10,0.0,euclidean,15,0.1,cosine,10,,eom,euclidean,42,3,0.0014,16,17,698
2026-04-17T05:23:09,sandwich,10,10,0.0,euclidean,15,0.1,cosine,10,,eom,cosine,42,16,0.2514,16,22,100
2026-04-17T05:23:20,sandwich,10,10,0.0,correlation,15,0.1,euclidean,10,,eom,euclidean,42,18,0.2131,11,23,118
2026-04-17T05:23:20,sandwich,10,10,0.0,correlation,15,0.1,euclidean,10,,eom,cosine,42,18,0.2172,11,23,114
2026-04-17T05:23:20,sandwich,10,10,0.0,correlation,15,0.1,cosine,10,,eom,euclidean,42,18,0.2131,11,23,118
2026-04-17T05:23:21,sandwich,10,10,0.0,correlation,15,0.1,cosine,10,,eom,cosine,42,18,0.2172,11,23,114
2026-04-17T05:23:33,sandwich,10,10,0.0,cosine,15,0.1,euclidean,10,,leaf,euclidean,42,22,0.3128,11,20,48
2026-04-17T05:23:33,sandwich,10,10,0.0,cosine,15,0.1,cosine,10,,leaf,euclidean,42,22,0.3128,11,20,48
2026-04-17T05:23:33,sandwich,10,10,0.0,cosine,15,0.1,cosine,10,,leaf,cosine,42,22,0.3415,10,17,51
2026-04-17T05:23:33,sandwich,10,10,0.0,cosine,15,0.1,euclidean,10,,leaf,cosine,42,22,0.3415,10,17,51
2026-04-17T05:23:44,sandwich,10,10,0.0,euclidean,15,0.1,cosine,10,,leaf,euclidean,42,19,0.3497,11,22,66
2026-04-17T05:23:44,sandwich,10,10,0.0,euclidean,15,0.1,euclidean,10,,leaf,euclidean,42,19,0.3497,11,22,66
2026-04-17T05:23:44,sandwich,10,10,0.0,euclidean,15,0.1,euclidean,10,,leaf,cosine,42,18,0.3306,16,22,68
2026-04-17T05:23:44,sandwich,10,10,0.0,euclidean,15,0.1,cosine,10,,leaf,cosine,42,18,0.3306,16,22,68
2026-04-17T05:23:57,sandwich,10,10,0.0,correlation,15,0.1,euclidean,10,,leaf,euclidean,42,24,0.3033,10,17,41
2026-04-17T05:23:57,sandwich,10,10,0.0,correlation,15,0.1,euclidean,10,,leaf,cosine,42,21,0.321,10,17,52
2026-04-17T05:23:57,sandwich,10,10,0.0,correlation,15,0.1,cosine,10,,leaf,euclidean,42,24,0.3033,10,17,41
2026-04-17T05:23:57,sandwich,10,10,0.0,correlation,15,0.1,cosine,10,,leaf,cosine,42,21,0.321,10,17,52
2026-04-17T05:24:09,sandwich,10,10,0.0,cosine,15,0.1,cosine,15,,eom,euclidean,42,10,0.1653,17,29,249
2026-04-17T05:24:10,sandwich,10,10,0.0,cosine,15,0.1,euclidean,15,,eom,euclidean,42,10,0.1653,17,29,249
2026-04-17T05:24:10,sandwich,10,10,0.0,cosine,15,0.1,cosine,15,,eom,cosine,42,10,0.1762,17,32,237
2026-04-17T05:24:10,sandwich,10,10,0.0,cosine,15,0.1,euclidean,15,,eom,cosine,42,10,0.1762,17,32,237
2026-04-17T05:24:21,sandwich,10,10,0.0,euclidean,15,0.1,euclidean,15,,eom,cosine,42,9,0.127,16,32,231
2026-04-17T05:24:21,sandwich,10,10,0.0,euclidean,15,0.1,cosine,15,,eom,euclidean,42,3,0.0082,16,17,693
2026-04-17T05:24:21,sandwich,10,10,0.0,euclidean,15,0.1,euclidean,15,,eom,euclidean,42,3,0.0082,16,17,693
2026-04-17T05:24:21,sandwich,10,10,0.0,euclidean,15,0.1,cosine,15,,eom,cosine,42,9,0.127,16,32,231
2026-04-17T05:24:34,sandwich,10,10,0.0,correlation,15,0.1,euclidean,15,,eom,cosine,42,11,0.2336,17,33,230
2026-04-17T05:24:34,sandwich,10,10,0.0,correlation,15,0.1,euclidean,15,,eom,euclidean,42,11,0.2486,17,31,231
2026-04-17T05:24:34,sandwich,10,10,0.0,correlation,15,0.1,cosine,15,,eom,euclidean,42,11,0.2486,17,31,231
2026-04-17T05:24:34,sandwich,10,10,0.0,correlation,15,0.1,cosine,15,,eom,cosine,42,11,0.2336,17,33,230
2026-04-17T05:24:46,sandwich,10,10,0.0,cosine,15,0.1,cosine,15,,leaf,euclidean,42,13,0.3852,17,27,86
2026-04-17T05:24:46,sandwich,10,10,0.0,cosine,15,0.1,cosine,15,,leaf,cosine,42,13,0.3825,17,28,83
2026-04-17T05:24:46,sandwich,10,10,0.0,cosine,15,0.1,euclidean,15,,leaf,euclidean,42,13,0.3852,17,27,86
2026-04-17T05:24:46,sandwich,10,10,0.0,cosine,15,0.1,euclidean,15,,leaf,cosine,42,13,0.3825,17,28,83
2026-04-17T05:24:58,sandwich,10,10,0.0,euclidean,15,0.1,euclidean,15,,leaf,euclidean,42,14,0.4399,15,22,114
2026-04-17T05:24:58,sandwich,10,10,0.0,euclidean,15,0.1,euclidean,15,,leaf,cosine,42,14,0.4016,15,23,117
2026-04-17T05:24:58,sandwich,10,10,0.0,euclidean,15,0.1,cosine,15,,leaf,cosine,42,14,0.4016,15,23,117
2026-04-17T05:24:58,sandwich,10,10,0.0,euclidean,15,0.1,cosine,15,,leaf,euclidean,42,14,0.4399,15,22,114
2026-04-17T05:25:11,sandwich,10,10,0.0,correlation,15,0.1,euclidean,15,,leaf,euclidean,42,13,0.347,17,31,88
2026-04-17T05:25:11,sandwich,10,10,0.0,correlation,15,0.1,euclidean,15,,leaf,cosine,42,13,0.3552,17,31,83
2026-04-17T05:25:11,sandwich,10,10,0.0,correlation,15,0.1,cosine,15,,leaf,euclidean,42,13,0.347,17,31,88
2026-04-17T05:25:11,sandwich,10,10,0.0,correlation,15,0.1,cosine,15,,leaf,cosine,42,13,0.3552,17,31,83
2026-04-17T05:25:22,sandwich,10,10,0.0,cosine,15,0.1,euclidean,25,,eom,euclidean,42,5,0.2609,35,93,238
2026-04-17T05:25:22,sandwich,10,10,0.0,cosine,15,0.1,cosine,25,,eom,euclidean,42,5,0.2609,35,93,238
2026-04-17T05:25:23,sandwich,10,10,0.0,cosine,15,0.1,cosine,25,,eom,cosine,42,5,0.276,33,96,219
2026-04-17T05:25:23,sandwich,10,10,0.0,cosine,15,0.1,euclidean,25,,eom,cosine,42,5,0.276,33,96,219
2026-04-17T05:25:35,sandwich,10,10,0.0,euclidean,15,0.1,cosine,25,,eom,euclidean,42,5,0.3579,33,77,210
2026-04-17T05:25:35,sandwich,10,10,0.0,euclidean,15,0.1,cosine,25,,eom,cosine,42,5,0.3497,32,75,205
2026-04-17T05:25:35,sandwich,10,10,0.0,euclidean,15,0.1,euclidean,25,,eom,euclidean,42,5,0.3579,33,77,210
2026-04-17T05:25:35,sandwich,10,10,0.0,euclidean,15,0.1,euclidean,25,,eom,cosine,42,5,0.3497,32,75,205
2026-04-17T05:25:47,sandwich,10,10,0.0,correlation,15,0.1,euclidean,25,,eom,euclidean,42,5,0.2773,32,94,227
2026-04-17T05:25:48,sandwich,10,10,0.0,correlation,15,0.1,euclidean,25,,eom,cosine,42,5,0.2623,32,93,227
2026-04-17T05:25:48,sandwich,10,10,0.0,correlation,15,0.1,cosine,25,,eom,euclidean,42,5,0.2773,32,94,227
2026-04-17T05:25:48,sandwich,10,10,0.0,correlation,15,0.1,cosine,25,,eom,cosine,42,5,0.2623,32,93,227
2026-04-17T05:25:59,sandwich,10,10,0.0,cosine,15,0.1,euclidean,25,,leaf,euclidean,42,6,0.4139,35,63,112
2026-04-17T05:25:59,sandwich,10,10,0.0,cosine,15,0.1,cosine,25,,leaf,cosine,42,6,0.3948,33,67,114
2026-04-17T05:25:59,sandwich,10,10,0.0,cosine,15,0.1,cosine,25,,leaf,euclidean,42,6,0.4139,35,63,112
2026-04-17T05:26:00,sandwich,10,10,0.0,cosine,15,0.1,euclidean,25,,leaf,cosine,42,6,0.3948,33,67,114
2026-04-17T05:26:11,sandwich,10,10,0.0,euclidean,15,0.1,euclidean,25,,leaf,euclidean,42,6,0.4781,33,69,79
2026-04-17T05:26:12,sandwich,10,10,0.0,euclidean,15,0.1,cosine,25,,leaf,euclidean,42,6,0.4781,33,69,79
2026-04-17T05:26:12,sandwich,10,10,0.0,euclidean,15,0.1,cosine,25,,leaf,cosine,42,6,0.4809,32,70,90
2026-04-17T05:26:12,sandwich,10,10,0.0,euclidean,15,0.1,euclidean,25,,leaf,cosine,42,6,0.4809,32,70,90
2026-04-17T05:26:24,sandwich,10,10,0.0,correlation,15,0.1,euclidean,25,,leaf,euclidean,42,8,0.5437,25,35,65
2026-04-17T05:26:24,sandwich,10,10,0.0,correlation,15,0.1,cosine,25,,leaf,euclidean,42,8,0.5437,25,35,65
2026-04-17T05:26:24,sandwich,10,10,0.0,correlation,15,0.1,euclidean,25,,leaf,cosine,42,7,0.4891,25,53,93
2026-04-17T05:26:24,sandwich,10,10,0.0,correlation,15,0.1,cosine,25,,leaf,cosine,42,7,0.4891,25,53,93
2026-04-17T05:26:36,sandwich,10,10,0.05,cosine,15,0.1,cosine,10,,eom,euclidean,42,16,0.2363,11,26,130
2026-04-17T05:26:36,sandwich,10,10,0.05,cosine,15,0.1,cosine,10,,eom,cosine,42,17,0.306,11,29,73
2026-04-17T05:26:36,sandwich,10,10,0.05,cosine,15,0.1,euclidean,10,,eom,euclidean,42,16,0.2363,11,26,130
2026-04-17T05:26:36,sandwich,10,10,0.05,cosine,15,0.1,euclidean,10,,eom,cosine,42,17,0.306,11,29,73
2026-04-17T05:26:48,sandwich,10,10,0.05,euclidean,15,0.1,euclidean,10,,eom,euclidean,42,2,0.0,17,366,715
2026-04-17T05:26:48,sandwich,10,10,0.05,euclidean,15,0.1,euclidean,10,,eom,cosine,42,16,0.2923,14,25,85
2026-04-17T05:26:48,sandwich,10,10,0.05,euclidean,15,0.1,cosine,10,,eom,cosine,42,16,0.2923,14,25,85
2026-04-17T05:26:48,sandwich,10,10,0.05,euclidean,15,0.1,cosine,10,,eom,euclidean,42,2,0.0,17,366,715
2026-04-17T05:27:00,sandwich,10,10,0.05,correlation,15,0.1,cosine,10,,eom,euclidean,42,2,0.0,17,366,715
2026-04-17T05:27:00,sandwich,10,10,0.05,correlation,15,0.1,euclidean,10,,eom,cosine,42,19,0.2869,10,20,84
2026-04-17T05:27:00,sandwich,10,10,0.05,correlation,15,0.1,euclidean,10,,eom,euclidean,42,2,0.0,17,366,715
2026-04-17T05:27:01,sandwich,10,10,0.05,correlation,15,0.1,cosine,10,,eom,cosine,42,19,0.2869,10,20,84
2026-04-17T05:27:13,sandwich,10,10,0.05,cosine,15,0.1,euclidean,10,,leaf,euclidean,42,20,0.3566,10,20,39
2026-04-17T05:27:13,sandwich,10,10,0.05,cosine,15,0.1,euclidean,10,,leaf,cosine,42,18,0.3402,11,27,65
2026-04-17T05:27:13,sandwich,10,10,0.05,cosine,15,0.1,cosine,10,,leaf,euclidean,42,20,0.3566,10,20,39
2026-04-17T05:27:13,sandwich,10,10,0.05,cosine,15,0.1,cosine,10,,leaf,cosine,42,18,0.3402,11,27,65
2026-04-17T05:27:24,sandwich,10,10,0.05,euclidean,15,0.1,euclidean,10,,leaf,cosine,42,18,0.373,14,24,61
2026-04-17T05:27:24,sandwich,10,10,0.05,euclidean,15,0.1,euclidean,10,,leaf,euclidean,42,18,0.3757,14,21,62
2026-04-17T05:27:24,sandwich,10,10,0.05,euclidean,15,0.1,cosine,10,,leaf,cosine,42,18,0.373,14,24,61
2026-04-17T05:27:25,sandwich,10,10,0.05,euclidean,15,0.1,cosine,10,,leaf,euclidean,42,18,0.3757,14,21,62
2026-04-17T05:27:37,sandwich,10,10,0.05,correlation,15,0.1,euclidean,10,,leaf,euclidean,42,21,0.3593,10,18,52
2026-04-17T05:27:37,sandwich,10,10,0.05,correlation,15,0.1,cosine,10,,leaf,euclidean,42,21,0.3593,10,18,52
2026-04-17T05:27:37,sandwich,10,10,0.05,correlation,15,0.1,euclidean,10,,leaf,cosine,42,21,0.3279,10,19,56
2026-04-17T05:27:37,sandwich,10,10,0.05,correlation,15,0.1,cosine,10,,leaf,cosine,42,21,0.3279,10,19,56
2026-04-17T05:27:50,sandwich,10,10,0.05,cosine,15,0.1,euclidean,15,,eom,euclidean,42,2,0.0,17,366,715
2026-04-17T05:27:50,sandwich,10,10,0.05,cosine,15,0.1,euclidean,15,,eom,cosine,42,10,0.2281,17,27,229
2026-04-17T05:27:50,sandwich,10,10,0.05,cosine,15,0.1,cosine,15,,eom,cosine,42,10,0.2281,17,27,229
2026-04-17T05:27:50,sandwich,10,10,0.05,cosine,15,0.1,cosine,15,,eom,euclidean,42,2,0.0,17,366,715
2026-04-17T05:28:01,sandwich,10,10,0.05,euclidean,15,0.1,euclidean,15,,eom,euclidean,42,2,0.0,17,366,715
2026-04-17T05:28:01,sandwich,10,10,0.05,euclidean,15,0.1,cosine,15,,eom,euclidean,42,2,0.0,17,366,715
2026-04-17T05:28:01,sandwich,10,10,0.05,euclidean,15,0.1,euclidean,15,,eom,cosine,42,9,0.1885,16,31,205
2026-04-17T05:28:02,sandwich,10,10,0.05,euclidean,15,0.1,cosine,15,,eom,cosine,42,9,0.1885,16,31,205
2026-04-17T05:28:14,sandwich,10,10,0.05,correlation,15,0.1,euclidean,15,,eom,euclidean,42,2,0.0,17,366,715
2026-04-17T05:28:14,sandwich,10,10,0.05,correlation,15,0.1,cosine,15,,eom,euclidean,42,2,0.0,17,366,715
2026-04-17T05:28:14,sandwich,10,10,0.05,correlation,15,0.1,euclidean,15,,eom,cosine,42,10,0.2008,17,29,231
2026-04-17T05:28:14,sandwich,10,10,0.05,correlation,15,0.1,cosine,15,,eom,cosine,42,10,0.2008,17,29,231
2026-04-17T05:28:26,sandwich,10,10,0.05,cosine,15,0.1,euclidean,15,,leaf,euclidean,42,13,0.4372,17,25,85
2026-04-17T05:28:26,sandwich,10,10,0.05,cosine,15,0.1,cosine,15,,leaf,euclidean,42,13,0.4372,17,25,85
2026-04-17T05:28:26,sandwich,10,10,0.05,cosine,15,0.1,euclidean,15,,leaf,cosine,42,13,0.459,16,23,73
2026-04-17T05:28:27,sandwich,10,10,0.05,cosine,15,0.1,cosine,15,,leaf,cosine,42,13,0.459,16,23,73
2026-04-17T05:28:38,sandwich,10,10,0.05,euclidean,15,0.1,euclidean,15,,leaf,euclidean,42,13,0.3893,16,24,101
2026-04-17T05:28:38,sandwich,10,10,0.05,euclidean,15,0.1,cosine,15,,leaf,cosine,42,13,0.3702,16,25,108
2026-04-17T05:28:38,sandwich,10,10,0.05,euclidean,15,0.1,euclidean,15,,leaf,cosine,42,13,0.3702,16,25,108
2026-04-17T05:28:38,sandwich,10,10,0.05,euclidean,15,0.1,cosine,15,,leaf,euclidean,42,13,0.3893,16,24,101
2026-04-17T05:28:51,sandwich,10,10,0.05,correlation,15,0.1,cosine,15,,leaf,euclidean,42,13,0.3907,17,29,77
2026-04-17T05:28:51,sandwich,10,10,0.05,correlation,15,0.1,euclidean,15,,leaf,euclidean,42,13,0.3907,17,29,77
2026-04-17T05:28:51,sandwich,10,10,0.05,correlation,15,0.1,euclidean,15,,leaf,cosine,42,13,0.3948,17,29,85
2026-04-17T05:28:51,sandwich,10,10,0.05,correlation,15,0.1,cosine,15,,leaf,cosine,42,13,0.3948,17,29,85
2026-04-17T05:29:02,sandwich,10,10,0.05,cosine,15,0.1,cosine,25,,eom,euclidean,42,5,0.3142,33,89,216
2026-04-17T05:29:03,sandwich,10,10,0.05,cosine,15,0.1,cosine,25,,eom,cosine,42,5,0.3388,31,81,221
2026-04-17T05:29:03,sandwich,10,10,0.05,cosine,15,0.1,euclidean,25,,eom,euclidean,42,5,0.3142,33,89,216
2026-04-17T05:29:03,sandwich,10,10,0.05,cosine,15,0.1,euclidean,25,,eom,cosine,42,5,0.3388,31,81,221
2026-04-17T05:29:15,sandwich,10,10,0.05,euclidean,15,0.1,euclidean,25,,eom,euclidean,42,5,0.4153,31,66,193
2026-04-17T05:29:15,sandwich,10,10,0.05,euclidean,15,0.1,cosine,25,,eom,euclidean,42,5,0.4153,31,66,193
2026-04-17T05:29:15,sandwich,10,10,0.05,euclidean,15,0.1,euclidean,25,,eom,cosine,42,5,0.4276,30,63,195
2026-04-17T05:29:15,sandwich,10,10,0.05,euclidean,15,0.1,cosine,25,,eom,cosine,42,5,0.4276,30,63,195
2026-04-17T05:29:27,sandwich,10,10,0.05,correlation,15,0.1,euclidean,25,,eom,euclidean,42,4,0.265,33,147,210
2026-04-17T05:29:28,sandwich,10,10,0.05,correlation,15,0.1,euclidean,25,,eom,cosine,42,5,0.3142,32,94,212
2026-04-17T05:29:28,sandwich,10,10,0.05,correlation,15,0.1,cosine,25,,eom,cosine,42,5,0.3142,32,94,212
2026-04-17T05:29:28,sandwich,10,10,0.05,correlation,15,0.1,cosine,25,,eom,euclidean,42,4,0.265,33,147,210
2026-04-17T05:29:39,sandwich,10,10,0.05,cosine,15,0.1,cosine,25,,leaf,euclidean,42,6,0.4686,33,56,105
2026-04-17T05:29:39,sandwich,10,10,0.05,cosine,15,0.1,euclidean,25,,leaf,euclidean,42,6,0.4686,33,56,105
2026-04-17T05:29:39,sandwich,10,10,0.05,cosine,15,0.1,euclidean,25,,leaf,cosine,42,6,0.4795,31,59,92
2026-04-17T05:29:40,sandwich,10,10,0.05,cosine,15,0.1,cosine,25,,leaf,cosine,42,6,0.4795,31,59,92
2026-04-17T05:29:51,sandwich,10,10,0.05,euclidean,15,0.1,cosine,25,,leaf,euclidean,42,6,0.5396,31,60,76
2026-04-17T05:29:51,sandwich,10,10,0.05,euclidean,15,0.1,euclidean,25,,leaf,euclidean,42,6,0.5396,31,60,76
2026-04-17T05:29:51,sandwich,10,10,0.05,euclidean,15,0.1,euclidean,25,,leaf,cosine,42,6,0.5451,30,58,74
2026-04-17T05:29:52,sandwich,10,10,0.05,euclidean,15,0.1,cosine,25,,leaf,cosine,42,6,0.5451,30,58,74
2026-04-17T05:30:04,sandwich,10,10,0.05,correlation,15,0.1,cosine,25,,leaf,cosine,42,6,0.4577,32,61,111
2026-04-17T05:30:04,sandwich,10,10,0.05,correlation,15,0.1,euclidean,25,,leaf,cosine,42,6,0.4577,32,61,111
2026-04-17T05:30:04,sandwich,10,10,0.05,correlation,15,0.1,euclidean,25,,leaf,euclidean,42,7,0.5,28,48,114
2026-04-17T05:30:04,sandwich,10,10,0.05,correlation,15,0.1,cosine,25,,leaf,euclidean,42,7,0.5,28,48,114
2026-04-17T05:30:16,sandwich,10,15,0.0,cosine,15,0.1,euclidean,10,,eom,euclidean,42,2,0.0,17,366,715
2026-04-17T05:30:16,sandwich,10,15,0.0,cosine,15,0.1,cosine,10,,eom,euclidean,42,2,0.0,17,366,715
2026-04-17T05:30:16,sandwich,10,15,0.0,cosine,15,0.1,cosine,10,,eom,cosine,42,21,0.2568,12,21,69
2026-04-17T05:30:16,sandwich,10,15,0.0,cosine,15,0.1,euclidean,10,,eom,cosine,42,21,0.2568,12,21,69
2026-04-17T05:30:28,sandwich,10,15,0.0,euclidean,15,0.1,euclidean,10,,eom,euclidean,42,2,0.0,17,366,715
2026-04-17T05:30:28,sandwich,10,15,0.0,euclidean,15,0.1,euclidean,10,,eom,cosine,42,18,0.3251,11,21,68
2026-04-17T05:30:28,sandwich,10,15,0.0,euclidean,15,0.1,cosine,10,,eom,euclidean,42,2,0.0,17,366,715
2026-04-17T05:30:29,sandwich,10,15,0.0,euclidean,15,0.1,cosine,10,,eom,cosine,42,18,0.3251,11,21,68
2026-04-17T05:30:41,sandwich,10,15,0.0,correlation,15,0.1,cosine,10,,eom,euclidean,42,16,0.1639,11,20,237
2026-04-17T05:30:41,sandwich,10,15,0.0,correlation,15,0.1,euclidean,10,,eom,euclidean,42,16,0.1639,11,20,237
2026-04-17T05:30:41,sandwich,10,15,0.0,correlation,15,0.1,cosine,10,,eom,cosine,42,15,0.1626,10,20,236
2026-04-17T05:30:41,sandwich,10,15,0.0,correlation,15,0.1,euclidean,10,,eom,cosine,42,15,0.1626,10,20,236
2026-04-17T05:30:53,sandwich,10,15,0.0,cosine,15,0.1,euclidean,10,,leaf,euclidean,42,22,0.3115,10,19,44
2026-04-17T05:30:53,sandwich,10,15,0.0,cosine,15,0.1,euclidean,10,,leaf,cosine,42,22,0.2869,12,20,50
2026-04-17T05:30:53,sandwich,10,15,0.0,cosine,15,0.1,cosine,10,,leaf,euclidean,42,22,0.3115,10,19,44
2026-04-17T05:30:54,sandwich,10,15,0.0,cosine,15,0.1,cosine,10,,leaf,cosine,42,22,0.2869,12,20,50
2026-04-17T05:31:05,sandwich,10,15,0.0,euclidean,15,0.1,euclidean,10,,leaf,euclidean,42,20,0.3948,10,17,64
2026-04-17T05:31:05,sandwich,10,15,0.0,euclidean,15,0.1,cosine,10,,leaf,euclidean,42,20,0.3948,10,17,64
2026-04-17T05:31:06,sandwich,10,15,0.0,euclidean,15,0.1,euclidean,10,,leaf,cosine,42,19,0.3675,11,20,66
2026-04-17T05:31:06,sandwich,10,15,0.0,euclidean,15,0.1,cosine,10,,leaf,cosine,42,19,0.3675,11,20,66
2026-04-17T05:31:18,sandwich,10,15,0.0,correlation,15,0.1,cosine,10,,leaf,euclidean,42,22,0.332,11,20,40
2026-04-17T05:31:18,sandwich,10,15,0.0,correlation,15,0.1,euclidean,10,,leaf,cosine,42,21,0.3525,10,20,44
2026-04-17T05:31:18,sandwich,10,15,0.0,correlation,15,0.1,euclidean,10,,leaf,euclidean,42,22,0.332,11,20,40
2026-04-17T05:31:18,sandwich,10,15,0.0,correlation,15,0.1,cosine,10,,leaf,cosine,42,21,0.3525,10,20,44
2026-04-17T05:31:30,sandwich,10,15,0.0,cosine,15,0.1,euclidean,15,,eom,euclidean,42,2,0.0,17,366,715
2026-04-17T05:31:30,sandwich,10,15,0.0,cosine,15,0.1,cosine,15,,eom,euclidean,42,2,0.0,17,366,715
2026-04-17T05:31:30,sandwich,10,15,0.0,cosine,15,0.1,cosine,15,,eom,cosine,42,10,0.2117,17,32,228
2026-04-17T05:31:30,sandwich,10,15,0.0,cosine,15,0.1,euclidean,15,,eom,cosine,42,10,0.2117,17,32,228
2026-04-17T05:31:42,sandwich,10,15,0.0,euclidean,15,0.1,euclidean,15,,eom,euclidean,42,2,0.0,17,366,715
2026-04-17T05:31:42,sandwich,10,15,0.0,euclidean,15,0.1,euclidean,15,,eom,cosine,42,2,0.0,17,366,715
2026-04-17T05:31:42,sandwich,10,15,0.0,euclidean,15,0.1,cosine,15,,eom,euclidean,42,2,0.0,17,366,715
2026-04-17T05:31:42,sandwich,10,15,0.0,euclidean,15,0.1,cosine,15,,eom,cosine,42,2,0.0,17,366,715
2026-04-17T05:31:55,sandwich,10,15,0.0,correlation,15,0.1,euclidean,15,,eom,euclidean,42,2,0.0,17,366,715
2026-04-17T05:31:55,sandwich,10,15,0.0,correlation,15,0.1,euclidean,15,,eom,cosine,42,11,0.2937,17,28,233
2026-04-17T05:31:55,sandwich,10,15,0.0,correlation,15,0.1,cosine,15,,eom,cosine,42,11,0.2937,17,28,233
2026-04-17T05:31:55,sandwich,10,15,0.0,correlation,15,0.1,cosine,15,,eom,euclidean,42,2,0.0,17,366,715
2026-04-17T05:32:07,sandwich,10,15,0.0,cosine,15,0.1,euclidean,15,,leaf,euclidean,42,13,0.3907,17,27,95
2026-04-17T05:32:07,sandwich,10,15,0.0,cosine,15,0.1,cosine,15,,leaf,euclidean,42,13,0.3907,17,27,95
2026-04-17T05:32:07,sandwich,10,15,0.0,cosine,15,0.1,euclidean,15,,leaf,cosine,42,14,0.4276,16,29,66
2026-04-17T05:32:07,sandwich,10,15,0.0,cosine,15,0.1,cosine,15,,leaf,cosine,42,14,0.4276,16,29,66
2026-04-17T05:32:19,sandwich,10,15,0.0,euclidean,15,0.1,euclidean,15,,leaf,euclidean,42,12,0.3948,17,27,96
2026-04-17T05:32:20,sandwich,10,15,0.0,euclidean,15,0.1,euclidean,15,,leaf,cosine,42,12,0.4153,16,26,96
2026-04-17T05:32:20,sandwich,10,15,0.0,euclidean,15,0.1,cosine,15,,leaf,euclidean,42,12,0.3948,17,27,96
2026-04-17T05:32:20,sandwich,10,15,0.0,euclidean,15,0.1,cosine,15,,leaf,cosine,42,12,0.4153,16,26,96
2026-04-17T05:32:31,sandwich,10,15,0.0,correlation,15,0.1,cosine,15,,leaf,euclidean,42,13,0.4235,17,27,70
2026-04-17T05:32:32,sandwich,10,15,0.0,correlation,15,0.1,euclidean,15,,leaf,cosine,42,13,0.4249,17,26,86
2026-04-17T05:32:32,sandwich,10,15,0.0,correlation,15,0.1,euclidean,15,,leaf,euclidean,42,13,0.4235,17,27,70
2026-04-17T05:32:32,sandwich,10,15,0.0,correlation,15,0.1,cosine,15,,leaf,cosine,42,13,0.4249,17,26,86
2026-04-17T05:32:44,sandwich,10,15,0.0,cosine,15,0.1,euclidean,25,,eom,euclidean,42,5,0.3292,35,88,216
2026-04-17T05:32:44,sandwich,10,15,0.0,cosine,15,0.1,cosine,25,,eom,euclidean,42,5,0.3292,35,88,216
2026-04-17T05:32:44,sandwich,10,15,0.0,cosine,15,0.1,euclidean,25,,eom,cosine,42,5,0.3142,41,78,236
2026-04-17T05:32:44,sandwich,10,15,0.0,cosine,15,0.1,cosine,25,,eom,cosine,42,5,0.3142,41,78,236
2026-04-17T05:32:56,sandwich,10,15,0.0,euclidean,15,0.1,euclidean,25,,eom,euclidean,42,5,0.3552,38,81,190
2026-04-17T05:32:56,sandwich,10,15,0.0,euclidean,15,0.1,euclidean,25,,eom,cosine,42,5,0.3689,35,82,180
2026-04-17T05:32:56,sandwich,10,15,0.0,euclidean,15,0.1,cosine,25,,eom,euclidean,42,5,0.3552,38,81,190
2026-04-17T05:32:56,sandwich,10,15,0.0,euclidean,15,0.1,cosine,25,,eom,cosine,42,5,0.3689,35,82,180
2026-04-17T05:33:08,sandwich,10,15,0.0,correlation,15,0.1,cosine,25,,eom,euclidean,42,5,0.2801,33,94,234
2026-04-17T05:33:08,sandwich,10,15,0.0,correlation,15,0.1,euclidean,25,,eom,euclidean,42,5,0.2801,33,94,234
2026-04-17T05:33:09,sandwich,10,15,0.0,correlation,15,0.1,euclidean,25,,eom,cosine,42,5,0.2978,34,91,224
2026-04-17T05:33:09,sandwich,10,15,0.0,correlation,15,0.1,cosine,25,,eom,cosine,42,5,0.2978,34,91,224
2026-04-17T05:33:21,sandwich,10,15,0.0,cosine,15,0.1,euclidean,25,,leaf,euclidean,42,6,0.4563,35,61,100
2026-04-17T05:33:21,sandwich,10,15,0.0,cosine,15,0.1,cosine,25,,leaf,euclidean,42,6,0.4563,35,61,100
2026-04-17T05:33:21,sandwich,10,15,0.0,cosine,15,0.1,euclidean,25,,leaf,cosine,42,6,0.4822,41,66,86
2026-04-17T05:33:21,sandwich,10,15,0.0,cosine,15,0.1,cosine,25,,leaf,cosine,42,6,0.4822,41,66,86
2026-04-17T05:33:33,sandwich,10,15,0.0,euclidean,15,0.1,euclidean,25,,leaf,euclidean,42,5,0.3552,38,81,190
2026-04-17T05:33:33,sandwich,10,15,0.0,euclidean,15,0.1,euclidean,25,,leaf,cosine,42,5,0.3689,35,82,180
2026-04-17T05:33:33,sandwich,10,15,0.0,euclidean,15,0.1,cosine,25,,leaf,cosine,42,5,0.3689,35,82,180
2026-04-17T05:33:33,sandwich,10,15,0.0,euclidean,15,0.1,cosine,25,,leaf,euclidean,42,5,0.3552,38,81,190
2026-04-17T05:33:46,sandwich,10,15,0.0,correlation,15,0.1,euclidean,25,,leaf,euclidean,42,6,0.4536,33,57,107
2026-04-17T05:33:46,sandwich,10,15,0.0,correlation,15,0.1,euclidean,25,,leaf,cosine,42,6,0.4631,34,53,111
2026-04-17T05:33:46,sandwich,10,15,0.0,correlation,15,0.1,cosine,25,,leaf,euclidean,42,6,0.4536,33,57,107
2026-04-17T05:33:46,sandwich,10,15,0.0,correlation,15,0.1,cosine,25,,leaf,cosine,42,6,0.4631,34,53,111
2026-04-17T05:33:59,sandwich,10,15,0.05,cosine,15,0.1,cosine,10,,eom,cosine,42,15,0.1885,11,23,228
2026-04-17T05:33:59,sandwich,10,15,0.05,cosine,15,0.1,euclidean,10,,eom,cosine,42,15,0.1885,11,23,228
2026-04-17T05:33:59,sandwich,10,15,0.05,cosine,15,0.1,cosine,10,,eom,euclidean,42,2,0.0082,17,363,709
2026-04-17T05:33:59,sandwich,10,15,0.05,cosine,15,0.1,euclidean,10,,eom,euclidean,42,2,0.0082,17,363,709
2026-04-17T05:34:10,sandwich,10,15,0.05,euclidean,15,0.1,euclidean,10,,eom,cosine,42,17,0.3702,12,20,69
2026-04-17T05:34:10,sandwich,10,15,0.05,euclidean,15,0.1,euclidean,10,,eom,euclidean,42,2,0.0,17,366,715
2026-04-17T05:34:10,sandwich,10,15,0.05,euclidean,15,0.1,cosine,10,,eom,euclidean,42,2,0.0,17,366,715
2026-04-17T05:34:10,sandwich,10,15,0.05,euclidean,15,0.1,cosine,10,,eom,cosine,42,17,0.3702,12,20,69
2026-04-17T05:34:22,sandwich,10,15,0.05,correlation,15,0.1,euclidean,10,,eom,euclidean,42,2,0.0,17,366,715
2026-04-17T05:34:23,sandwich,10,15,0.05,correlation,15,0.1,cosine,10,,eom,cosine,42,16,0.2145,12,20,223
2026-04-17T05:34:23,sandwich,10,15,0.05,correlation,15,0.1,cosine,10,,eom,euclidean,42,2,0.0,17,366,715
2026-04-17T05:34:23,sandwich,10,15,0.05,correlation,15,0.1,euclidean,10,,eom,cosine,42,16,0.2145,12,20,223
2026-04-17T05:34:34,sandwich,10,15,0.05,cosine,15,0.1,cosine,10,,leaf,euclidean,42,21,0.362,11,21,47
2026-04-17T05:34:35,sandwich,10,15,0.05,cosine,15,0.1,euclidean,10,,leaf,euclidean,42,21,0.362,11,21,47
2026-04-17T05:34:35,sandwich,10,15,0.05,cosine,15,0.1,euclidean,10,,leaf,cosine,42,21,0.362,11,20,49
2026-04-17T05:34:35,sandwich,10,15,0.05,cosine,15,0.1,cosine,10,,leaf,cosine,42,21,0.362,11,20,49
2026-04-17T05:34:47,sandwich,10,15,0.05,euclidean,15,0.1,euclidean,10,,leaf,euclidean,42,19,0.4262,10,19,53
2026-04-17T05:34:47,sandwich,10,15,0.05,euclidean,15,0.1,cosine,10,,leaf,euclidean,42,19,0.4262,10,19,53
2026-04-17T05:34:47,sandwich,10,15,0.05,euclidean,15,0.1,euclidean,10,,leaf,cosine,42,18,0.4153,12,19,49
2026-04-17T05:34:47,sandwich,10,15,0.05,euclidean,15,0.1,cosine,10,,leaf,cosine,42,18,0.4153,12,19,49
2026-04-17T05:34:59,sandwich,10,15,0.05,correlation,15,0.1,euclidean,10,,leaf,euclidean,42,22,0.3702,10,19,39
2026-04-17T05:35:00,sandwich,10,15,0.05,correlation,15,0.1,euclidean,10,,leaf,cosine,42,21,0.3388,11,20,46
2026-04-17T05:35:00,sandwich,10,15,0.05,correlation,15,0.1,cosine,10,,leaf,cosine,42,21,0.3388,11,20,46
2026-04-17T05:35:00,sandwich,10,15,0.05,correlation,15,0.1,cosine,10,,leaf,euclidean,42,22,0.3702,10,19,39
2026-04-17T05:35:11,sandwich,10,15,0.05,cosine,15,0.1,euclidean,15,,eom,cosine,42,2,0.0082,17,363,709
2026-04-17T05:35:11,sandwich,10,15,0.05,cosine,15,0.1,euclidean,15,,eom,euclidean,42,2,0.0082,17,363,709
2026-04-17T05:35:12,sandwich,10,15,0.05,cosine,15,0.1,cosine,15,,eom,euclidean,42,2,0.0082,17,363,709
2026-04-17T05:35:12,sandwich,10,15,0.05,cosine,15,0.1,cosine,15,,eom,cosine,42,2,0.0082,17,363,709
2026-04-17T05:35:24,sandwich,10,15,0.05,euclidean,15,0.1,euclidean,15,,eom,cosine,42,2,0.0,17,366,715
2026-04-17T05:35:24,sandwich,10,15,0.05,euclidean,15,0.1,euclidean,15,,eom,euclidean,42,2,0.0,17,366,715
2026-04-17T05:35:24,sandwich,10,15,0.05,euclidean,15,0.1,cosine,15,,eom,euclidean,42,2,0.0,17,366,715
2026-04-17T05:35:24,sandwich,10,15,0.05,euclidean,15,0.1,cosine,15,,eom,cosine,42,2,0.0,17,366,715
2026-04-17T05:35:36,sandwich,10,15,0.05,correlation,15,0.1,euclidean,15,,eom,euclidean,42,2,0.0,17,366,715
2026-04-17T05:35:37,sandwich,10,15,0.05,correlation,15,0.1,euclidean,15,,eom,cosine,42,2,0.0,17,366,715
2026-04-17T05:35:37,sandwich,10,15,0.05,correlation,15,0.1,cosine,15,,eom,euclidean,42,2,0.0,17,366,715
2026-04-17T05:35:37,sandwich,10,15,0.05,correlation,15,0.1,cosine,15,,eom,cosine,42,2,0.0,17,366,715
2026-04-17T05:35:48,sandwich,10,15,0.05,cosine,15,0.1,euclidean,15,,leaf,euclidean,42,13,0.4863,16,26,64
2026-04-17T05:35:48,sandwich,10,15,0.05,cosine,15,0.1,cosine,15,,leaf,euclidean,42,13,0.4863,16,26,64
2026-04-17T05:35:48,sandwich,10,15,0.05,cosine,15,0.1,euclidean,15,,leaf,cosine,42,13,0.4904,17,26,55
2026-04-17T05:35:49,sandwich,10,15,0.05,cosine,15,0.1,cosine,15,,leaf,cosine,42,13,0.4904,17,26,55
2026-04-17T05:36:01,sandwich,10,15,0.05,euclidean,15,0.1,euclidean,15,,leaf,euclidean,42,11,0.4672,15,25,94
2026-04-17T05:36:01,sandwich,10,15,0.05,euclidean,15,0.1,euclidean,15,,leaf,cosine,42,12,0.4467,15,23,95
2026-04-17T05:36:01,sandwich,10,15,0.05,euclidean,15,0.1,cosine,15,,leaf,cosine,42,12,0.4467,15,23,95
2026-04-17T05:36:01,sandwich,10,15,0.05,euclidean,15,0.1,cosine,15,,leaf,euclidean,42,11,0.4672,15,25,94
2026-04-17T05:36:13,sandwich,10,15,0.05,correlation,15,0.1,euclidean,15,,leaf,cosine,42,13,0.4631,17,34,54
2026-04-17T05:36:13,sandwich,10,15,0.05,correlation,15,0.1,euclidean,15,,leaf,euclidean,42,13,0.4658,15,26,76
2026-04-17T05:36:13,sandwich,10,15,0.05,correlation,15,0.1,cosine,15,,leaf,euclidean,42,13,0.4658,15,26,76
2026-04-17T05:36:13,sandwich,10,15,0.05,correlation,15,0.1,cosine,15,,leaf,cosine,42,13,0.4631,17,34,54
2026-04-17T05:36:25,sandwich,10,15,0.05,cosine,15,0.1,euclidean,25,,eom,euclidean,42,5,0.388,31,78,206
2026-04-17T05:36:25,sandwich,10,15,0.05,cosine,15,0.1,euclidean,25,,eom,cosine,42,5,0.3702,33,80,213
2026-04-17T05:36:25,sandwich,10,15,0.05,cosine,15,0.1,cosine,25,,eom,euclidean,42,5,0.388,31,78,206
2026-04-17T05:36:26,sandwich,10,15,0.05,cosine,15,0.1,cosine,25,,eom,cosine,42,5,0.3702,33,80,213
2026-04-17T05:36:37,sandwich,10,15,0.05,euclidean,15,0.1,euclidean,25,,eom,euclidean,42,5,0.3921,37,75,186
2026-04-17T05:36:38,sandwich,10,15,0.05,euclidean,15,0.1,euclidean,25,,eom,cosine,42,5,0.3893,34,74,190
2026-04-17T05:36:38,sandwich,10,15,0.05,euclidean,15,0.1,cosine,25,,eom,euclidean,42,5,0.3921,37,75,186
2026-04-17T05:36:38,sandwich,10,15,0.05,euclidean,15,0.1,cosine,25,,eom,cosine,42,5,0.3893,34,74,190
2026-04-17T05:36:50,sandwich,10,15,0.05,correlation,15,0.1,cosine,25,,eom,euclidean,42,3,0.2801,142,165,220
2026-04-17T05:36:50,sandwich,10,15,0.05,correlation,15,0.1,euclidean,25,,eom,cosine,42,5,0.4317,31,73,184
2026-04-17T05:36:50,sandwich,10,15,0.05,correlation,15,0.1,cosine,25,,eom,cosine,42,5,0.4317,31,73,184
2026-04-17T05:36:51,sandwich,10,15,0.05,correlation,15,0.1,euclidean,25,,eom,euclidean,42,3,0.2801,142,165,220
2026-04-17T05:37:02,sandwich,10,15,0.05,cosine,15,0.1,cosine,25,,leaf,euclidean,42,6,0.5369,31,48,90
2026-04-17T05:37:03,sandwich,10,15,0.05,cosine,15,0.1,cosine,25,,leaf,cosine,42,6,0.5519,27,51,85
2026-04-17T05:37:03,sandwich,10,15,0.05,cosine,15,0.1,euclidean,25,,leaf,euclidean,42,6,0.5369,31,48,90
2026-04-17T05:37:03,sandwich,10,15,0.05,cosine,15,0.1,euclidean,25,,leaf,cosine,42,6,0.5519,27,51,85
2026-04-17T05:37:15,sandwich,10,15,0.05,euclidean,15,0.1,cosine,25,,leaf,euclidean,42,5,0.3921,37,75,186
2026-04-17T05:37:15,sandwich,10,15,0.05,euclidean,15,0.1,euclidean,25,,leaf,euclidean,42,5,0.3921,37,75,186
2026-04-17T05:37:15,sandwich,10,15,0.05,euclidean,15,0.1,euclidean,25,,leaf,cosine,42,5,0.3893,34,74,190
2026-04-17T05:37:15,sandwich,10,15,0.05,euclidean,15,0.1,cosine,25,,leaf,cosine,42,5,0.3893,34,74,190
2026-04-17T05:37:27,sandwich,10,15,0.05,correlation,15,0.1,euclidean,25,,leaf,euclidean,42,6,0.5833,29,42,79
2026-04-17T05:37:27,sandwich,10,15,0.05,correlation,15,0.1,cosine,25,,leaf,euclidean,42,6,0.5833,29,42,79
2026-04-17T05:37:27,sandwich,10,15,0.05,correlation,15,0.1,euclidean,25,,leaf,cosine,42,6,0.5861,31,47,73
2026-04-17T05:37:28,sandwich,10,15,0.05,correlation,15,0.1,cosine,25,,leaf,cosine,42,6,0.5861,31,47,73
2026-04-17T05:37:39,sandwich,10,30,0.0,cosine,15,0.1,euclidean,10,,eom,euclidean,42,2,0.0,17,366,715
2026-04-17T05:37:39,sandwich,10,30,0.0,cosine,15,0.1,euclidean,10,,eom,cosine,42,15,0.1954,10,20,243
2026-04-17T05:37:40,sandwich,10,30,0.0,cosine,15,0.1,cosine,10,,eom,euclidean,42,2,0.0,17,366,715
2026-04-17T05:37:40,sandwich,10,30,0.0,cosine,15,0.1,cosine,10,,eom,cosine,42,15,0.1954,10,20,243
2026-04-17T05:37:52,sandwich,10,30,0.0,euclidean,15,0.1,euclidean,10,,eom,euclidean,42,2,0.0,17,366,715
2026-04-17T05:37:52,sandwich,10,30,0.0,euclidean,15,0.1,cosine,10,,eom,euclidean,42,2,0.0,17,366,715
2026-04-17T05:37:52,sandwich,10,30,0.0,euclidean,15,0.1,euclidean,10,,eom,cosine,42,15,0.347,10,27,78
2026-04-17T05:37:52,sandwich,10,30,0.0,euclidean,15,0.1,cosine,10,,eom,cosine,42,15,0.347,10,27,78
2026-04-17T05:38:04,sandwich,10,30,0.0,correlation,15,0.1,cosine,10,,eom,euclidean,42,2,0.0,17,366,715
2026-04-17T05:38:05,sandwich,10,30,0.0,correlation,15,0.1,euclidean,10,,eom,euclidean,42,2,0.0,17,366,715
2026-04-17T05:38:05,sandwich,10,30,0.0,correlation,15,0.1,euclidean,10,,eom,cosine,42,14,0.2828,11,20,227
2026-04-17T05:38:05,sandwich,10,30,0.0,correlation,15,0.1,cosine,10,,eom,cosine,42,14,0.2828,11,20,227
2026-04-17T05:38:17,sandwich,10,30,0.0,cosine,15,0.1,euclidean,10,,leaf,euclidean,42,19,0.4822,10,17,37
2026-04-17T05:38:17,sandwich,10,30,0.0,cosine,15,0.1,euclidean,10,,leaf,cosine,42,21,0.4044,10,17,39
2026-04-17T05:38:17,sandwich,10,30,0.0,cosine,15,0.1,cosine,10,,leaf,cosine,42,21,0.4044,10,17,39
2026-04-17T05:38:17,sandwich,10,30,0.0,cosine,15,0.1,cosine,10,,leaf,euclidean,42,19,0.4822,10,17,37
2026-04-17T05:38:29,sandwich,10,30,0.0,euclidean,15,0.1,euclidean,10,,leaf,euclidean,42,18,0.5041,11,18,38
2026-04-17T05:38:29,sandwich,10,30,0.0,euclidean,15,0.1,euclidean,10,,leaf,cosine,42,18,0.4836,10,18,42
2026-04-17T05:38:29,sandwich,10,30,0.0,euclidean,15,0.1,cosine,10,,leaf,euclidean,42,18,0.5041,11,18,38
2026-04-17T05:38:29,sandwich,10,30,0.0,euclidean,15,0.1,cosine,10,,leaf,cosine,42,18,0.4836,10,18,42
2026-04-17T05:38:42,sandwich,10,30,0.0,correlation,15,0.1,euclidean,10,,leaf,euclidean,42,20,0.4139,10,18,48
2026-04-17T05:38:42,sandwich,10,30,0.0,correlation,15,0.1,euclidean,10,,leaf,cosine,42,20,0.4495,11,17,51
2026-04-17T05:38:42,sandwich,10,30,0.0,correlation,15,0.1,cosine,10,,leaf,cosine,42,20,0.4495,11,17,51
2026-04-17T05:38:42,sandwich,10,30,0.0,correlation,15,0.1,cosine,10,,leaf,euclidean,42,20,0.4139,10,18,48
2026-04-17T05:38:54,sandwich,10,30,0.0,cosine,15,0.1,euclidean,15,,eom,euclidean,42,2,0.0,17,366,715
2026-04-17T05:38:54,sandwich,10,30,0.0,cosine,15,0.1,euclidean,15,,eom,cosine,42,2,0.0,17,366,715
2026-04-17T05:38:55,sandwich,10,30,0.0,cosine,15,0.1,cosine,15,,eom,euclidean,42,2,0.0,17,366,715
2026-04-17T05:38:55,sandwich,10,30,0.0,cosine,15,0.1,cosine,15,,eom,cosine,42,2,0.0,17,366,715
2026-04-17T05:39:06,sandwich,10,30,0.0,euclidean,15,0.1,euclidean,15,,eom,euclidean,42,2,0.0,17,366,715
2026-04-17T05:39:06,sandwich,10,30,0.0,euclidean,15,0.1,euclidean,15,,eom,cosine,42,2,0.0,17,366,715
2026-04-17T05:39:06,sandwich,10,30,0.0,euclidean,15,0.1,cosine,15,,eom,euclidean,42,2,0.0,17,366,715
2026-04-17T05:39:06,sandwich,10,30,0.0,euclidean,15,0.1,cosine,15,,eom,cosine,42,2,0.0,17,366,715
2026-04-17T05:39:19,sandwich,10,30,0.0,correlation,15,0.1,cosine,15,,eom,euclidean,42,2,0.0,17,366,715
2026-04-17T05:39:19,sandwich,10,30,0.0,correlation,15,0.1,euclidean,15,,eom,cosine,42,7,0.2158,17,54,249
2026-04-17T05:39:19,sandwich,10,30,0.0,correlation,15,0.1,euclidean,15,,eom,euclidean,42,2,0.0,17,366,715
2026-04-17T05:39:20,sandwich,10,30,0.0,correlation,15,0.1,cosine,15,,eom,cosine,42,7,0.2158,17,54,249
2026-04-17T05:39:32,sandwich,10,30,0.0,cosine,15,0.1,euclidean,15,,leaf,euclidean,42,10,0.4727,17,32,71
2026-04-17T05:39:32,sandwich,10,30,0.0,cosine,15,0.1,cosine,15,,leaf,euclidean,42,10,0.4727,17,32,71
2026-04-17T05:39:32,sandwich,10,30,0.0,cosine,15,0.1,euclidean,15,,leaf,cosine,42,12,0.515,15,25,63
2026-04-17T05:39:32,sandwich,10,30,0.0,cosine,15,0.1,cosine,15,,leaf,cosine,42,12,0.515,15,25,63
2026-04-17T05:39:44,sandwich,10,30,0.0,euclidean,15,0.1,euclidean,15,,leaf,euclidean,42,12,0.5423,15,24,64
2026-04-17T05:39:44,sandwich,10,30,0.0,euclidean,15,0.1,euclidean,15,,leaf,cosine,42,13,0.5123,17,23,62
2026-04-17T05:39:44,sandwich,10,30,0.0,euclidean,15,0.1,cosine,15,,leaf,euclidean,42,12,0.5423,15,24,64
2026-04-17T05:39:44,sandwich,10,30,0.0,euclidean,15,0.1,cosine,15,,leaf,cosine,42,13,0.5123,17,23,62
2026-04-17T05:39:57,sandwich,10,30,0.0,correlation,15,0.1,euclidean,15,,leaf,euclidean,42,11,0.5191,17,26,88
2026-04-17T05:39:57,sandwich,10,30,0.0,correlation,15,0.1,euclidean,15,,leaf,cosine,42,11,0.541,16,26,87
2026-04-17T05:39:57,sandwich,10,30,0.0,correlation,15,0.1,cosine,15,,leaf,euclidean,42,11,0.5191,17,26,88
2026-04-17T05:39:57,sandwich,10,30,0.0,correlation,15,0.1,cosine,15,,leaf,cosine,42,11,0.541,16,26,87
2026-04-17T05:40:09,sandwich,10,30,0.0,cosine,15,0.1,euclidean,25,,eom,euclidean,42,5,0.347,31,85,223
2026-04-17T05:40:09,sandwich,10,30,0.0,cosine,15,0.1,cosine,25,,eom,euclidean,42,5,0.347,31,85,223
2026-04-17T05:40:09,sandwich,10,30,0.0,cosine,15,0.1,euclidean,25,,eom,cosine,42,5,0.3429,33,73,229
2026-04-17T05:40:09,sandwich,10,30,0.0,cosine,15,0.1,cosine,25,,eom,cosine,42,5,0.3429,33,73,229
2026-04-17T05:40:21,sandwich,10,30,0.0,euclidean,15,0.1,euclidean,25,,eom,euclidean,42,5,0.362,28,89,183
2026-04-17T05:40:21,sandwich,10,30,0.0,euclidean,15,0.1,euclidean,25,,eom,cosine,42,5,0.3333,29,88,200
2026-04-17T05:40:21,sandwich,10,30,0.0,euclidean,15,0.1,cosine,25,,eom,cosine,42,5,0.3333,29,88,200
2026-04-17T05:40:21,sandwich,10,30,0.0,euclidean,15,0.1,cosine,25,,eom,euclidean,42,5,0.362,28,89,183
2026-04-17T05:40:34,sandwich,10,30,0.0,correlation,15,0.1,euclidean,25,,eom,euclidean,42,5,0.3333,38,82,225
2026-04-17T05:40:34,sandwich,10,30,0.0,correlation,15,0.1,cosine,25,,eom,euclidean,42,5,0.3333,38,82,225
2026-04-17T05:40:34,sandwich,10,30,0.0,correlation,15,0.1,cosine,25,,eom,cosine,42,5,0.3156,40,87,232
2026-04-17T05:40:34,sandwich,10,30,0.0,correlation,15,0.1,euclidean,25,,eom,cosine,42,5,0.3156,40,87,232
2026-04-17T05:40:46,sandwich,10,30,0.0,cosine,15,0.1,euclidean,25,,leaf,euclidean,42,6,0.5178,31,58,85
2026-04-17T05:40:46,sandwich,10,30,0.0,cosine,15,0.1,euclidean,25,,leaf,cosine,42,5,0.3429,33,73,229
2026-04-17T05:40:46,sandwich,10,30,0.0,cosine,15,0.1,cosine,25,,leaf,cosine,42,5,0.3429,33,73,229
2026-04-17T05:40:46,sandwich,10,30,0.0,cosine,15,0.1,cosine,25,,leaf,euclidean,42,6,0.5178,31,58,85
2026-04-17T05:40:58,sandwich,10,30,0.0,euclidean,15,0.1,euclidean,25,,leaf,euclidean,42,5,0.362,28,89,183
2026-04-17T05:40:59,sandwich,10,30,0.0,euclidean,15,0.1,euclidean,25,,leaf,cosine,42,5,0.3333,29,88,200
2026-04-17T05:40:59,sandwich,10,30,0.0,euclidean,15,0.1,cosine,25,,leaf,cosine,42,5,0.3333,29,88,200
2026-04-17T05:40:59,sandwich,10,30,0.0,euclidean,15,0.1,cosine,25,,leaf,euclidean,42,5,0.362,28,89,183
2026-04-17T05:41:11,sandwich,10,30,0.0,correlation,15,0.1,euclidean,25,,leaf,euclidean,42,5,0.3333,38,82,225
2026-04-17T05:41:11,sandwich,10,30,0.0,correlation,15,0.1,cosine,25,,leaf,euclidean,42,5,0.3333,38,82,225
2026-04-17T05:41:11,sandwich,10,30,0.0,correlation,15,0.1,euclidean,25,,leaf,cosine,42,5,0.3156,40,87,232
2026-04-17T05:41:11,sandwich,10,30,0.0,correlation,15,0.1,cosine,25,,leaf,cosine,42,5,0.3156,40,87,232
2026-04-17T05:41:24,sandwich,10,30,0.05,cosine,15,0.1,euclidean,10,,eom,cosine,42,14,0.25,11,24,233
2026-04-17T05:41:24,sandwich,10,30,0.05,cosine,15,0.1,euclidean,10,,eom,euclidean,42,2,0.0,17,366,715
2026-04-17T05:41:24,sandwich,10,30,0.05,cosine,15,0.1,cosine,10,,eom,euclidean,42,2,0.0,17,366,715
2026-04-17T05:41:24,sandwich,10,30,0.05,cosine,15,0.1,cosine,10,,eom,cosine,42,14,0.25,11,24,233
2026-04-17T05:41:36,sandwich,10,30,0.05,euclidean,15,0.1,euclidean,10,,eom,euclidean,42,2,0.0,17,366,715
2026-04-17T05:41:36,sandwich,10,30,0.05,euclidean,15,0.1,cosine,10,,eom,euclidean,42,2,0.0,17,366,715
2026-04-17T05:41:36,sandwich,10,30,0.05,euclidean,15,0.1,euclidean,10,,eom,cosine,42,2,0.0,17,366,715
2026-04-17T05:41:36,sandwich,10,30,0.05,euclidean,15,0.1,cosine,10,,eom,cosine,42,2,0.0,17,366,715
2026-04-17T05:41:49,sandwich,10,30,0.05,correlation,15,0.1,euclidean,10,,eom,euclidean,42,2,0.0,17,366,715
2026-04-17T05:41:49,sandwich,10,30,0.05,correlation,15,0.1,euclidean,10,,eom,cosine,42,12,0.235,12,21,243
2026-04-17T05:41:49,sandwich,10,30,0.05,correlation,15,0.1,cosine,10,,eom,euclidean,42,2,0.0,17,366,715
2026-04-17T05:41:49,sandwich,10,30,0.05,correlation,15,0.1,cosine,10,,eom,cosine,42,12,0.235,12,21,243
2026-04-17T05:42:01,sandwich,10,30,0.05,cosine,15,0.1,euclidean,10,,leaf,euclidean,42,16,0.4768,10,21,61
2026-04-17T05:42:01,sandwich,10,30,0.05,cosine,15,0.1,euclidean,10,,leaf,cosine,42,18,0.4658,11,17,41
2026-04-17T05:42:01,sandwich,10,30,0.05,cosine,15,0.1,cosine,10,,leaf,cosine,42,18,0.4658,11,17,41
2026-04-17T05:42:01,sandwich,10,30,0.05,cosine,15,0.1,cosine,10,,leaf,euclidean,42,16,0.4768,10,21,61
2026-04-17T05:42:13,sandwich,10,30,0.05,euclidean,15,0.1,euclidean,10,,leaf,euclidean,42,17,0.5396,10,19,33
2026-04-17T05:42:13,sandwich,10,30,0.05,euclidean,15,0.1,cosine,10,,leaf,euclidean,42,17,0.5396,10,19,33
2026-04-17T05:42:14,sandwich,10,30,0.05,euclidean,15,0.1,euclidean,10,,leaf,cosine,42,16,0.4945,10,20,67
2026-04-17T05:42:14,sandwich,10,30,0.05,euclidean,15,0.1,cosine,10,,leaf,cosine,42,16,0.4945,10,20,67
2026-04-17T05:42:26,sandwich,10,30,0.05,correlation,15,0.1,euclidean,10,,leaf,euclidean,42,19,0.4904,10,17,44
2026-04-17T05:42:26,sandwich,10,30,0.05,correlation,15,0.1,cosine,10,,leaf,euclidean,42,19,0.4904,10,17,44
2026-04-17T05:42:26,sandwich,10,30,0.05,correlation,15,0.1,euclidean,10,,leaf,cosine,42,16,0.4986,12,18,49
2026-04-17T05:42:26,sandwich,10,30,0.05,correlation,15,0.1,cosine,10,,leaf,cosine,42,16,0.4986,12,18,49
2026-04-17T05:42:39,sandwich,10,30,0.05,cosine,15,0.1,cosine,15,,eom,euclidean,42,2,0.0,17,366,715
2026-04-17T05:42:39,sandwich,10,30,0.05,cosine,15,0.1,euclidean,15,,eom,euclidean,42,2,0.0,17,366,715
2026-04-17T05:42:39,sandwich,10,30,0.05,cosine,15,0.1,euclidean,15,,eom,cosine,42,2,0.0,17,366,715
2026-04-17T05:42:39,sandwich,10,30,0.05,cosine,15,0.1,cosine,15,,eom,cosine,42,2,0.0,17,366,715
2026-04-17T05:42:50,sandwich,10,30,0.05,euclidean,15,0.1,euclidean,15,,eom,euclidean,42,2,0.0,17,366,715
2026-04-17T05:42:51,sandwich,10,30,0.05,euclidean,15,0.1,euclidean,15,,eom,cosine,42,2,0.0,17,366,715
2026-04-17T05:42:51,sandwich,10,30,0.05,euclidean,15,0.1,cosine,15,,eom,euclidean,42,2,0.0,17,366,715
2026-04-17T05:42:51,sandwich,10,30,0.05,euclidean,15,0.1,cosine,15,,eom,cosine,42,2,0.0,17,366,715
2026-04-17T05:43:03,sandwich,10,30,0.05,correlation,15,0.1,cosine,15,,eom,euclidean,42,2,0.0041,17,364,712
2026-04-17T05:43:04,sandwich,10,30,0.05,correlation,15,0.1,euclidean,15,,eom,euclidean,42,2,0.0041,17,364,712
2026-04-17T05:43:04,sandwich,10,30,0.05,correlation,15,0.1,euclidean,15,,eom,cosine,42,7,0.2855,17,52,226
2026-04-17T05:43:04,sandwich,10,30,0.05,correlation,15,0.1,cosine,15,,eom,cosine,42,7,0.2855,17,52,226
2026-04-17T05:43:16,sandwich,10,30,0.05,cosine,15,0.1,euclidean,15,,leaf,euclidean,42,10,0.5328,17,29,61
2026-04-17T05:43:16,sandwich,10,30,0.05,cosine,15,0.1,cosine,15,,leaf,euclidean,42,10,0.5328,17,29,61
2026-04-17T05:43:16,sandwich,10,30,0.05,cosine,15,0.1,euclidean,15,,leaf,cosine,42,11,0.4877,15,29,77
2026-04-17T05:43:16,sandwich,10,30,0.05,cosine,15,0.1,cosine,15,,leaf,cosine,42,11,0.4877,15,29,77
2026-04-17T05:43:28,sandwich,10,30,0.05,euclidean,15,0.1,cosine,15,,leaf,euclidean,42,12,0.5738,15,20,60
2026-04-17T05:43:28,sandwich,10,30,0.05,euclidean,15,0.1,euclidean,15,,leaf,euclidean,42,12,0.5738,15,20,60
2026-04-17T05:43:28,sandwich,10,30,0.05,euclidean,15,0.1,euclidean,15,,leaf,cosine,42,10,0.5915,16,20,91
2026-04-17T05:43:28,sandwich,10,30,0.05,euclidean,15,0.1,cosine,15,,leaf,cosine,42,10,0.5915,16,20,91
2026-04-17T05:43:41,sandwich,10,30,0.05,correlation,15,0.1,euclidean,15,,leaf,euclidean,42,10,0.5273,17,25,87
2026-04-17T05:43:41,sandwich,10,30,0.05,correlation,15,0.1,euclidean,15,,leaf,cosine,42,11,0.5232,16,26,77
2026-04-17T05:43:41,sandwich,10,30,0.05,correlation,15,0.1,cosine,15,,leaf,euclidean,42,10,0.5273,17,25,87
2026-04-17T05:43:41,sandwich,10,30,0.05,correlation,15,0.1,cosine,15,,leaf,cosine,42,11,0.5232,16,26,77
2026-04-17T05:43:54,sandwich,10,30,0.05,cosine,15,0.1,euclidean,25,,eom,euclidean,42,5,0.3675,34,78,219
2026-04-17T05:43:54,sandwich,10,30,0.05,cosine,15,0.1,cosine,25,,eom,cosine,42,5,0.4071,34,68,190
2026-04-17T05:43:54,sandwich,10,30,0.05,cosine,15,0.1,cosine,25,,eom,euclidean,42,5,0.3675,34,78,219
2026-04-17T05:43:54,sandwich,10,30,0.05,cosine,15,0.1,euclidean,25,,eom,cosine,42,5,0.4071,34,68,190
2026-04-17T05:44:05,sandwich,10,30,0.05,euclidean,15,0.1,euclidean,25,,eom,cosine,42,5,0.4481,30,73,152
2026-04-17T05:44:05,sandwich,10,30,0.05,euclidean,15,0.1,cosine,25,,eom,euclidean,42,5,0.4016,29,81,175
2026-04-17T05:44:06,sandwich,10,30,0.05,euclidean,15,0.1,euclidean,25,,eom,euclidean,42,5,0.4016,29,81,175
2026-04-17T05:44:06,sandwich,10,30,0.05,euclidean,15,0.1,cosine,25,,eom,cosine,42,5,0.4481,30,73,152
2026-04-17T05:44:18,sandwich,10,30,0.05,correlation,15,0.1,euclidean,25,,eom,euclidean,42,5,0.373,33,75,219
2026-04-17T05:44:18,sandwich,10,30,0.05,correlation,15,0.1,cosine,25,,eom,euclidean,42,5,0.373,33,75,219
2026-04-17T05:44:18,sandwich,10,30,0.05,correlation,15,0.1,cosine,25,,eom,cosine,42,5,0.3648,35,83,211
2026-04-17T05:44:19,sandwich,10,30,0.05,correlation,15,0.1,euclidean,25,,eom,cosine,42,5,0.3648,35,83,211
2026-04-17T05:44:31,sandwich,10,30,0.05,cosine,15,0.1,euclidean,25,,leaf,euclidean,42,5,0.3675,34,78,219
2026-04-17T05:44:31,sandwich,10,30,0.05,cosine,15,0.1,euclidean,25,,leaf,cosine,42,5,0.4071,34,68,190
2026-04-17T05:44:31,sandwich,10,30,0.05,cosine,15,0.1,cosine,25,,leaf,cosine,42,5,0.4071,34,68,190
2026-04-17T05:44:31,sandwich,10,30,0.05,cosine,15,0.1,cosine,25,,leaf,euclidean,42,5,0.3675,34,78,219
2026-04-17T05:44:43,sandwich,10,30,0.05,euclidean,15,0.1,euclidean,25,,leaf,euclidean,42,5,0.4016,29,81,175
2026-04-17T05:44:43,sandwich,10,30,0.05,euclidean,15,0.1,euclidean,25,,leaf,cosine,42,5,0.4481,30,73,152
2026-04-17T05:44:43,sandwich,10,30,0.05,euclidean,15,0.1,cosine,25,,leaf,euclidean,42,5,0.4016,29,81,175
2026-04-17T05:44:43,sandwich,10,30,0.05,euclidean,15,0.1,cosine,25,,leaf,cosine,42,5,0.4481,30,73,152
2026-04-17T05:44:56,sandwich,10,30,0.05,correlation,15,0.1,euclidean,25,,leaf,euclidean,42,5,0.373,33,75,219
2026-04-17T05:44:56,sandwich,10,30,0.05,correlation,15,0.1,cosine,25,,leaf,cosine,42,5,0.3648,35,83,211
2026-04-17T05:44:56,sandwich,10,30,0.05,correlation,15,0.1,cosine,25,,leaf,euclidean,42,5,0.373,33,75,219
2026-04-17T05:44:56,sandwich,10,30,0.05,correlation,15,0.1,euclidean,25,,leaf,cosine,42,5,0.3648,35,83,211
2026-04-17T05:45:08,sandwich,15,10,0.0,cosine,15,0.1,euclidean,10,,eom,euclidean,42,2,0.0,17,366,715
2026-04-17T05:45:08,sandwich,15,10,0.0,cosine,15,0.1,cosine,10,,eom,euclidean,42,2,0.0,17,366,715
2026-04-17T05:45:08,sandwich,15,10,0.0,cosine,15,0.1,euclidean,10,,eom,cosine,42,20,0.2773,11,22,66
2026-04-17T05:45:08,sandwich,15,10,0.0,cosine,15,0.1,cosine,10,,eom,cosine,42,20,0.2773,11,22,66
2026-04-17T05:45:20,sandwich,15,10,0.0,euclidean,15,0.1,cosine,10,,eom,cosine,42,15,0.2295,13,21,222
2026-04-17T05:45:20,sandwich,15,10,0.0,euclidean,15,0.1,euclidean,10,,eom,cosine,42,15,0.2295,13,21,222
2026-04-17T05:45:20,sandwich,15,10,0.0,euclidean,15,0.1,euclidean,10,,eom,euclidean,42,15,0.1762,11,23,229
2026-04-17T05:45:21,sandwich,15,10,0.0,euclidean,15,0.1,cosine,10,,eom,euclidean,42,15,0.1762,11,23,229
2026-04-17T05:45:33,sandwich,15,10,0.0,correlation,15,0.1,euclidean,10,,eom,euclidean,42,13,0.1448,11,21,238
2026-04-17T05:45:33,sandwich,15,10,0.0,correlation,15,0.1,cosine,10,,eom,cosine,42,21,0.2801,10,22,59
2026-04-17T05:45:33,sandwich,15,10,0.0,correlation,15,0.1,euclidean,10,,eom,cosine,42,21,0.2801,10,22,59
2026-04-17T05:45:33,sandwich,15,10,0.0,correlation,15,0.1,cosine,10,,eom,euclidean,42,13,0.1448,11,21,238
2026-04-17T05:45:45,sandwich,15,10,0.0,cosine,15,0.1,euclidean,10,,leaf,cosine,42,21,0.3183,11,22,43
2026-04-17T05:45:45,sandwich,15,10,0.0,cosine,15,0.1,euclidean,10,,leaf,euclidean,42,23,0.3661,10,17,37
2026-04-17T05:45:45,sandwich,15,10,0.0,cosine,15,0.1,cosine,10,,leaf,euclidean,42,23,0.3661,10,17,37
2026-04-17T05:45:45,sandwich,15,10,0.0,cosine,15,0.1,cosine,10,,leaf,cosine,42,21,0.3183,11,22,43
2026-04-17T05:45:57,sandwich,15,10,0.0,euclidean,15,0.1,cosine,10,,leaf,cosine,42,19,0.3552,13,21,60
2026-04-17T05:45:57,sandwich,15,10,0.0,euclidean,15,0.1,euclidean,10,,leaf,euclidean,42,19,0.3142,11,23,65
2026-04-17T05:45:57,sandwich,15,10,0.0,euclidean,15,0.1,cosine,10,,leaf,euclidean,42,19,0.3142,11,23,65
2026-04-17T05:45:57,sandwich,15,10,0.0,euclidean,15,0.1,euclidean,10,,leaf,cosine,42,19,0.3552,13,21,60
2026-04-17T05:46:10,sandwich,15,10,0.0,correlation,15,0.1,euclidean,10,,leaf,cosine,42,22,0.321,10,18,42
2026-04-17T05:46:10,sandwich,15,10,0.0,correlation,15,0.1,euclidean,10,,leaf,euclidean,42,22,0.3224,10,17,41
2026-04-17T05:46:10,sandwich,15,10,0.0,correlation,15,0.1,cosine,10,,leaf,euclidean,42,22,0.3224,10,17,41
2026-04-17T05:46:10,sandwich,15,10,0.0,correlation,15,0.1,cosine,10,,leaf,cosine,42,22,0.321,10,18,42
2026-04-17T05:46:22,sandwich,15,10,0.0,cosine,15,0.1,euclidean,15,,eom,euclidean,42,2,0.0,17,366,715
2026-04-17T05:46:22,sandwich,15,10,0.0,cosine,15,0.1,cosine,15,,eom,cosine,42,10,0.2268,17,28,223
2026-04-17T05:46:22,sandwich,15,10,0.0,cosine,15,0.1,cosine,15,,eom,euclidean,42,2,0.0,17,366,715
2026-04-17T05:46:22,sandwich,15,10,0.0,cosine,15,0.1,euclidean,15,,eom,cosine,42,10,0.2268,17,28,223
2026-04-17T05:46:34,sandwich,15,10,0.0,euclidean,15,0.1,euclidean,15,,eom,euclidean,42,2,0.0,17,366,715
2026-04-17T05:46:34,sandwich,15,10,0.0,euclidean,15,0.1,euclidean,15,,eom,cosine,42,9,0.138,15,32,227
2026-04-17T05:46:34,sandwich,15,10,0.0,euclidean,15,0.1,cosine,15,,eom,euclidean,42,2,0.0,17,366,715
2026-04-17T05:46:34,sandwich,15,10,0.0,euclidean,15,0.1,cosine,15,,eom,cosine,42,9,0.138,15,32,227
2026-04-17T05:46:46,sandwich,15,10,0.0,correlation,15,0.1,euclidean,15,,eom,euclidean,42,2,0.0082,17,363,709
2026-04-17T05:46:46,sandwich,15,10,0.0,correlation,15,0.1,cosine,15,,eom,cosine,42,10,0.1844,17,29,237
2026-04-17T05:46:47,sandwich,15,10,0.0,correlation,15,0.1,cosine,15,,eom,euclidean,42,2,0.0082,17,363,709
2026-04-17T05:46:47,sandwich,15,10,0.0,correlation,15,0.1,euclidean,15,,eom,cosine,42,10,0.1844,17,29,237
2026-04-17T05:46:59,sandwich,15,10,0.0,cosine,15,0.1,cosine,15,,leaf,euclidean,42,14,0.3975,16,31,71
2026-04-17T05:46:59,sandwich,15,10,0.0,cosine,15,0.1,euclidean,15,,leaf,euclidean,42,14,0.3975,16,31,71
2026-04-17T05:46:59,sandwich,15,10,0.0,cosine,15,0.1,cosine,15,,leaf,cosine,42,14,0.3743,17,30,73
2026-04-17T05:46:59,sandwich,15,10,0.0,cosine,15,0.1,euclidean,15,,leaf,cosine,42,14,0.3743,17,30,73
2026-04-17T05:47:11,sandwich,15,10,0.0,euclidean,15,0.1,cosine,15,,leaf,euclidean,42,15,0.3948,15,23,112
2026-04-17T05:47:11,sandwich,15,10,0.0,euclidean,15,0.1,cosine,15,,leaf,cosine,42,13,0.3402,15,25,106
2026-04-17T05:47:11,sandwich,15,10,0.0,euclidean,15,0.1,euclidean,15,,leaf,cosine,42,13,0.3402,15,25,106
2026-04-17T05:47:11,sandwich,15,10,0.0,euclidean,15,0.1,euclidean,15,,leaf,euclidean,42,15,0.3948,15,23,112
2026-04-17T05:47:23,sandwich,15,10,0.0,correlation,15,0.1,cosine,15,,leaf,euclidean,42,13,0.3579,17,31,84
2026-04-17T05:47:23,sandwich,15,10,0.0,correlation,15,0.1,euclidean,15,,leaf,cosine,42,13,0.3361,17,32,91
2026-04-17T05:47:23,sandwich,15,10,0.0,correlation,15,0.1,euclidean,15,,leaf,euclidean,42,13,0.3579,17,31,84
2026-04-17T05:47:24,sandwich,15,10,0.0,correlation,15,0.1,cosine,15,,leaf,cosine,42,13,0.3361,17,32,91
2026-04-17T05:47:36,sandwich,15,10,0.0,cosine,15,0.1,euclidean,25,,eom,euclidean,42,5,0.2978,32,90,215
2026-04-17T05:47:36,sandwich,15,10,0.0,cosine,15,0.1,cosine,25,,eom,cosine,42,5,0.3552,27,70,220
2026-04-17T05:47:36,sandwich,15,10,0.0,cosine,15,0.1,cosine,25,,eom,euclidean,42,5,0.2978,32,90,215
2026-04-17T05:47:36,sandwich,15,10,0.0,cosine,15,0.1,euclidean,25,,eom,cosine,42,5,0.3552,27,70,220
2026-04-17T05:47:47,sandwich,15,10,0.0,euclidean,15,0.1,euclidean,25,,eom,euclidean,42,5,0.3415,35,82,200
2026-04-17T05:47:47,sandwich,15,10,0.0,euclidean,15,0.1,euclidean,25,,eom,cosine,42,5,0.3238,34,82,209
2026-04-17T05:47:48,sandwich,15,10,0.0,euclidean,15,0.1,cosine,25,,eom,cosine,42,5,0.3238,34,82,209
2026-04-17T05:47:48,sandwich,15,10,0.0,euclidean,15,0.1,cosine,25,,eom,euclidean,42,5,0.3415,35,82,200
2026-04-17T05:48:00,sandwich,15,10,0.0,correlation,15,0.1,euclidean,25,,eom,euclidean,42,5,0.276,32,98,226
2026-04-17T05:48:00,sandwich,15,10,0.0,correlation,15,0.1,euclidean,25,,eom,cosine,42,5,0.2555,32,99,233
2026-04-17T05:48:01,sandwich,15,10,0.0,correlation,15,0.1,cosine,25,,eom,euclidean,42,5,0.276,32,98,226
2026-04-17T05:48:01,sandwich,15,10,0.0,correlation,15,0.1,cosine,25,,eom,cosine,42,5,0.2555,32,99,233
2026-04-17T05:48:13,sandwich,15,10,0.0,cosine,15,0.1,cosine,25,,leaf,euclidean,42,7,0.5082,25,58,90
2026-04-17T05:48:13,sandwich,15,10,0.0,cosine,15,0.1,euclidean,25,,leaf,euclidean,42,7,0.5082,25,58,90
2026-04-17T05:48:13,sandwich,15,10,0.0,cosine,15,0.1,euclidean,25,,leaf,cosine,42,6,0.5014,27,63,95
2026-04-17T05:48:13,sandwich,15,10,0.0,cosine,15,0.1,cosine,25,,leaf,cosine,42,6,0.5014,27,63,95
2026-04-17T05:48:24,sandwich,15,10,0.0,euclidean,15,0.1,euclidean,25,,leaf,euclidean,42,6,0.474,35,67,88
2026-04-17T05:48:24,sandwich,15,10,0.0,euclidean,15,0.1,euclidean,25,,leaf,cosine,42,5,0.3238,34,82,209
2026-04-17T05:48:25,sandwich,15,10,0.0,euclidean,15,0.1,cosine,25,,leaf,euclidean,42,6,0.474,35,67,88
2026-04-17T05:48:25,sandwich,15,10,0.0,euclidean,15,0.1,cosine,25,,leaf,cosine,42,5,0.3238,34,82,209
2026-04-17T05:48:37,sandwich,15,10,0.0,correlation,15,0.1,cosine,25,,leaf,euclidean,42,6,0.4208,32,62,110
2026-04-17T05:48:37,sandwich,15,10,0.0,correlation,15,0.1,cosine,25,,leaf,cosine,42,6,0.4235,32,62,112
2026-04-17T05:48:37,sandwich,15,10,0.0,correlation,15,0.1,euclidean,25,,leaf,euclidean,42,6,0.4208,32,62,110
2026-04-17T05:48:37,sandwich,15,10,0.0,correlation,15,0.1,euclidean,25,,leaf,cosine,42,6,0.4235,32,62,112
2026-04-17T05:48:50,sandwich,15,10,0.05,cosine,15,0.1,euclidean,10,,eom,euclidean,42,2,0.0,17,366,715
2026-04-17T05:48:50,sandwich,15,10,0.05,cosine,15,0.1,cosine,10,,eom,euclidean,42,2,0.0,17,366,715
2026-04-17T05:48:50,sandwich,15,10,0.05,cosine,15,0.1,euclidean,10,,eom,cosine,42,17,0.2609,11,30,107
2026-04-17T05:48:50,sandwich,15,10,0.05,cosine,15,0.1,cosine,10,,eom,cosine,42,17,0.2609,11,30,107
2026-04-17T05:49:01,sandwich,15,10,0.05,euclidean,15,0.1,euclidean,10,,eom,euclidean,42,2,0.0,17,366,715
2026-04-17T05:49:01,sandwich,15,10,0.05,euclidean,15,0.1,cosine,10,,eom,euclidean,42,2,0.0,17,366,715
2026-04-17T05:49:01,sandwich,15,10,0.05,euclidean,15,0.1,euclidean,10,,eom,cosine,42,14,0.2404,11,23,228
2026-04-17T05:49:02,sandwich,15,10,0.05,euclidean,15,0.1,cosine,10,,eom,cosine,42,14,0.2404,11,23,228
2026-04-17T05:49:14,sandwich,15,10,0.05,correlation,15,0.1,euclidean,10,,eom,euclidean,42,2,0.0,17,366,715
2026-04-17T05:49:14,sandwich,15,10,0.05,correlation,15,0.1,euclidean,10,,eom,cosine,42,20,0.3142,10,19,62
2026-04-17T05:49:14,sandwich,15,10,0.05,correlation,15,0.1,cosine,10,,eom,euclidean,42,2,0.0,17,366,715
2026-04-17T05:49:14,sandwich,15,10,0.05,correlation,15,0.1,cosine,10,,eom,cosine,42,20,0.3142,10,19,62
2026-04-17T05:49:26,sandwich,15,10,0.05,cosine,15,0.1,euclidean,10,,leaf,euclidean,42,19,0.3156,10,20,83
2026-04-17T05:49:26,sandwich,15,10,0.05,cosine,15,0.1,cosine,10,,leaf,euclidean,42,19,0.3156,10,20,83
2026-04-17T05:49:26,sandwich,15,10,0.05,cosine,15,0.1,euclidean,10,,leaf,cosine,42,21,0.3566,11,19,38
2026-04-17T05:49:26,sandwich,15,10,0.05,cosine,15,0.1,cosine,10,,leaf,cosine,42,21,0.3566,11,19,38
2026-04-17T05:49:38,sandwich,15,10,0.05,euclidean,15,0.1,euclidean,10,,leaf,cosine,42,18,0.4112,11,21,73
2026-04-17T05:49:38,sandwich,15,10,0.05,euclidean,15,0.1,euclidean,10,,leaf,euclidean,42,19,0.3593,11,22,62
2026-04-17T05:49:38,sandwich,15,10,0.05,euclidean,15,0.1,cosine,10,,leaf,euclidean,42,19,0.3593,11,22,62
2026-04-17T05:49:39,sandwich,15,10,0.05,euclidean,15,0.1,cosine,10,,leaf,cosine,42,18,0.4112,11,21,73
2026-04-17T05:49:51,sandwich,15,10,0.05,correlation,15,0.1,cosine,10,,leaf,cosine,42,21,0.362,10,18,41
2026-04-17T05:49:51,sandwich,15,10,0.05,correlation,15,0.1,cosine,10,,leaf,euclidean,42,20,0.3934,10,19,39
2026-04-17T05:49:51,sandwich,15,10,0.05,correlation,15,0.1,euclidean,10,,leaf,euclidean,42,20,0.3934,10,19,39
2026-04-17T05:49:51,sandwich,15,10,0.05,correlation,15,0.1,euclidean,10,,leaf,cosine,42,21,0.362,10,18,41
2026-04-17T05:50:03,sandwich,15,10,0.05,cosine,15,0.1,euclidean,15,,eom,euclidean,42,2,0.0,17,366,715
2026-04-17T05:50:03,sandwich,15,10,0.05,cosine,15,0.1,euclidean,15,,eom,cosine,42,10,0.2295,17,30,226
2026-04-17T05:50:03,sandwich,15,10,0.05,cosine,15,0.1,cosine,15,,eom,euclidean,42,2,0.0,17,366,715
2026-04-17T05:50:03,sandwich,15,10,0.05,cosine,15,0.1,cosine,15,,eom,cosine,42,10,0.2295,17,30,226
2026-04-17T05:50:15,sandwich,15,10,0.05,euclidean,15,0.1,euclidean,15,,eom,cosine,42,9,0.2691,16,25,217
2026-04-17T05:50:15,sandwich,15,10,0.05,euclidean,15,0.1,euclidean,15,,eom,euclidean,42,2,0.0,17,366,715
2026-04-17T05:50:15,sandwich,15,10,0.05,euclidean,15,0.1,cosine,15,,eom,euclidean,42,2,0.0,17,366,715
2026-04-17T05:50:15,sandwich,15,10,0.05,euclidean,15,0.1,cosine,15,,eom,cosine,42,9,0.2691,16,25,217
2026-04-17T05:50:28,sandwich,15,10,0.05,correlation,15,0.1,euclidean,15,,eom,euclidean,42,2,0.0027,17,365,713
2026-04-17T05:50:28,sandwich,15,10,0.05,correlation,15,0.1,cosine,15,,eom,euclidean,42,2,0.0027,17,365,713
2026-04-17T05:50:28,sandwich,15,10,0.05,correlation,15,0.1,euclidean,15,,eom,cosine,42,2,0.0,17,366,715
2026-04-17T05:50:28,sandwich,15,10,0.05,correlation,15,0.1,cosine,15,,eom,cosine,42,2,0.0,17,366,715
2026-04-17T05:50:40,sandwich,15,10,0.05,cosine,15,0.1,cosine,15,,leaf,euclidean,42,13,0.4071,17,28,87
2026-04-17T05:50:40,sandwich,15,10,0.05,cosine,15,0.1,euclidean,15,,leaf,cosine,42,13,0.4057,17,28,80
2026-04-17T05:50:40,sandwich,15,10,0.05,cosine,15,0.1,cosine,15,,leaf,cosine,42,13,0.4057,17,28,80
2026-04-17T05:50:40,sandwich,15,10,0.05,cosine,15,0.1,euclidean,15,,leaf,euclidean,42,13,0.4071,17,28,87
2026-04-17T05:50:52,sandwich,15,10,0.05,euclidean,15,0.1,euclidean,15,,leaf,euclidean,42,15,0.4235,15,23,106
2026-04-17T05:50:52,sandwich,15,10,0.05,euclidean,15,0.1,euclidean,15,,leaf,cosine,42,13,0.4344,16,23,104
2026-04-17T05:50:52,sandwich,15,10,0.05,euclidean,15,0.1,cosine,15,,leaf,cosine,42,13,0.4344,16,23,104
2026-04-17T05:50:52,sandwich,15,10,0.05,euclidean,15,0.1,cosine,15,,leaf,euclidean,42,15,0.4235,15,23,106
2026-04-17T05:51:05,sandwich,15,10,0.05,correlation,15,0.1,euclidean,15,,leaf,euclidean,42,13,0.4112,17,30,70
2026-04-17T05:51:05,sandwich,15,10,0.05,correlation,15,0.1,cosine,15,,leaf,cosine,42,13,0.3921,17,29,77
2026-04-17T05:51:05,sandwich,15,10,0.05,correlation,15,0.1,euclidean,15,,leaf,cosine,42,13,0.3921,17,29,77
2026-04-17T05:51:05,sandwich,15,10,0.05,correlation,15,0.1,cosine,15,,leaf,euclidean,42,13,0.4112,17,30,70
2026-04-17T05:51:17,sandwich,15,10,0.05,cosine,15,0.1,euclidean,25,,eom,cosine,42,5,0.3005,31,93,222
2026-04-17T05:51:17,sandwich,15,10,0.05,cosine,15,0.1,euclidean,25,,eom,euclidean,42,5,0.3197,31,90,211
2026-04-17T05:51:17,sandwich,15,10,0.05,cosine,15,0.1,cosine,25,,eom,euclidean,42,5,0.3197,31,90,211
2026-04-17T05:51:18,sandwich,15,10,0.05,cosine,15,0.1,cosine,25,,eom,cosine,42,5,0.3005,31,93,222
2026-04-17T05:51:29,sandwich,15,10,0.05,euclidean,15,0.1,euclidean,25,,eom,cosine,42,5,0.3839,35,68,201
2026-04-17T05:51:29,sandwich,15,10,0.05,euclidean,15,0.1,euclidean,25,,eom,euclidean,42,5,0.3907,34,72,196
2026-04-17T05:51:29,sandwich,15,10,0.05,euclidean,15,0.1,cosine,25,,eom,cosine,42,5,0.3839,35,68,201
2026-04-17T05:51:29,sandwich,15,10,0.05,euclidean,15,0.1,cosine,25,,eom,euclidean,42,5,0.3907,34,72,196
2026-04-17T05:51:42,sandwich,15,10,0.05,correlation,15,0.1,cosine,25,,eom,euclidean,42,5,0.321,33,88,213
2026-04-17T05:51:42,sandwich,15,10,0.05,correlation,15,0.1,cosine,25,,eom,cosine,42,5,0.3456,31,87,213
2026-04-17T05:51:42,sandwich,15,10,0.05,correlation,15,0.1,euclidean,25,,eom,euclidean,42,5,0.321,33,88,213
2026-04-17T05:51:42,sandwich,15,10,0.05,correlation,15,0.1,euclidean,25,,eom,cosine,42,5,0.3456,31,87,213
2026-04-17T05:51:54,sandwich,15,10,0.05,cosine,15,0.1,cosine,25,,leaf,euclidean,42,6,0.4604,31,57,107
2026-04-17T05:51:54,sandwich,15,10,0.05,cosine,15,0.1,euclidean,25,,leaf,euclidean,42,6,0.4604,31,57,107
2026-04-17T05:51:55,sandwich,15,10,0.05,cosine,15,0.1,cosine,25,,leaf,cosine,42,6,0.4413,31,60,106
2026-04-17T05:51:55,sandwich,15,10,0.05,cosine,15,0.1,euclidean,25,,leaf,cosine,42,6,0.4413,31,60,106
2026-04-17T05:52:06,sandwich,15,10,0.05,euclidean,15,0.1,euclidean,25,,leaf,cosine,42,5,0.3839,35,68,201
2026-04-17T05:52:06,sandwich,15,10,0.05,euclidean,15,0.1,euclidean,25,,leaf,euclidean,42,6,0.5205,34,61,76
2026-04-17T05:52:06,sandwich,15,10,0.05,euclidean,15,0.1,cosine,25,,leaf,euclidean,42,6,0.5205,34,61,76
2026-04-17T05:52:06,sandwich,15,10,0.05,euclidean,15,0.1,cosine,25,,leaf,cosine,42,5,0.3839,35,68,201
2026-04-17T05:52:19,sandwich,15,10,0.05,correlation,15,0.1,euclidean,25,,leaf,euclidean,42,6,0.4413,33,62,105
2026-04-17T05:52:19,sandwich,15,10,0.05,correlation,15,0.1,euclidean,25,,leaf,cosine,42,6,0.4768,31,63,90
2026-04-17T05:52:19,sandwich,15,10,0.05,correlation,15,0.1,cosine,25,,leaf,euclidean,42,6,0.4413,33,62,105
2026-04-17T05:52:19,sandwich,15,10,0.05,correlation,15,0.1,cosine,25,,leaf,cosine,42,6,0.4768,31,63,90
2026-04-17T05:52:31,sandwich,15,15,0.0,cosine,15,0.1,euclidean,10,,eom,euclidean,42,16,0.2036,10,21,238
2026-04-17T05:52:31,sandwich,15,15,0.0,cosine,15,0.1,cosine,10,,eom,cosine,42,15,0.1762,10,21,231
2026-04-17T05:52:31,sandwich,15,15,0.0,cosine,15,0.1,cosine,10,,eom,euclidean,42,16,0.2036,10,21,238
2026-04-17T05:52:31,sandwich,15,15,0.0,cosine,15,0.1,euclidean,10,,eom,cosine,42,15,0.1762,10,21,231
2026-04-17T05:52:43,sandwich,15,15,0.0,euclidean,15,0.1,euclidean,10,,eom,euclidean,42,2,0.0,17,366,715
2026-04-17T05:52:43,sandwich,15,15,0.0,euclidean,15,0.1,euclidean,10,,eom,cosine,42,14,0.2418,11,24,232
2026-04-17T05:52:43,sandwich,15,15,0.0,euclidean,15,0.1,cosine,10,,eom,euclidean,42,2,0.0,17,366,715
2026-04-17T05:52:43,sandwich,15,15,0.0,euclidean,15,0.1,cosine,10,,eom,cosine,42,14,0.2418,11,24,232
2026-04-17T05:52:56,sandwich,15,15,0.0,correlation,15,0.1,cosine,10,,eom,euclidean,42,2,0.0,17,366,715
2026-04-17T05:52:56,sandwich,15,15,0.0,correlation,15,0.1,euclidean,10,,eom,euclidean,42,2,0.0,17,366,715
2026-04-17T05:52:56,sandwich,15,15,0.0,correlation,15,0.1,euclidean,10,,eom,cosine,42,15,0.2131,10,22,239
2026-04-17T05:52:56,sandwich,15,15,0.0,correlation,15,0.1,cosine,10,,eom,cosine,42,15,0.2131,10,22,239
2026-04-17T05:53:08,sandwich,15,15,0.0,cosine,15,0.1,euclidean,10,,leaf,euclidean,42,20,0.3443,10,21,48
2026-04-17T05:53:08,sandwich,15,15,0.0,cosine,15,0.1,euclidean,10,,leaf,cosine,42,19,0.3251,10,21,76
2026-04-17T05:53:08,sandwich,15,15,0.0,cosine,15,0.1,cosine,10,,leaf,cosine,42,19,0.3251,10,21,76
2026-04-17T05:53:08,sandwich,15,15,0.0,cosine,15,0.1,cosine,10,,leaf,euclidean,42,20,0.3443,10,21,48
2026-04-17T05:53:20,sandwich,15,15,0.0,euclidean,15,0.1,euclidean,10,,leaf,cosine,42,20,0.3934,11,18,56
2026-04-17T05:53:20,sandwich,15,15,0.0,euclidean,15,0.1,euclidean,10,,leaf,euclidean,42,20,0.3893,11,18,61
2026-04-17T05:53:20,sandwich,15,15,0.0,euclidean,15,0.1,cosine,10,,leaf,euclidean,42,20,0.3893,11,18,61
2026-04-17T05:53:21,sandwich,15,15,0.0,euclidean,15,0.1,cosine,10,,leaf,cosine,42,20,0.3934,11,18,56
2026-04-17T05:53:33,sandwich,15,15,0.0,correlation,15,0.1,euclidean,10,,leaf,euclidean,42,19,0.3415,10,22,60
2026-04-17T05:53:33,sandwich,15,15,0.0,correlation,15,0.1,euclidean,10,,leaf,cosine,42,20,0.3484,10,20,59
2026-04-17T05:53:33,sandwich,15,15,0.0,correlation,15,0.1,cosine,10,,leaf,euclidean,42,19,0.3415,10,22,60
2026-04-17T05:53:33,sandwich,15,15,0.0,correlation,15,0.1,cosine,10,,leaf,cosine,42,20,0.3484,10,20,59
2026-04-17T05:53:45,sandwich,15,15,0.0,cosine,15,0.1,euclidean,15,,eom,euclidean,42,2,0.0,17,366,715
2026-04-17T05:53:45,sandwich,15,15,0.0,cosine,15,0.1,cosine,15,,eom,euclidean,42,2,0.0,17,366,715
2026-04-17T05:53:45,sandwich,15,15,0.0,cosine,15,0.1,euclidean,15,,eom,cosine,42,10,0.2186,17,34,228
2026-04-17T05:53:46,sandwich,15,15,0.0,cosine,15,0.1,cosine,15,,eom,cosine,42,10,0.2186,17,34,228
2026-04-17T05:53:57,sandwich,15,15,0.0,euclidean,15,0.1,euclidean,15,,eom,euclidean,42,2,0.0,17,366,715
2026-04-17T05:53:58,sandwich,15,15,0.0,euclidean,15,0.1,cosine,15,,eom,euclidean,42,2,0.0,17,366,715
2026-04-17T05:53:58,sandwich,15,15,0.0,euclidean,15,0.1,cosine,15,,eom,cosine,42,2,0.0,17,366,715
2026-04-17T05:53:58,sandwich,15,15,0.0,euclidean,15,0.1,euclidean,15,,eom,cosine,42,2,0.0,17,366,715
2026-04-17T05:54:10,sandwich,15,15,0.0,correlation,15,0.1,cosine,15,,eom,euclidean,42,2,0.0,17,366,715
2026-04-17T05:54:10,sandwich,15,15,0.0,correlation,15,0.1,euclidean,15,,eom,euclidean,42,2,0.0,17,366,715
2026-04-17T05:54:10,sandwich,15,15,0.0,correlation,15,0.1,euclidean,15,,eom,cosine,42,11,0.3224,17,26,230
2026-04-17T05:54:10,sandwich,15,15,0.0,correlation,15,0.1,cosine,15,,eom,cosine,42,11,0.3224,17,26,230
2026-04-17T05:54:23,sandwich,15,15,0.0,cosine,15,0.1,euclidean,15,,leaf,euclidean,42,13,0.4645,16,25,60
2026-04-17T05:54:23,sandwich,15,15,0.0,cosine,15,0.1,cosine,15,,leaf,euclidean,42,13,0.4645,16,25,60
2026-04-17T05:54:23,sandwich,15,15,0.0,cosine,15,0.1,cosine,15,,leaf,cosine,42,13,0.4672,17,29,59
2026-04-17T05:54:23,sandwich,15,15,0.0,cosine,15,0.1,euclidean,15,,leaf,cosine,42,13,0.4672,17,29,59
2026-04-17T05:54:35,sandwich,15,15,0.0,euclidean,15,0.1,euclidean,15,,leaf,euclidean,42,14,0.5068,15,22,53
2026-04-17T05:54:35,sandwich,15,15,0.0,euclidean,15,0.1,euclidean,15,,leaf,cosine,42,13,0.5437,17,24,48
2026-04-17T05:54:35,sandwich,15,15,0.0,euclidean,15,0.1,cosine,15,,leaf,euclidean,42,14,0.5068,15,22,53
2026-04-17T05:54:35,sandwich,15,15,0.0,euclidean,15,0.1,cosine,15,,leaf,cosine,42,13,0.5437,17,24,48
2026-04-17T05:54:47,sandwich,15,15,0.0,correlation,15,0.1,euclidean,15,,leaf,euclidean,42,13,0.4809,16,26,59
2026-04-17T05:54:47,sandwich,15,15,0.0,correlation,15,0.1,cosine,15,,leaf,cosine,42,13,0.4563,17,26,72
2026-04-17T05:54:47,sandwich,15,15,0.0,correlation,15,0.1,cosine,15,,leaf,euclidean,42,13,0.4809,16,26,59
2026-04-17T05:54:47,sandwich,15,15,0.0,correlation,15,0.1,euclidean,15,,leaf,cosine,42,13,0.4563,17,26,72
2026-04-17T05:55:00,sandwich,15,15,0.0,cosine,15,0.1,euclidean,25,,eom,euclidean,42,5,0.2992,34,91,228
2026-04-17T05:55:00,sandwich,15,15,0.0,cosine,15,0.1,cosine,25,,eom,euclidean,42,5,0.2992,34,91,228
2026-04-17T05:55:00,sandwich,15,15,0.0,cosine,15,0.1,euclidean,25,,eom,cosine,42,5,0.3019,38,88,226
2026-04-17T05:55:00,sandwich,15,15,0.0,cosine,15,0.1,cosine,25,,eom,cosine,42,5,0.3019,38,88,226
2026-04-17T05:55:12,sandwich,15,15,0.0,euclidean,15,0.1,cosine,25,,eom,euclidean,42,5,0.3497,30,86,196
2026-04-17T05:55:12,sandwich,15,15,0.0,euclidean,15,0.1,euclidean,25,,eom,euclidean,42,5,0.3497,30,86,196
2026-04-17T05:55:12,sandwich,15,15,0.0,euclidean,15,0.1,euclidean,25,,eom,cosine,42,5,0.3415,30,85,198
2026-04-17T05:55:12,sandwich,15,15,0.0,euclidean,15,0.1,cosine,25,,eom,cosine,42,5,0.3415,30,85,198
2026-04-17T05:55:25,sandwich,15,15,0.0,correlation,15,0.1,euclidean,25,,eom,euclidean,42,4,0.2801,34,133,226
2026-04-17T05:55:25,sandwich,15,15,0.0,correlation,15,0.1,cosine,25,,eom,euclidean,42,4,0.2801,34,133,226
2026-04-17T05:55:25,sandwich,15,15,0.0,correlation,15,0.1,cosine,25,,eom,cosine,42,5,0.3361,34,85,222
2026-04-17T05:55:25,sandwich,15,15,0.0,correlation,15,0.1,euclidean,25,,eom,cosine,42,5,0.3361,34,85,222
2026-04-17T05:55:37,sandwich,15,15,0.0,cosine,15,0.1,euclidean,25,,leaf,euclidean,42,6,0.4986,34,49,108
2026-04-17T05:55:37,sandwich,15,15,0.0,cosine,15,0.1,cosine,25,,leaf,euclidean,42,6,0.4986,34,49,108
2026-04-17T05:55:37,sandwich,15,15,0.0,cosine,15,0.1,euclidean,25,,leaf,cosine,42,5,0.3019,38,88,226
2026-04-17T05:55:38,sandwich,15,15,0.0,cosine,15,0.1,cosine,25,,leaf,cosine,42,5,0.3019,38,88,226
2026-04-17T05:55:49,sandwich,15,15,0.0,euclidean,15,0.1,cosine,25,,leaf,euclidean,42,5,0.3497,30,86,196
2026-04-17T05:55:49,sandwich,15,15,0.0,euclidean,15,0.1,euclidean,25,,leaf,euclidean,42,5,0.3497,30,86,196
2026-04-17T05:55:49,sandwich,15,15,0.0,euclidean,15,0.1,euclidean,25,,leaf,cosine,42,5,0.3415,30,85,198
2026-04-17T05:55:49,sandwich,15,15,0.0,euclidean,15,0.1,cosine,25,,leaf,cosine,42,5,0.3415,30,85,198
2026-04-17T05:56:02,sandwich,15,15,0.0,correlation,15,0.1,euclidean,25,,leaf,euclidean,42,6,0.5137,34,50,98
2026-04-17T05:56:02,sandwich,15,15,0.0,correlation,15,0.1,euclidean,25,,leaf,cosine,42,6,0.4945,34,57,96
2026-04-17T05:56:02,sandwich,15,15,0.0,correlation,15,0.1,cosine,25,,leaf,euclidean,42,6,0.5137,34,50,98
2026-04-17T05:56:02,sandwich,15,15,0.0,correlation,15,0.1,cosine,25,,leaf,cosine,42,6,0.4945,34,57,96
2026-04-17T05:56:14,sandwich,15,15,0.05,cosine,15,0.1,euclidean,10,,eom,euclidean,42,13,0.1899,12,22,228
2026-04-17T05:56:14,sandwich,15,15,0.05,cosine,15,0.1,cosine,10,,eom,euclidean,42,13,0.1899,12,22,228
2026-04-17T05:56:14,sandwich,15,15,0.05,cosine,15,0.1,cosine,10,,eom,cosine,42,14,0.2432,12,22,228
2026-04-17T05:56:14,sandwich,15,15,0.05,cosine,15,0.1,euclidean,10,,eom,cosine,42,14,0.2432,12,22,228
2026-04-17T05:56:26,sandwich,15,15,0.05,euclidean,15,0.1,euclidean,10,,eom,euclidean,42,2,0.0,17,366,715
2026-04-17T05:56:26,sandwich,15,15,0.05,euclidean,15,0.1,cosine,10,,eom,euclidean,42,2,0.0,17,366,715
2026-04-17T05:56:26,sandwich,15,15,0.05,euclidean,15,0.1,euclidean,10,,eom,cosine,42,14,0.265,11,24,218
2026-04-17T05:56:27,sandwich,15,15,0.05,euclidean,15,0.1,cosine,10,,eom,cosine,42,14,0.265,11,24,218
2026-04-17T05:56:39,sandwich,15,15,0.05,correlation,15,0.1,euclidean,10,,eom,euclidean,42,2,0.0,17,366,715
2026-04-17T05:56:39,sandwich,15,15,0.05,correlation,15,0.1,cosine,10,,eom,euclidean,42,2,0.0,17,366,715
2026-04-17T05:56:40,sandwich,15,15,0.05,correlation,15,0.1,euclidean,10,,eom,cosine,42,13,0.2322,13,27,226
2026-04-17T05:56:40,sandwich,15,15,0.05,correlation,15,0.1,cosine,10,,eom,cosine,42,13,0.2322,13,27,226
2026-04-17T05:56:51,sandwich,15,15,0.05,cosine,15,0.1,cosine,10,,leaf,euclidean,42,19,0.3743,11,21,65
2026-04-17T05:56:51,sandwich,15,15,0.05,cosine,15,0.1,cosine,10,,leaf,cosine,42,19,0.4044,10,20,59
2026-04-17T05:56:51,sandwich,15,15,0.05,cosine,15,0.1,euclidean,10,,leaf,euclidean,42,19,0.3743,11,21,65
2026-04-17T05:56:51,sandwich,15,15,0.05,cosine,15,0.1,euclidean,10,,leaf,cosine,42,19,0.4044,10,20,59
2026-04-17T05:57:03,sandwich,15,15,0.05,euclidean,15,0.1,euclidean,10,,leaf,euclidean,42,18,0.4399,11,19,57
2026-04-17T05:57:03,sandwich,15,15,0.05,euclidean,15,0.1,euclidean,10,,leaf,cosine,42,18,0.4317,11,20,57
2026-04-17T05:57:04,sandwich,15,15,0.05,euclidean,15,0.1,cosine,10,,leaf,cosine,42,18,0.4317,11,20,57
2026-04-17T05:57:04,sandwich,15,15,0.05,euclidean,15,0.1,cosine,10,,leaf,euclidean,42,18,0.4399,11,19,57
2026-04-17T05:57:16,sandwich,15,15,0.05,correlation,15,0.1,euclidean,10,,leaf,euclidean,42,18,0.3866,10,21,63
2026-04-17T05:57:16,sandwich,15,15,0.05,correlation,15,0.1,euclidean,10,,leaf,cosine,42,17,0.3784,13,23,76
2026-04-17T05:57:17,sandwich,15,15,0.05,correlation,15,0.1,cosine,10,,leaf,euclidean,42,18,0.3866,10,21,63
2026-04-17T05:57:17,sandwich,15,15,0.05,correlation,15,0.1,cosine,10,,leaf,cosine,42,17,0.3784,13,23,76
2026-04-17T05:57:28,sandwich,15,15,0.05,cosine,15,0.1,euclidean,15,,eom,euclidean,42,2,0.0014,17,365,714
2026-04-17T05:57:29,sandwich,15,15,0.05,cosine,15,0.1,euclidean,15,,eom,cosine,42,9,0.2281,16,33,221
2026-04-17T05:57:29,sandwich,15,15,0.05,cosine,15,0.1,cosine,15,,eom,cosine,42,9,0.2281,16,33,221
2026-04-17T05:57:29,sandwich,15,15,0.05,cosine,15,0.1,cosine,15,,eom,euclidean,42,2,0.0014,17,365,714
2026-04-17T05:57:41,sandwich,15,15,0.05,euclidean,15,0.1,euclidean,15,,eom,euclidean,42,2,0.0,17,366,715
2026-04-17T05:57:41,sandwich,15,15,0.05,euclidean,15,0.1,cosine,15,,eom,euclidean,42,2,0.0,17,366,715
2026-04-17T05:57:41,sandwich,15,15,0.05,euclidean,15,0.1,cosine,15,,eom,cosine,42,2,0.0,17,366,715
2026-04-17T05:57:41,sandwich,15,15,0.05,euclidean,15,0.1,euclidean,15,,eom,cosine,42,2,0.0,17,366,715
2026-04-17T05:57:53,sandwich,15,15,0.05,correlation,15,0.1,cosine,15,,eom,euclidean,42,2,0.0,17,366,715
2026-04-17T05:57:53,sandwich,15,15,0.05,correlation,15,0.1,cosine,15,,eom,cosine,42,2,0.0,17,366,715
2026-04-17T05:57:53,sandwich,15,15,0.05,correlation,15,0.1,euclidean,15,,eom,euclidean,42,2,0.0,17,366,715
2026-04-17T05:57:53,sandwich,15,15,0.05,correlation,15,0.1,euclidean,15,,eom,cosine,42,2,0.0,17,366,715
2026-04-17T05:58:06,sandwich,15,15,0.05,cosine,15,0.1,euclidean,15,,leaf,euclidean,42,13,0.5055,16,24,60
2026-04-17T05:58:06,sandwich,15,15,0.05,cosine,15,0.1,cosine,15,,leaf,cosine,42,14,0.5342,15,22,51
2026-04-17T05:58:06,sandwich,15,15,0.05,cosine,15,0.1,cosine,15,,leaf,euclidean,42,13,0.5055,16,24,60
2026-04-17T05:58:06,sandwich,15,15,0.05,cosine,15,0.1,euclidean,15,,leaf,cosine,42,14,0.5342,15,22,51
2026-04-17T05:58:18,sandwich,15,15,0.05,euclidean,15,0.1,euclidean,15,,leaf,euclidean,42,14,0.5273,15,21,48
2026-04-17T05:58:18,sandwich,15,15,0.05,euclidean,15,0.1,euclidean,15,,leaf,cosine,42,13,0.5383,16,23,53
2026-04-17T05:58:18,sandwich,15,15,0.05,euclidean,15,0.1,cosine,15,,leaf,euclidean,42,14,0.5273,15,21,48
2026-04-17T05:58:18,sandwich,15,15,0.05,euclidean,15,0.1,cosine,15,,leaf,cosine,42,13,0.5383,16,23,53
2026-04-17T05:58:31,sandwich,15,15,0.05,correlation,15,0.1,euclidean,15,,leaf,cosine,42,12,0.5205,17,26,52
2026-04-17T05:58:31,sandwich,15,15,0.05,correlation,15,0.1,euclidean,15,,leaf,euclidean,42,12,0.5219,17,26,52
2026-04-17T05:58:31,sandwich,15,15,0.05,correlation,15,0.1,cosine,15,,leaf,euclidean,42,12,0.5219,17,26,52
2026-04-17T05:58:31,sandwich,15,15,0.05,correlation,15,0.1,cosine,15,,leaf,cosine,42,12,0.5205,17,26,52
2026-04-17T05:58:43,sandwich,15,15,0.05,cosine,15,0.1,euclidean,25,,eom,euclidean,42,4,0.2964,34,138,205
2026-04-17T05:58:43,sandwich,15,15,0.05,cosine,15,0.1,cosine,25,,eom,cosine,42,5,0.3675,34,84,193
2026-04-17T05:58:43,sandwich,15,15,0.05,cosine,15,0.1,cosine,25,,eom,euclidean,42,4,0.2964,34,138,205
2026-04-17T05:58:43,sandwich,15,15,0.05,cosine,15,0.1,euclidean,25,,eom,cosine,42,5,0.3675,34,84,193
2026-04-17T05:58:55,sandwich,15,15,0.05,euclidean,15,0.1,euclidean,25,,eom,euclidean,42,5,0.3893,30,80,184
2026-04-17T05:58:55,sandwich,15,15,0.05,euclidean,15,0.1,euclidean,25,,eom,cosine,42,5,0.4057,28,80,180
2026-04-17T05:58:55,sandwich,15,15,0.05,euclidean,15,0.1,cosine,25,,eom,cosine,42,5,0.4057,28,80,180
2026-04-17T05:58:56,sandwich,15,15,0.05,euclidean,15,0.1,cosine,25,,eom,euclidean,42,5,0.3893,30,80,184
2026-04-17T05:59:08,sandwich,15,15,0.05,correlation,15,0.1,cosine,25,,eom,cosine,42,4,0.3101,30,128,218
2026-04-17T05:59:08,sandwich,15,15,0.05,correlation,15,0.1,cosine,25,,eom,euclidean,42,4,0.3142,30,127,218
2026-04-17T05:59:08,sandwich,15,15,0.05,correlation,15,0.1,euclidean,25,,eom,cosine,42,4,0.3101,30,128,218
2026-04-17T05:59:08,sandwich,15,15,0.05,correlation,15,0.1,euclidean,25,,eom,euclidean,42,4,0.3142,30,127,218
2026-04-17T05:59:21,sandwich,15,15,0.05,cosine,15,0.1,euclidean,25,,leaf,euclidean,42,6,0.5342,29,42,111
2026-04-17T05:59:21,sandwich,15,15,0.05,cosine,15,0.1,euclidean,25,,leaf,cosine,42,6,0.5383,27,43,106
2026-04-17T05:59:21,sandwich,15,15,0.05,cosine,15,0.1,cosine,25,,leaf,euclidean,42,6,0.5342,29,42,111
2026-04-17T05:59:21,sandwich,15,15,0.05,cosine,15,0.1,cosine,25,,leaf,cosine,42,6,0.5383,27,43,106
2026-04-17T05:59:32,sandwich,15,15,0.05,euclidean,15,0.1,euclidean,25,,leaf,euclidean,42,5,0.3893,30,80,184
2026-04-17T05:59:32,sandwich,15,15,0.05,euclidean,15,0.1,euclidean,25,,leaf,cosine,42,5,0.4057,28,80,180
2026-04-17T05:59:33,sandwich,15,15,0.05,euclidean,15,0.1,cosine,25,,leaf,cosine,42,5,0.4057,28,80,180
2026-04-17T05:59:33,sandwich,15,15,0.05,euclidean,15,0.1,cosine,25,,leaf,euclidean,42,5,0.3893,30,80,184
2026-04-17T05:59:45,sandwich,15,15,0.05,correlation,15,0.1,euclidean,25,,leaf,euclidean,42,6,0.5628,30,43,92
2026-04-17T05:59:45,sandwich,15,15,0.05,correlation,15,0.1,euclidean,25,,leaf,cosine,42,6,0.5683,29,42,93
2026-04-17T05:59:46,sandwich,15,15,0.05,correlation,15,0.1,cosine,25,,leaf,euclidean,42,6,0.5628,30,43,92
2026-04-17T05:59:46,sandwich,15,15,0.05,correlation,15,0.1,cosine,25,,leaf,cosine,42,6,0.5683,29,42,93
2026-04-17T05:59:58,sandwich,15,30,0.0,cosine,15,0.1,cosine,10,,eom,euclidean,42,2,0.0,17,366,715
2026-04-17T05:59:58,sandwich,15,30,0.0,cosine,15,0.1,cosine,10,,eom,cosine,42,14,0.235,12,24,246
2026-04-17T05:59:59,sandwich,15,30,0.0,cosine,15,0.1,euclidean,10,,eom,euclidean,42,2,0.0,17,366,715
2026-04-17T05:59:59,sandwich,15,30,0.0,cosine,15,0.1,euclidean,10,,eom,cosine,42,14,0.235,12,24,246
2026-04-17T06:00:11,sandwich,15,30,0.0,euclidean,15,0.1,cosine,10,,eom,euclidean,42,2,0.0,17,366,715
2026-04-17T06:00:11,sandwich,15,30,0.0,euclidean,15,0.1,euclidean,10,,eom,euclidean,42,2,0.0,17,366,715
2026-04-17T06:00:10,sandwich,15,30,0.0,euclidean,15,0.1,cosine,10,,eom,cosine,42,2,0.0,17,366,715
2026-04-17T06:00:10,sandwich,15,30,0.0,euclidean,15,0.1,euclidean,10,,eom,cosine,42,2,0.0,17,366,715
2026-04-17T06:00:23,sandwich,15,30,0.0,correlation,15,0.1,euclidean,10,,eom,euclidean,42,2,0.0,17,366,715
2026-04-17T06:00:23,sandwich,15,30,0.0,correlation,15,0.1,cosine,10,,eom,euclidean,42,2,0.0,17,366,715
2026-04-17T06:00:23,sandwich,15,30,0.0,correlation,15,0.1,euclidean,10,,eom,cosine,42,14,0.276,11,24,224
2026-04-17T06:00:23,sandwich,15,30,0.0,correlation,15,0.1,cosine,10,,eom,cosine,42,14,0.276,11,24,224
2026-04-17T06:00:36,sandwich,15,30,0.0,cosine,15,0.1,euclidean,10,,leaf,euclidean,42,20,0.4098,10,19,43
2026-04-17T06:00:36,sandwich,15,30,0.0,cosine,15,0.1,euclidean,10,,leaf,cosine,42,18,0.4208,12,19,44
2026-04-17T06:00:36,sandwich,15,30,0.0,cosine,15,0.1,cosine,10,,leaf,euclidean,42,20,0.4098,10,19,43
2026-04-17T06:00:36,sandwich,15,30,0.0,cosine,15,0.1,cosine,10,,leaf,cosine,42,18,0.4208,12,19,44
2026-04-17T06:00:47,sandwich,15,30,0.0,euclidean,15,0.1,euclidean,10,,leaf,euclidean,42,16,0.4795,10,20,73
2026-04-17T06:00:47,sandwich,15,30,0.0,euclidean,15,0.1,euclidean,10,,leaf,cosine,42,17,0.5096,10,18,47
2026-04-17T06:00:47,sandwich,15,30,0.0,euclidean,15,0.1,cosine,10,,leaf,euclidean,42,16,0.4795,10,20,73
2026-04-17T06:00:48,sandwich,15,30,0.0,euclidean,15,0.1,cosine,10,,leaf,cosine,42,17,0.5096,10,18,47
2026-04-17T06:01:01,sandwich,15,30,0.0,correlation,15,0.1,euclidean,10,,leaf,euclidean,42,18,0.4057,11,23,44
2026-04-17T06:01:01,sandwich,15,30,0.0,correlation,15,0.1,euclidean,10,,leaf,cosine,42,18,0.4126,11,24,42
2026-04-17T06:01:01,sandwich,15,30,0.0,correlation,15,0.1,cosine,10,,leaf,euclidean,42,18,0.4057,11,23,44
2026-04-17T06:01:01,sandwich,15,30,0.0,correlation,15,0.1,cosine,10,,leaf,cosine,42,18,0.4126,11,24,42
2026-04-17T06:01:13,sandwich,15,30,0.0,cosine,15,0.1,euclidean,15,,eom,euclidean,42,2,0.0,17,366,715
2026-04-17T06:01:13,sandwich,15,30,0.0,cosine,15,0.1,cosine,15,,eom,euclidean,42,2,0.0,17,366,715
2026-04-17T06:01:13,sandwich,15,30,0.0,cosine,15,0.1,euclidean,15,,eom,cosine,42,7,0.2527,17,55,241
2026-04-17T06:01:14,sandwich,15,30,0.0,cosine,15,0.1,cosine,15,,eom,cosine,42,7,0.2527,17,55,241
2026-04-17T06:01:25,sandwich,15,30,0.0,euclidean,15,0.1,euclidean,15,,eom,cosine,42,2,0.0,17,366,715
2026-04-17T06:01:25,sandwich,15,30,0.0,euclidean,15,0.1,euclidean,15,,eom,euclidean,42,2,0.0,17,366,715
2026-04-17T06:01:25,sandwich,15,30,0.0,euclidean,15,0.1,cosine,15,,eom,euclidean,42,2,0.0,17,366,715
2026-04-17T06:01:26,sandwich,15,30,0.0,euclidean,15,0.1,cosine,15,,eom,cosine,42,2,0.0,17,366,715
2026-04-17T06:01:38,sandwich,15,30,0.0,correlation,15,0.1,euclidean,15,,eom,euclidean,42,2,0.0,17,366,715
2026-04-17T06:01:39,sandwich,15,30,0.0,correlation,15,0.1,euclidean,15,,eom,cosine,42,8,0.2582,16,42,228
2026-04-17T06:01:39,sandwich,15,30,0.0,correlation,15,0.1,cosine,15,,eom,euclidean,42,2,0.0,17,366,715
2026-04-17T06:01:39,sandwich,15,30,0.0,correlation,15,0.1,cosine,15,,eom,cosine,42,8,0.2582,16,42,228
2026-04-17T06:01:51,sandwich,15,30,0.0,cosine,15,0.1,cosine,15,,leaf,euclidean,42,10,0.5464,17,26,66
2026-04-17T06:01:51,sandwich,15,30,0.0,cosine,15,0.1,euclidean,15,,leaf,euclidean,42,10,0.5464,17,26,66
2026-04-17T06:01:51,sandwich,15,30,0.0,cosine,15,0.1,euclidean,15,,leaf,cosine,42,10,0.5519,17,25,68
2026-04-17T06:01:51,sandwich,15,30,0.0,cosine,15,0.1,cosine,15,,leaf,cosine,42,10,0.5519,17,25,68
2026-04-17T06:02:03,sandwich,15,30,0.0,euclidean,15,0.1,cosine,15,,leaf,euclidean,42,11,0.582,15,20,70
2026-04-17T06:02:03,sandwich,15,30,0.0,euclidean,15,0.1,euclidean,15,,leaf,euclidean,42,11,0.582,15,20,70
2026-04-17T06:02:03,sandwich,15,30,0.0,euclidean,15,0.1,euclidean,15,,leaf,cosine,42,10,0.4904,16,23,92
2026-04-17T06:02:03,sandwich,15,30,0.0,euclidean,15,0.1,cosine,15,,leaf,cosine,42,10,0.4904,16,23,92
2026-04-17T06:02:16,sandwich,15,30,0.0,correlation,15,0.1,euclidean,15,,leaf,euclidean,42,10,0.4658,16,30,85
2026-04-17T06:02:16,sandwich,15,30,0.0,correlation,15,0.1,cosine,15,,leaf,euclidean,42,10,0.4658,16,30,85
2026-04-17T06:02:16,sandwich,15,30,0.0,correlation,15,0.1,cosine,15,,leaf,cosine,42,10,0.4577,16,31,83
2026-04-17T06:02:16,sandwich,15,30,0.0,correlation,15,0.1,euclidean,15,,leaf,cosine,42,10,0.4577,16,31,83
2026-04-17T06:02:29,sandwich,15,30,0.0,cosine,15,0.1,cosine,25,,eom,euclidean,42,4,0.2609,44,134,228
2026-04-17T06:02:29,sandwich,15,30,0.0,cosine,15,0.1,euclidean,25,,eom,euclidean,42,4,0.2609,44,134,228
2026-04-17T06:02:29,sandwich,15,30,0.0,cosine,15,0.1,cosine,25,,eom,cosine,42,4,0.2486,46,137,229
2026-04-17T06:02:29,sandwich,15,30,0.0,cosine,15,0.1,euclidean,25,,eom,cosine,42,4,0.2486,46,137,229
2026-04-17T06:02:40,sandwich,15,30,0.0,euclidean,15,0.1,euclidean,25,,eom,cosine,42,5,0.4112,32,82,171
2026-04-17T06:02:41,sandwich,15,30,0.0,euclidean,15,0.1,cosine,25,,eom,cosine,42,5,0.4112,32,82,171
2026-04-17T06:02:41,sandwich,15,30,0.0,euclidean,15,0.1,euclidean,25,,eom,euclidean,42,5,0.3934,33,82,180
2026-04-17T06:02:41,sandwich,15,30,0.0,euclidean,15,0.1,cosine,25,,eom,euclidean,42,5,0.3934,33,82,180
2026-04-17T06:02:54,sandwich,15,30,0.0,correlation,15,0.1,euclidean,25,,eom,euclidean,42,5,0.3388,36,81,226
2026-04-17T06:02:54,sandwich,15,30,0.0,correlation,15,0.1,euclidean,25,,eom,cosine,42,5,0.3552,35,81,219
2026-04-17T06:02:54,sandwich,15,30,0.0,correlation,15,0.1,cosine,25,,eom,cosine,42,5,0.3552,35,81,219
2026-04-17T06:02:54,sandwich,15,30,0.0,correlation,15,0.1,cosine,25,,eom,euclidean,42,5,0.3388,36,81,226
2026-04-17T06:03:06,sandwich,15,30,0.0,cosine,15,0.1,cosine,25,,leaf,euclidean,42,6,0.515,36,52,96
2026-04-17T06:03:06,sandwich,15,30,0.0,cosine,15,0.1,euclidean,25,,leaf,cosine,42,5,0.3306,44,74,229
2026-04-17T06:03:06,sandwich,15,30,0.0,cosine,15,0.1,euclidean,25,,leaf,euclidean,42,6,0.515,36,52,96
2026-04-17T06:03:06,sandwich,15,30,0.0,cosine,15,0.1,cosine,25,,leaf,cosine,42,5,0.3306,44,74,229
2026-04-17T06:03:18,sandwich,15,30,0.0,euclidean,15,0.1,euclidean,25,,leaf,euclidean,42,5,0.3934,33,82,180
2026-04-17T06:03:18,sandwich,15,30,0.0,euclidean,15,0.1,euclidean,25,,leaf,cosine,42,5,0.4112,32,82,171
2026-04-17T06:03:19,sandwich,15,30,0.0,euclidean,15,0.1,cosine,25,,leaf,cosine,42,5,0.4112,32,82,171
2026-04-17T06:03:19,sandwich,15,30,0.0,euclidean,15,0.1,cosine,25,,leaf,euclidean,42,5,0.3934,33,82,180
2026-04-17T06:03:32,sandwich,15,30,0.0,correlation,15,0.1,euclidean,25,,leaf,euclidean,42,6,0.541,26,51,90
2026-04-17T06:03:32,sandwich,15,30,0.0,correlation,15,0.1,cosine,25,,leaf,euclidean,42,6,0.541,26,51,90
2026-04-17T06:03:32,sandwich,15,30,0.0,correlation,15,0.1,cosine,25,,leaf,cosine,42,6,0.5287,32,53,91
2026-04-17T06:03:32,sandwich,15,30,0.0,correlation,15,0.1,euclidean,25,,leaf,cosine,42,6,0.5287,32,53,91
2026-04-17T06:03:44,sandwich,15,30,0.05,cosine,15,0.1,euclidean,10,,eom,euclidean,42,2,0.0,17,366,715
2026-04-17T06:03:44,sandwich,15,30,0.05,cosine,15,0.1,euclidean,10,,eom,cosine,42,13,0.3033,12,27,219
2026-04-17T06:03:44,sandwich,15,30,0.05,cosine,15,0.1,cosine,10,,eom,euclidean,42,2,0.0,17,366,715
2026-04-17T06:03:44,sandwich,15,30,0.05,cosine,15,0.1,cosine,10,,eom,cosine,42,13,0.3033,12,27,219
2026-04-17T06:03:56,sandwich,15,30,0.05,euclidean,15,0.1,euclidean,10,,eom,euclidean,42,2,0.0,17,366,715
2026-04-17T06:03:56,sandwich,15,30,0.05,euclidean,15,0.1,euclidean,10,,eom,cosine,42,2,0.0,17,366,715
2026-04-17T06:03:56,sandwich,15,30,0.05,euclidean,15,0.1,cosine,10,,eom,euclidean,42,2,0.0,17,366,715
2026-04-17T06:03:56,sandwich,15,30,0.05,euclidean,15,0.1,cosine,10,,eom,cosine,42,2,0.0,17,366,715
2026-04-17T06:04:09,sandwich,15,30,0.05,correlation,15,0.1,euclidean,10,,eom,euclidean,42,2,0.0027,17,365,713
2026-04-17T06:04:09,sandwich,15,30,0.05,correlation,15,0.1,euclidean,10,,eom,cosine,42,14,0.3197,10,22,222
2026-04-17T06:04:09,sandwich,15,30,0.05,correlation,15,0.1,cosine,10,,eom,cosine,42,14,0.3197,10,22,222
2026-04-17T06:04:09,sandwich,15,30,0.05,correlation,15,0.1,cosine,10,,eom,euclidean,42,2,0.0027,17,365,713
2026-04-17T06:04:22,sandwich,15,30,0.05,cosine,15,0.1,euclidean,10,,leaf,cosine,42,17,0.5,10,20,36
2026-04-17T06:04:22,sandwich,15,30,0.05,cosine,15,0.1,euclidean,10,,leaf,euclidean,42,17,0.4959,12,20,34
2026-04-17T06:04:22,sandwich,15,30,0.05,cosine,15,0.1,cosine,10,,leaf,cosine,42,17,0.5,10,20,36
2026-04-17T06:04:22,sandwich,15,30,0.05,cosine,15,0.1,cosine,10,,leaf,euclidean,42,17,0.4959,12,20,34
2026-04-17T06:04:34,sandwich,15,30,0.05,euclidean,15,0.1,euclidean,10,,leaf,euclidean,42,15,0.5219,12,21,68
2026-04-17T06:04:34,sandwich,15,30,0.05,euclidean,15,0.1,euclidean,10,,leaf,cosine,42,16,0.5656,13,18,32
2026-04-17T06:04:35,sandwich,15,30,0.05,euclidean,15,0.1,cosine,10,,leaf,euclidean,42,15,0.5219,12,21,68
2026-04-17T06:04:35,sandwich,15,30,0.05,euclidean,15,0.1,cosine,10,,leaf,cosine,42,16,0.5656,13,18,32
2026-04-17T06:04:47,sandwich,15,30,0.05,correlation,15,0.1,cosine,10,,leaf,euclidean,42,18,0.4617,10,21,39
2026-04-17T06:04:47,sandwich,15,30,0.05,correlation,15,0.1,euclidean,10,,leaf,cosine,42,16,0.4986,10,20,57
2026-04-17T06:04:47,sandwich,15,30,0.05,correlation,15,0.1,cosine,10,,leaf,cosine,42,16,0.4986,10,20,57
2026-04-17T06:04:47,sandwich,15,30,0.05,correlation,15,0.1,euclidean,10,,leaf,euclidean,42,18,0.4617,10,21,39
2026-04-17T06:05:00,sandwich,15,30,0.05,cosine,15,0.1,euclidean,15,,eom,euclidean,42,2,0.0,17,366,715
2026-04-17T06:05:00,sandwich,15,30,0.05,cosine,15,0.1,cosine,15,,eom,euclidean,42,2,0.0,17,366,715
2026-04-17T06:05:00,sandwich,15,30,0.05,cosine,15,0.1,cosine,15,,eom,cosine,42,6,0.2049,15,57,228
2026-04-17T06:05:00,sandwich,15,30,0.05,cosine,15,0.1,euclidean,15,,eom,cosine,42,6,0.2049,15,57,228
2026-04-17T06:05:11,sandwich,15,30,0.05,euclidean,15,0.1,euclidean,15,,eom,euclidean,42,2,0.0,17,366,715
2026-04-17T06:05:12,sandwich,15,30,0.05,euclidean,15,0.1,euclidean,15,,eom,cosine,42,2,0.0,17,366,715
2026-04-17T06:05:12,sandwich,15,30,0.05,euclidean,15,0.1,cosine,15,,eom,euclidean,42,2,0.0,17,366,715
2026-04-17T06:05:12,sandwich,15,30,0.05,euclidean,15,0.1,cosine,15,,eom,cosine,42,2,0.0,17,366,715
2026-04-17T06:05:25,sandwich,15,30,0.05,correlation,15,0.1,euclidean,15,,eom,euclidean,42,2,0.0137,17,361,705
2026-04-17T06:05:25,sandwich,15,30,0.05,correlation,15,0.1,euclidean,15,,eom,cosine,42,7,0.2896,17,53,211
2026-04-17T06:05:25,sandwich,15,30,0.05,correlation,15,0.1,cosine,15,,eom,cosine,42,7,0.2896,17,53,211
2026-04-17T06:05:25,sandwich,15,30,0.05,correlation,15,0.1,cosine,15,,eom,euclidean,42,2,0.0137,17,361,705
2026-04-17T06:05:37,sandwich,15,30,0.05,cosine,15,0.1,cosine,15,,leaf,euclidean,42,11,0.5765,15,26,63
2026-04-17T06:05:37,sandwich,15,30,0.05,cosine,15,0.1,euclidean,15,,leaf,euclidean,42,11,0.5765,15,26,63
2026-04-17T06:05:38,sandwich,15,30,0.05,cosine,15,0.1,euclidean,15,,leaf,cosine,42,11,0.5587,15,26,64
2026-04-17T06:05:38,sandwich,15,30,0.05,cosine,15,0.1,cosine,15,,leaf,cosine,42,11,0.5587,15,26,64
2026-04-17T06:05:49,sandwich,15,30,0.05,euclidean,15,0.1,euclidean,15,,leaf,euclidean,42,10,0.5492,16,21,69
2026-04-17T06:05:49,sandwich,15,30,0.05,euclidean,15,0.1,euclidean,15,,leaf,cosine,42,9,0.5342,15,23,82
2026-04-17T06:05:49,sandwich,15,30,0.05,euclidean,15,0.1,cosine,15,,leaf,euclidean,42,10,0.5492,16,21,69
2026-04-17T06:05:49,sandwich,15,30,0.05,euclidean,15,0.1,cosine,15,,leaf,cosine,42,9,0.5342,15,23,82
2026-04-17T06:06:02,sandwich,15,30,0.05,correlation,15,0.1,euclidean,15,,leaf,euclidean,42,10,0.5273,15,30,64
2026-04-17T06:06:03,sandwich,15,30,0.05,correlation,15,0.1,euclidean,15,,leaf,cosine,42,9,0.4672,17,38,80
2026-04-17T06:06:03,sandwich,15,30,0.05,correlation,15,0.1,cosine,15,,leaf,cosine,42,9,0.4672,17,38,80
2026-04-17T06:06:03,sandwich,15,30,0.05,correlation,15,0.1,cosine,15,,leaf,euclidean,42,10,0.5273,15,30,64
2026-04-17T06:06:15,sandwich,15,30,0.05,cosine,15,0.1,cosine,25,,eom,euclidean,42,4,0.3005,38,125,223
2026-04-17T06:06:15,sandwich,15,30,0.05,cosine,15,0.1,euclidean,25,,eom,cosine,42,5,0.3566,40,78,214
2026-04-17T06:06:15,sandwich,15,30,0.05,cosine,15,0.1,euclidean,25,,eom,euclidean,42,4,0.3005,38,125,223
2026-04-17T06:06:15,sandwich,15,30,0.05,cosine,15,0.1,cosine,25,,eom,cosine,42,5,0.3566,40,78,214
2026-04-17T06:06:27,sandwich,15,30,0.05,euclidean,15,0.1,euclidean,25,,eom,euclidean,42,5,0.4713,32,66,173
2026-04-17T06:06:27,sandwich,15,30,0.05,euclidean,15,0.1,cosine,25,,eom,euclidean,42,5,0.4713,32,66,173
2026-04-17T06:06:27,sandwich,15,30,0.05,euclidean,15,0.1,cosine,25,,eom,cosine,42,5,0.4617,32,68,176
2026-04-17T06:06:27,sandwich,15,30,0.05,euclidean,15,0.1,euclidean,25,,eom,cosine,42,5,0.4617,32,68,176
2026-04-17T06:06:40,sandwich,15,30,0.05,correlation,15,0.1,cosine,25,,eom,euclidean,42,4,0.3101,35,124,222
2026-04-17T06:06:40,sandwich,15,30,0.05,correlation,15,0.1,euclidean,25,,eom,euclidean,42,4,0.3101,35,124,222
2026-04-17T06:06:41,sandwich,15,30,0.05,correlation,15,0.1,euclidean,25,,eom,cosine,42,5,0.3907,37,78,203
2026-04-17T06:06:41,sandwich,15,30,0.05,correlation,15,0.1,cosine,25,,eom,cosine,42,5,0.3907,37,78,203
2026-04-17T06:06:52,sandwich,15,30,0.05,cosine,15,0.1,euclidean,25,,leaf,euclidean,42,5,0.3579,38,80,223
2026-04-17T06:06:53,sandwich,15,30,0.05,cosine,15,0.1,cosine,25,,leaf,euclidean,42,5,0.3579,38,80,223
2026-04-17T06:06:53,sandwich,15,30,0.05,cosine,15,0.1,cosine,25,,leaf,cosine,42,6,0.541,27,51,88
2026-04-17T06:06:53,sandwich,15,30,0.05,cosine,15,0.1,euclidean,25,,leaf,cosine,42,6,0.541,27,51,88
2026-04-17T06:07:05,sandwich,15,30,0.05,euclidean,15,0.1,euclidean,25,,leaf,euclidean,42,5,0.4713,32,66,173
2026-04-17T06:07:05,sandwich,15,30,0.05,euclidean,15,0.1,euclidean,25,,leaf,cosine,42,5,0.4617,32,68,176
2026-04-17T06:07:05,sandwich,15,30,0.05,euclidean,15,0.1,cosine,25,,leaf,euclidean,42,5,0.4713,32,66,173
2026-04-17T06:07:05,sandwich,15,30,0.05,euclidean,15,0.1,cosine,25,,leaf,cosine,42,5,0.4617,32,68,176
2026-04-17T06:07:18,sandwich,15,30,0.05,correlation,15,0.1,euclidean,25,,leaf,euclidean,42,5,0.3648,35,76,222
2026-04-17T06:07:18,sandwich,15,30,0.05,correlation,15,0.1,cosine,25,,leaf,euclidean,42,5,0.3648,35,76,222
2026-04-17T06:07:18,sandwich,15,30,0.05,correlation,15,0.1,euclidean,25,,leaf,cosine,42,5,0.3907,37,78,203
2026-04-17T06:07:18,sandwich,15,30,0.05,correlation,15,0.1,cosine,25,,leaf,cosine,42,5,0.3907,37,78,203
2026-04-17T06:07:30,sandwich,20,10,0.0,cosine,15,0.1,cosine,10,,eom,euclidean,42,18,0.1872,11,23,115
2026-04-17T06:07:30,sandwich,20,10,0.0,cosine,15,0.1,euclidean,10,,eom,euclidean,42,18,0.1872,11,23,115
2026-04-17T06:07:30,sandwich,20,10,0.0,cosine,15,0.1,cosine,10,,eom,cosine,42,18,0.1995,11,23,114
2026-04-17T06:07:30,sandwich,20,10,0.0,cosine,15,0.1,euclidean,10,,eom,cosine,42,18,0.1995,11,23,114
2026-04-17T06:07:42,sandwich,20,10,0.0,euclidean,15,0.1,euclidean,10,,eom,euclidean,42,21,0.3169,10,20,52
2026-04-17T06:07:42,sandwich,20,10,0.0,euclidean,15,0.1,euclidean,10,,eom,cosine,42,18,0.2541,13,22,106
2026-04-17T06:07:43,sandwich,20,10,0.0,euclidean,15,0.1,cosine,10,,eom,euclidean,42,21,0.3169,10,20,52
2026-04-17T06:07:43,sandwich,20,10,0.0,euclidean,15,0.1,cosine,10,,eom,cosine,42,18,0.2541,13,22,106
2026-04-17T06:07:55,sandwich,20,10,0.0,correlation,15,0.1,euclidean,10,,eom,euclidean,42,16,0.1462,12,20,237
2026-04-17T06:07:55,sandwich,20,10,0.0,correlation,15,0.1,cosine,10,,eom,cosine,42,20,0.2254,12,23,69
2026-04-17T06:07:55,sandwich,20,10,0.0,correlation,15,0.1,cosine,10,,eom,euclidean,42,16,0.1462,12,20,237
2026-04-17T06:07:56,sandwich,20,10,0.0,correlation,15,0.1,euclidean,10,,eom,cosine,42,20,0.2254,12,23,69
2026-04-17T06:08:07,sandwich,20,10,0.0,cosine,15,0.1,euclidean,10,,leaf,euclidean,42,21,0.3361,10,18,57
2026-04-17T06:08:07,sandwich,20,10,0.0,cosine,15,0.1,cosine,10,,leaf,euclidean,42,21,0.3361,10,18,57
2026-04-17T06:08:07,sandwich,20,10,0.0,cosine,15,0.1,euclidean,10,,leaf,cosine,42,22,0.3197,11,17,54
2026-04-17T06:08:07,sandwich,20,10,0.0,cosine,15,0.1,cosine,10,,leaf,cosine,42,22,0.3197,11,17,54
2026-04-17T06:08:19,sandwich,20,10,0.0,euclidean,15,0.1,euclidean,10,,leaf,euclidean,42,21,0.3169,10,20,52
2026-04-17T06:08:19,sandwich,20,10,0.0,euclidean,15,0.1,euclidean,10,,leaf,cosine,42,21,0.3101,10,19,72
2026-04-17T06:08:19,sandwich,20,10,0.0,euclidean,15,0.1,cosine,10,,leaf,euclidean,42,21,0.3169,10,20,52
2026-04-17T06:08:20,sandwich,20,10,0.0,euclidean,15,0.1,cosine,10,,leaf,cosine,42,21,0.3101,10,19,72
2026-04-17T06:08:32,sandwich,20,10,0.0,correlation,15,0.1,cosine,10,,leaf,euclidean,42,22,0.2855,12,20,48
2026-04-17T06:08:32,sandwich,20,10,0.0,correlation,15,0.1,euclidean,10,,leaf,cosine,42,21,0.2596,12,22,53
2026-04-17T06:08:32,sandwich,20,10,0.0,correlation,15,0.1,euclidean,10,,leaf,euclidean,42,22,0.2855,12,20,48
2026-04-17T06:08:33,sandwich,20,10,0.0,correlation,15,0.1,cosine,10,,leaf,cosine,42,21,0.2596,12,22,53
2026-04-17T06:08:44,sandwich,20,10,0.0,cosine,15,0.1,cosine,15,,eom,euclidean,42,2,0.0,16,366,716
2026-04-17T06:08:44,sandwich,20,10,0.0,cosine,15,0.1,euclidean,15,,eom,euclidean,42,2,0.0,16,366,716
2026-04-17T06:08:44,sandwich,20,10,0.0,cosine,15,0.1,cosine,15,,eom,cosine,42,14,0.3074,15,29,93
2026-04-17T06:08:44,sandwich,20,10,0.0,cosine,15,0.1,euclidean,15,,eom,cosine,42,14,0.3074,15,29,93
2026-04-17T06:08:56,sandwich,20,10,0.0,euclidean,15,0.1,euclidean,15,,eom,euclidean,42,2,0.0,17,366,715
2026-04-17T06:08:56,sandwich,20,10,0.0,euclidean,15,0.1,euclidean,15,,eom,cosine,42,13,0.2473,16,23,114
2026-04-17T06:08:56,sandwich,20,10,0.0,euclidean,15,0.1,cosine,15,,eom,cosine,42,13,0.2473,16,23,114
2026-04-17T06:08:56,sandwich,20,10,0.0,euclidean,15,0.1,cosine,15,,eom,euclidean,42,2,0.0,17,366,715
2026-04-17T06:09:08,sandwich,20,10,0.0,correlation,15,0.1,euclidean,15,,eom,cosine,42,10,0.2199,17,31,244
2026-04-17T06:09:08,sandwich,20,10,0.0,correlation,15,0.1,euclidean,15,,eom,euclidean,42,2,0.0,17,366,715
2026-04-17T06:09:08,sandwich,20,10,0.0,correlation,15,0.1,cosine,15,,eom,euclidean,42,2,0.0,17,366,715
2026-04-17T06:09:08,sandwich,20,10,0.0,correlation,15,0.1,cosine,15,,eom,cosine,42,10,0.2199,17,31,244
2026-04-17T06:09:21,sandwich,20,10,0.0,cosine,15,0.1,euclidean,15,,leaf,cosine,42,14,0.3074,15,29,93
2026-04-17T06:09:21,sandwich,20,10,0.0,cosine,15,0.1,euclidean,15,,leaf,euclidean,42,13,0.3388,16,29,86
2026-04-17T06:09:21,sandwich,20,10,0.0,cosine,15,0.1,cosine,15,,leaf,cosine,42,14,0.3074,15,29,93
2026-04-17T06:09:21,sandwich,20,10,0.0,cosine,15,0.1,cosine,15,,leaf,euclidean,42,13,0.3388,16,29,86
2026-04-17T06:09:33,sandwich,20,10,0.0,euclidean,15,0.1,euclidean,15,,leaf,euclidean,42,16,0.3798,16,21,83
2026-04-17T06:09:33,sandwich,20,10,0.0,euclidean,15,0.1,euclidean,15,,leaf,cosine,42,15,0.3757,16,22,114
2026-04-17T06:09:33,sandwich,20,10,0.0,euclidean,15,0.1,cosine,15,,leaf,euclidean,42,16,0.3798,16,21,83
2026-04-17T06:09:33,sandwich,20,10,0.0,euclidean,15,0.1,cosine,15,,leaf,cosine,42,15,0.3757,16,22,114
2026-04-17T06:09:45,sandwich,20,10,0.0,correlation,15,0.1,euclidean,15,,leaf,euclidean,42,13,0.3811,17,29,89
2026-04-17T06:09:45,sandwich,20,10,0.0,correlation,15,0.1,cosine,15,,leaf,euclidean,42,13,0.3811,17,29,89
2026-04-17T06:09:45,sandwich,20,10,0.0,correlation,15,0.1,euclidean,15,,leaf,cosine,42,14,0.4139,16,29,56
2026-04-17T06:09:45,sandwich,20,10,0.0,correlation,15,0.1,cosine,15,,leaf,cosine,42,14,0.4139,16,29,56
2026-04-17T06:09:58,sandwich,20,10,0.0,cosine,15,0.1,euclidean,25,,eom,cosine,42,5,0.2801,32,96,224
2026-04-17T06:09:58,sandwich,20,10,0.0,cosine,15,0.1,euclidean,25,,eom,euclidean,42,5,0.2609,30,97,217
2026-04-17T06:09:58,sandwich,20,10,0.0,cosine,15,0.1,cosine,25,,eom,euclidean,42,5,0.2609,30,97,217
2026-04-17T06:09:58,sandwich,20,10,0.0,cosine,15,0.1,cosine,25,,eom,cosine,42,5,0.2801,32,96,224
2026-04-17T06:10:10,sandwich,20,10,0.0,euclidean,15,0.1,euclidean,25,,eom,euclidean,42,5,0.3661,32,76,201
2026-04-17T06:10:09,sandwich,20,10,0.0,euclidean,15,0.1,cosine,25,,eom,euclidean,42,5,0.3661,32,76,201
2026-04-17T06:10:09,sandwich,20,10,0.0,euclidean,15,0.1,euclidean,25,,eom,cosine,42,5,0.3566,32,79,198
2026-04-17T06:10:09,sandwich,20,10,0.0,euclidean,15,0.1,cosine,25,,eom,cosine,42,5,0.3566,32,79,198
2026-04-17T06:10:22,sandwich,20,10,0.0,correlation,15,0.1,euclidean,25,,eom,euclidean,42,5,0.3115,34,86,235
2026-04-17T06:10:22,sandwich,20,10,0.0,correlation,15,0.1,cosine,25,,eom,cosine,42,5,0.321,33,85,232
2026-04-17T06:10:22,sandwich,20,10,0.0,correlation,15,0.1,cosine,25,,eom,euclidean,42,5,0.3115,34,86,235
2026-04-17T06:10:22,sandwich,20,10,0.0,correlation,15,0.1,euclidean,25,,eom,cosine,42,5,0.321,33,85,232
2026-04-17T06:10:35,sandwich,20,10,0.0,cosine,15,0.1,euclidean,25,,leaf,euclidean,42,8,0.4809,27,32,97
2026-04-17T06:10:35,sandwich,20,10,0.0,cosine,15,0.1,cosine,25,,leaf,euclidean,42,8,0.4809,27,32,97
2026-04-17T06:10:35,sandwich,20,10,0.0,cosine,15,0.1,euclidean,25,,leaf,cosine,42,8,0.4863,26,31,96
2026-04-17T06:10:35,sandwich,20,10,0.0,cosine,15,0.1,cosine,25,,leaf,cosine,42,8,0.4863,26,31,96
2026-04-17T06:10:46,sandwich,20,10,0.0,euclidean,15,0.1,euclidean,25,,leaf,euclidean,42,6,0.5109,32,62,82
2026-04-17T06:10:46,sandwich,20,10,0.0,euclidean,15,0.1,euclidean,25,,leaf,cosine,42,6,0.4508,32,75,84
2026-04-17T06:10:46,sandwich,20,10,0.0,euclidean,15,0.1,cosine,25,,leaf,cosine,42,6,0.4508,32,75,84
2026-04-17T06:10:46,sandwich,20,10,0.0,euclidean,15,0.1,cosine,25,,leaf,euclidean,42,6,0.5109,32,62,82
2026-04-17T06:10:59,sandwich,20,10,0.0,correlation,15,0.1,cosine,25,,leaf,cosine,42,7,0.515,25,47,85
2026-04-17T06:10:59,sandwich,20,10,0.0,correlation,15,0.1,euclidean,25,,leaf,euclidean,42,6,0.4372,34,71,100
2026-04-17T06:10:59,sandwich,20,10,0.0,correlation,15,0.1,cosine,25,,leaf,euclidean,42,6,0.4372,34,71,100
2026-04-17T06:10:59,sandwich,20,10,0.0,correlation,15,0.1,euclidean,25,,leaf,cosine,42,7,0.515,25,47,85
2026-04-17T06:11:11,sandwich,20,10,0.05,cosine,15,0.1,euclidean,10,,eom,euclidean,42,14,0.1913,11,29,131
2026-04-17T06:11:11,sandwich,20,10,0.05,cosine,15,0.1,cosine,10,,eom,cosine,42,18,0.2596,10,22,106
2026-04-17T06:11:11,sandwich,20,10,0.05,cosine,15,0.1,cosine,10,,eom,euclidean,42,14,0.1913,11,29,131
2026-04-17T06:11:12,sandwich,20,10,0.05,cosine,15,0.1,euclidean,10,,eom,cosine,42,18,0.2596,10,22,106
2026-04-17T06:11:23,sandwich,20,10,0.05,euclidean,15,0.1,euclidean,10,,eom,euclidean,42,2,0.0,17,366,715
2026-04-17T06:11:23,sandwich,20,10,0.05,euclidean,15,0.1,cosine,10,,eom,cosine,42,18,0.3169,12,18,81
2026-04-17T06:11:23,sandwich,20,10,0.05,euclidean,15,0.1,cosine,10,,eom,euclidean,42,2,0.0,17,366,715
2026-04-17T06:11:23,sandwich,20,10,0.05,euclidean,15,0.1,euclidean,10,,eom,cosine,42,18,0.3169,12,18,81
2026-04-17T06:11:36,sandwich,20,10,0.05,correlation,15,0.1,euclidean,10,,eom,euclidean,42,2,0.0,17,366,715
2026-04-17T06:11:36,sandwich,20,10,0.05,correlation,15,0.1,euclidean,10,,eom,cosine,42,20,0.291,12,21,63
2026-04-17T06:11:36,sandwich,20,10,0.05,correlation,15,0.1,cosine,10,,eom,cosine,42,20,0.291,12,21,63
2026-04-17T06:11:36,sandwich,20,10,0.05,correlation,15,0.1,cosine,10,,eom,euclidean,42,2,0.0,17,366,715
2026-04-17T06:11:48,sandwich,20,10,0.05,cosine,15,0.1,euclidean,10,,leaf,cosine,42,21,0.3648,10,17,42
2026-04-17T06:11:48,sandwich,20,10,0.05,cosine,15,0.1,euclidean,10,,leaf,euclidean,42,20,0.3811,11,18,42
2026-04-17T06:11:48,sandwich,20,10,0.05,cosine,15,0.1,cosine,10,,leaf,cosine,42,21,0.3648,10,17,42
2026-04-17T06:11:48,sandwich,20,10,0.05,cosine,15,0.1,cosine,10,,leaf,euclidean,42,20,0.3811,11,18,42
2026-04-17T06:12:00,sandwich,20,10,0.05,euclidean,15,0.1,euclidean,10,,leaf,euclidean,42,20,0.3279,13,19,69
2026-04-17T06:12:00,sandwich,20,10,0.05,euclidean,15,0.1,euclidean,10,,leaf,cosine,42,19,0.3402,12,20,81
2026-04-17T06:12:00,sandwich,20,10,0.05,euclidean,15,0.1,cosine,10,,leaf,euclidean,42,20,0.3279,13,19,69
2026-04-17T06:12:00,sandwich,20,10,0.05,euclidean,15,0.1,cosine,10,,leaf,cosine,42,19,0.3402,12,20,81
2026-04-17T06:12:13,sandwich,20,10,0.05,correlation,15,0.1,euclidean,10,,leaf,euclidean,42,20,0.2992,11,20,61
2026-04-17T06:12:13,sandwich,20,10,0.05,correlation,15,0.1,euclidean,10,,leaf,cosine,42,20,0.291,12,21,63
2026-04-17T06:12:13,sandwich,20,10,0.05,correlation,15,0.1,cosine,10,,leaf,euclidean,42,20,0.2992,11,20,61
2026-04-17T06:12:13,sandwich,20,10,0.05,correlation,15,0.1,cosine,10,,leaf,cosine,42,20,0.291,12,21,63
2026-04-17T06:12:25,sandwich,20,10,0.05,cosine,15,0.1,cosine,15,,eom,euclidean,42,2,0.0027,17,365,713
2026-04-17T06:12:25,sandwich,20,10,0.05,cosine,15,0.1,euclidean,15,,eom,euclidean,42,2,0.0027,17,365,713
2026-04-17T06:12:25,sandwich,20,10,0.05,cosine,15,0.1,euclidean,15,,eom,cosine,42,13,0.3675,17,30,85
2026-04-17T06:12:25,sandwich,20,10,0.05,cosine,15,0.1,cosine,15,,eom,cosine,42,13,0.3675,17,30,85
2026-04-17T06:12:37,sandwich,20,10,0.05,euclidean,15,0.1,euclidean,15,,eom,euclidean,42,2,0.0,17,366,715
2026-04-17T06:12:37,sandwich,20,10,0.05,euclidean,15,0.1,euclidean,15,,eom,cosine,42,11,0.2896,16,30,93
2026-04-17T06:12:37,sandwich,20,10,0.05,euclidean,15,0.1,cosine,15,,eom,cosine,42,11,0.2896,16,30,93
2026-04-17T06:12:37,sandwich,20,10,0.05,euclidean,15,0.1,cosine,15,,eom,euclidean,42,2,0.0,17,366,715
2026-04-17T06:12:49,sandwich,20,10,0.05,correlation,15,0.1,euclidean,15,,eom,euclidean,42,2,0.0,17,366,715
2026-04-17T06:12:49,sandwich,20,10,0.05,correlation,15,0.1,euclidean,15,,eom,cosine,42,7,0.1462,17,32,231
2026-04-17T06:12:49,sandwich,20,10,0.05,correlation,15,0.1,cosine,15,,eom,euclidean,42,2,0.0,17,366,715
2026-04-17T06:12:49,sandwich,20,10,0.05,correlation,15,0.1,cosine,15,,eom,cosine,42,7,0.1462,17,32,231
2026-04-17T06:13:02,sandwich,20,10,0.05,cosine,15,0.1,euclidean,15,,leaf,euclidean,42,13,0.377,17,29,85
2026-04-17T06:13:02,sandwich,20,10,0.05,cosine,15,0.1,cosine,15,,leaf,euclidean,42,13,0.377,17,29,85
2026-04-17T06:13:02,sandwich,20,10,0.05,cosine,15,0.1,cosine,15,,leaf,cosine,42,13,0.3675,17,30,85
2026-04-17T06:13:02,sandwich,20,10,0.05,cosine,15,0.1,euclidean,15,,leaf,cosine,42,13,0.3675,17,30,85
2026-04-17T06:13:14,sandwich,20,10,0.05,euclidean,15,0.1,euclidean,15,,leaf,cosine,42,13,0.403,16,23,88
2026-04-17T06:13:14,sandwich,20,10,0.05,euclidean,15,0.1,euclidean,15,,leaf,euclidean,42,13,0.4713,15,22,96
2026-04-17T06:13:14,sandwich,20,10,0.05,euclidean,15,0.1,cosine,15,,leaf,cosine,42,13,0.403,16,23,88
2026-04-17T06:13:14,sandwich,20,10,0.05,euclidean,15,0.1,cosine,15,,leaf,euclidean,42,13,0.4713,15,22,96
2026-04-17T06:13:26,sandwich,20,10,0.05,correlation,15,0.1,euclidean,15,,leaf,euclidean,42,14,0.4577,15,28,56
2026-04-17T06:13:26,sandwich,20,10,0.05,correlation,15,0.1,euclidean,15,,leaf,cosine,42,14,0.4549,15,28,57
2026-04-17T06:13:26,sandwich,20,10,0.05,correlation,15,0.1,cosine,15,,leaf,euclidean,42,14,0.4577,15,28,56
2026-04-17T06:13:26,sandwich,20,10,0.05,correlation,15,0.1,cosine,15,,leaf,cosine,42,14,0.4549,15,28,57
2026-04-17T06:13:38,sandwich,20,10,0.05,cosine,15,0.1,euclidean,25,,eom,euclidean,42,5,0.3128,31,88,218
2026-04-17T06:13:39,sandwich,20,10,0.05,cosine,15,0.1,cosine,25,,eom,euclidean,42,5,0.3128,31,88,218
2026-04-17T06:13:39,sandwich,20,10,0.05,cosine,15,0.1,euclidean,25,,eom,cosine,42,5,0.3115,31,91,216
2026-04-17T06:13:39,sandwich,20,10,0.05,cosine,15,0.1,cosine,25,,eom,cosine,42,5,0.3115,31,91,216
2026-04-17T06:13:51,sandwich,20,10,0.05,euclidean,15,0.1,cosine,25,,eom,euclidean,42,5,0.4057,31,65,201
2026-04-17T06:13:51,sandwich,20,10,0.05,euclidean,15,0.1,euclidean,25,,eom,cosine,42,6,0.5806,28,57,73
2026-04-17T06:13:51,sandwich,20,10,0.05,euclidean,15,0.1,euclidean,25,,eom,euclidean,42,5,0.4057,31,65,201
2026-04-17T06:13:51,sandwich,20,10,0.05,euclidean,15,0.1,cosine,25,,eom,cosine,42,6,0.5806,28,57,73
2026-04-17T06:14:03,sandwich,20,10,0.05,correlation,15,0.1,euclidean,25,,eom,euclidean,42,4,0.2855,31,135,221
2026-04-17T06:14:03,sandwich,20,10,0.05,correlation,15,0.1,euclidean,25,,eom,cosine,42,4,0.2869,33,137,215
2026-04-17T06:14:03,sandwich,20,10,0.05,correlation,15,0.1,cosine,25,,eom,euclidean,42,4,0.2855,31,135,221
2026-04-17T06:14:03,sandwich,20,10,0.05,correlation,15,0.1,cosine,25,,eom,cosine,42,4,0.2869,33,137,215
2026-04-17T06:14:15,sandwich,20,10,0.05,cosine,15,0.1,euclidean,25,,leaf,euclidean,42,6,0.4495,31,59,111
2026-04-17T06:14:15,sandwich,20,10,0.05,cosine,15,0.1,euclidean,25,,leaf,cosine,42,7,0.5355,27,44,91
2026-04-17T06:14:15,sandwich,20,10,0.05,cosine,15,0.1,cosine,25,,leaf,euclidean,42,6,0.4495,31,59,111
2026-04-17T06:14:16,sandwich,20,10,0.05,cosine,15,0.1,cosine,25,,leaf,cosine,42,7,0.5355,27,44,91
2026-04-17T06:14:27,sandwich,20,10,0.05,euclidean,15,0.1,euclidean,25,,leaf,euclidean,42,6,0.5423,31,59,74
2026-04-17T06:14:27,sandwich,20,10,0.05,euclidean,15,0.1,euclidean,25,,leaf,cosine,42,6,0.5806,28,57,73
2026-04-17T06:14:27,sandwich,20,10,0.05,euclidean,15,0.1,cosine,25,,leaf,euclidean,42,6,0.5423,31,59,74
2026-04-17T06:14:27,sandwich,20,10,0.05,euclidean,15,0.1,cosine,25,,leaf,cosine,42,6,0.5806,28,57,73
2026-04-17T06:14:40,sandwich,20,10,0.05,correlation,15,0.1,euclidean,25,,leaf,euclidean,42,6,0.4932,31,56,101
2026-04-17T06:14:40,sandwich,20,10,0.05,correlation,15,0.1,euclidean,25,,leaf,cosine,42,5,0.347,33,82,215
2026-04-17T06:14:40,sandwich,20,10,0.05,correlation,15,0.1,cosine,25,,leaf,euclidean,42,6,0.4932,31,56,101
2026-04-17T06:14:40,sandwich,20,10,0.05,correlation,15,0.1,cosine,25,,leaf,cosine,42,5,0.347,33,82,215
2026-04-17T06:14:52,sandwich,20,15,0.0,cosine,15,0.1,euclidean,10,,eom,euclidean,42,15,0.1735,11,22,241
2026-04-17T06:14:52,sandwich,20,15,0.0,cosine,15,0.1,euclidean,10,,eom,cosine,42,15,0.1639,11,23,239
2026-04-17T06:14:53,sandwich,20,15,0.0,cosine,15,0.1,cosine,10,,eom,euclidean,42,15,0.1735,11,22,241
2026-04-17T06:14:53,sandwich,20,15,0.0,cosine,15,0.1,cosine,10,,eom,cosine,42,15,0.1639,11,23,239
2026-04-17T06:15:04,sandwich,20,15,0.0,euclidean,15,0.1,euclidean,10,,eom,cosine,42,14,0.235,13,22,223
2026-04-17T06:15:04,sandwich,20,15,0.0,euclidean,15,0.1,euclidean,10,,eom,euclidean,42,2,0.0,17,366,715
2026-04-17T06:15:04,sandwich,20,15,0.0,euclidean,15,0.1,cosine,10,,eom,euclidean,42,2,0.0,17,366,715
2026-04-17T06:15:04,sandwich,20,15,0.0,euclidean,15,0.1,cosine,10,,eom,cosine,42,14,0.235,13,22,223
2026-04-17T06:15:17,sandwich,20,15,0.0,correlation,15,0.1,cosine,10,,eom,euclidean,42,2,0.0,17,366,715
2026-04-17T06:15:17,sandwich,20,15,0.0,correlation,15,0.1,euclidean,10,,eom,euclidean,42,2,0.0,17,366,715
2026-04-17T06:15:17,sandwich,20,15,0.0,correlation,15,0.1,euclidean,10,,eom,cosine,42,15,0.2199,12,19,234
2026-04-17T06:15:17,sandwich,20,15,0.0,correlation,15,0.1,cosine,10,,eom,cosine,42,15,0.2199,12,19,234
2026-04-17T06:15:29,sandwich,20,15,0.0,cosine,15,0.1,cosine,10,,leaf,euclidean,42,21,0.3525,10,17,70
2026-04-17T06:15:29,sandwich,20,15,0.0,cosine,15,0.1,euclidean,10,,leaf,cosine,42,21,0.3415,10,17,78
2026-04-17T06:15:29,sandwich,20,15,0.0,cosine,15,0.1,cosine,10,,leaf,cosine,42,21,0.3415,10,17,78
2026-04-17T06:15:29,sandwich,20,15,0.0,cosine,15,0.1,euclidean,10,,leaf,euclidean,42,21,0.3525,10,17,70
2026-04-17T06:15:41,sandwich,20,15,0.0,euclidean,15,0.1,cosine,10,,leaf,euclidean,42,19,0.418,10,18,66
2026-04-17T06:15:41,sandwich,20,15,0.0,euclidean,15,0.1,euclidean,10,,leaf,cosine,42,18,0.3839,12,21,64
2026-04-17T06:15:41,sandwich,20,15,0.0,euclidean,15,0.1,euclidean,10,,leaf,euclidean,42,19,0.418,10,18,66
2026-04-17T06:15:42,sandwich,20,15,0.0,euclidean,15,0.1,cosine,10,,leaf,cosine,42,18,0.3839,12,21,64
2026-04-17T06:15:54,sandwich,20,15,0.0,correlation,15,0.1,euclidean,10,,leaf,euclidean,42,20,0.332,11,20,49
2026-04-17T06:15:55,sandwich,20,15,0.0,correlation,15,0.1,euclidean,10,,leaf,cosine,42,20,0.3292,12,21,50
2026-04-17T06:15:55,sandwich,20,15,0.0,correlation,15,0.1,cosine,10,,leaf,cosine,42,20,0.3292,12,21,50
2026-04-17T06:15:55,sandwich,20,15,0.0,correlation,15,0.1,cosine,10,,leaf,euclidean,42,20,0.332,11,20,49
2026-04-17T06:16:07,sandwich,20,15,0.0,cosine,15,0.1,cosine,15,,eom,euclidean,42,2,0.0,17,366,715
2026-04-17T06:16:07,sandwich,20,15,0.0,cosine,15,0.1,euclidean,15,,eom,euclidean,42,2,0.0,17,366,715
2026-04-17T06:16:07,sandwich,20,15,0.0,cosine,15,0.1,euclidean,15,,eom,cosine,42,10,0.2404,17,27,236
2026-04-17T06:16:07,sandwich,20,15,0.0,cosine,15,0.1,cosine,15,,eom,cosine,42,10,0.2404,17,27,236
2026-04-17T06:16:19,sandwich,20,15,0.0,euclidean,15,0.1,cosine,15,,eom,euclidean,42,2,0.0,17,366,715
2026-04-17T06:16:19,sandwich,20,15,0.0,euclidean,15,0.1,euclidean,15,,eom,euclidean,42,2,0.0,17,366,715
2026-04-17T06:16:19,sandwich,20,15,0.0,euclidean,15,0.1,euclidean,15,,eom,cosine,42,2,0.0,17,366,715
2026-04-17T06:16:19,sandwich,20,15,0.0,euclidean,15,0.1,cosine,15,,eom,cosine,42,2,0.0,17,366,715
2026-04-17T06:16:32,sandwich,20,15,0.0,correlation,15,0.1,euclidean,15,,eom,euclidean,42,2,0.0,17,366,715
2026-04-17T06:16:32,sandwich,20,15,0.0,correlation,15,0.1,euclidean,15,,eom,cosine,42,10,0.2158,17,30,235
2026-04-17T06:16:32,sandwich,20,15,0.0,correlation,15,0.1,cosine,15,,eom,euclidean,42,2,0.0,17,366,715
2026-04-17T06:16:32,sandwich,20,15,0.0,correlation,15,0.1,cosine,15,,eom,cosine,42,10,0.2158,17,30,235
2026-04-17T06:16:43,sandwich,20,15,0.0,cosine,15,0.1,euclidean,15,,leaf,euclidean,42,13,0.459,17,25,79
2026-04-17T06:16:43,sandwich,20,15,0.0,cosine,15,0.1,cosine,15,,leaf,euclidean,42,13,0.459,17,25,79
2026-04-17T06:16:44,sandwich,20,15,0.0,cosine,15,0.1,cosine,15,,leaf,cosine,42,13,0.4495,17,26,81
2026-04-17T06:16:44,sandwich,20,15,0.0,cosine,15,0.1,euclidean,15,,leaf,cosine,42,13,0.4495,17,26,81
2026-04-17T06:16:56,sandwich,20,15,0.0,euclidean,15,0.1,euclidean,15,,leaf,euclidean,42,13,0.4986,15,19,105
2026-04-17T06:16:56,sandwich,20,15,0.0,euclidean,15,0.1,euclidean,15,,leaf,cosine,42,13,0.4918,15,21,108
2026-04-17T06:16:56,sandwich,20,15,0.0,euclidean,15,0.1,cosine,15,,leaf,euclidean,42,13,0.4986,15,19,105
2026-04-17T06:16:56,sandwich,20,15,0.0,euclidean,15,0.1,cosine,15,,leaf,cosine,42,13,0.4918,15,21,108
2026-04-17T06:17:08,sandwich,20,15,0.0,correlation,15,0.1,euclidean,15,,leaf,euclidean,42,15,0.444,15,21,67
2026-04-17T06:17:08,sandwich,20,15,0.0,correlation,15,0.1,cosine,15,,leaf,euclidean,42,15,0.444,15,21,67
2026-04-17T06:17:08,sandwich,20,15,0.0,correlation,15,0.1,euclidean,15,,leaf,cosine,42,15,0.4358,16,20,69
2026-04-17T06:17:08,sandwich,20,15,0.0,correlation,15,0.1,cosine,15,,leaf,cosine,42,15,0.4358,16,20,69
2026-04-17T06:17:21,sandwich,20,15,0.0,cosine,15,0.1,euclidean,25,,eom,euclidean,42,5,0.3279,33,87,225
2026-04-17T06:17:21,sandwich,20,15,0.0,cosine,15,0.1,euclidean,25,,eom,cosine,42,5,0.3197,34,88,225
2026-04-17T06:17:21,sandwich,20,15,0.0,cosine,15,0.1,cosine,25,,eom,cosine,42,5,0.3197,34,88,225
2026-04-17T06:17:21,sandwich,20,15,0.0,cosine,15,0.1,cosine,25,,eom,euclidean,42,5,0.3279,33,87,225
2026-04-17T06:17:33,sandwich,20,15,0.0,euclidean,15,0.1,euclidean,25,,eom,cosine,42,5,0.3443,37,84,199
2026-04-17T06:17:33,sandwich,20,15,0.0,euclidean,15,0.1,euclidean,25,,eom,euclidean,42,5,0.3552,36,80,196
2026-04-17T06:17:33,sandwich,20,15,0.0,euclidean,15,0.1,cosine,25,,eom,cosine,42,5,0.3443,37,84,199
2026-04-17T06:17:33,sandwich,20,15,0.0,euclidean,15,0.1,cosine,25,,eom,euclidean,42,5,0.3552,36,80,196
2026-04-17T06:17:45,sandwich,20,15,0.0,correlation,15,0.1,euclidean,25,,eom,euclidean,42,4,0.2609,34,139,228
2026-04-17T06:17:45,sandwich,20,15,0.0,correlation,15,0.1,cosine,25,,eom,euclidean,42,4,0.2609,34,139,228
2026-04-17T06:17:45,sandwich,20,15,0.0,correlation,15,0.1,euclidean,25,,eom,cosine,42,5,0.3156,34,78,230
2026-04-17T06:17:45,sandwich,20,15,0.0,correlation,15,0.1,cosine,25,,eom,cosine,42,5,0.3156,34,78,230
2026-04-17T06:17:58,sandwich,20,15,0.0,cosine,15,0.1,euclidean,25,,leaf,cosine,42,6,0.4891,34,53,96
2026-04-17T06:17:58,sandwich,20,15,0.0,cosine,15,0.1,euclidean,25,,leaf,euclidean,42,6,0.4863,33,54,94
2026-04-17T06:17:58,sandwich,20,15,0.0,cosine,15,0.1,cosine,25,,leaf,euclidean,42,6,0.4863,33,54,94
2026-04-17T06:17:58,sandwich,20,15,0.0,cosine,15,0.1,cosine,25,,leaf,cosine,42,6,0.4891,34,53,96
2026-04-17T06:18:09,sandwich,20,15,0.0,euclidean,15,0.1,euclidean,25,,leaf,euclidean,42,6,0.4973,36,61,88
2026-04-17T06:18:10,sandwich,20,15,0.0,euclidean,15,0.1,euclidean,25,,leaf,cosine,42,6,0.5109,27,61,88
2026-04-17T06:18:10,sandwich,20,15,0.0,euclidean,15,0.1,cosine,25,,leaf,cosine,42,6,0.5109,27,61,88
2026-04-17T06:18:10,sandwich,20,15,0.0,euclidean,15,0.1,cosine,25,,leaf,euclidean,42,6,0.4973,36,61,88
2026-04-17T06:18:22,sandwich,20,15,0.0,correlation,15,0.1,euclidean,25,,leaf,euclidean,42,6,0.4713,34,58,112
2026-04-17T06:18:23,sandwich,20,15,0.0,correlation,15,0.1,cosine,25,,leaf,euclidean,42,6,0.4713,34,58,112
2026-04-17T06:18:23,sandwich,20,15,0.0,correlation,15,0.1,euclidean,25,,leaf,cosine,42,6,0.4617,34,61,111
2026-04-17T06:18:23,sandwich,20,15,0.0,correlation,15,0.1,cosine,25,,leaf,cosine,42,6,0.4617,34,61,111
2026-04-17T06:18:35,sandwich,20,15,0.05,cosine,15,0.1,euclidean,10,,eom,cosine,42,14,0.1831,12,24,236
2026-04-17T06:18:35,sandwich,20,15,0.05,cosine,15,0.1,euclidean,10,,eom,euclidean,42,14,0.1995,12,25,235
2026-04-17T06:18:35,sandwich,20,15,0.05,cosine,15,0.1,cosine,10,,eom,cosine,42,14,0.1831,12,24,236
2026-04-17T06:18:35,sandwich,20,15,0.05,cosine,15,0.1,cosine,10,,eom,euclidean,42,14,0.1995,12,25,235
2026-04-17T06:18:47,sandwich,20,15,0.05,euclidean,15,0.1,euclidean,10,,eom,euclidean,42,2,0.0,17,366,715
2026-04-17T06:18:47,sandwich,20,15,0.05,euclidean,15,0.1,euclidean,10,,eom,cosine,42,13,0.2036,12,21,217
2026-04-17T06:18:47,sandwich,20,15,0.05,euclidean,15,0.1,cosine,10,,eom,euclidean,42,2,0.0,17,366,715
2026-04-17T06:18:47,sandwich,20,15,0.05,euclidean,15,0.1,cosine,10,,eom,cosine,42,13,0.2036,12,21,217
2026-04-17T06:19:00,sandwich,20,15,0.05,correlation,15,0.1,cosine,10,,eom,euclidean,42,2,0.0082,17,363,709
2026-04-17T06:19:00,sandwich,20,15,0.05,correlation,15,0.1,euclidean,10,,eom,euclidean,42,2,0.0082,17,363,709
2026-04-17T06:19:00,sandwich,20,15,0.05,correlation,15,0.1,euclidean,10,,eom,cosine,42,16,0.2145,10,17,230
2026-04-17T06:19:00,sandwich,20,15,0.05,correlation,15,0.1,cosine,10,,eom,cosine,42,16,0.2145,10,17,230
2026-04-17T06:19:12,sandwich,20,15,0.05,cosine,15,0.1,euclidean,10,,leaf,euclidean,42,18,0.3566,12,21,64
2026-04-17T06:19:12,sandwich,20,15,0.05,cosine,15,0.1,euclidean,10,,leaf,cosine,42,18,0.3511,11,21,66
2026-04-17T06:19:12,sandwich,20,15,0.05,cosine,15,0.1,cosine,10,,leaf,euclidean,42,18,0.3566,12,21,64
2026-04-17T06:19:12,sandwich,20,15,0.05,cosine,15,0.1,cosine,10,,leaf,cosine,42,18,0.3511,11,21,66
2026-04-17T06:19:24,sandwich,20,15,0.05,euclidean,15,0.1,euclidean,10,,leaf,euclidean,42,18,0.4262,11,19,63
2026-04-17T06:19:24,sandwich,20,15,0.05,euclidean,15,0.1,euclidean,10,,leaf,cosine,42,18,0.4221,11,19,62
2026-04-17T06:19:24,sandwich,20,15,0.05,euclidean,15,0.1,cosine,10,,leaf,euclidean,42,18,0.4262,11,19,63
2026-04-17T06:19:24,sandwich,20,15,0.05,euclidean,15,0.1,cosine,10,,leaf,cosine,42,18,0.4221,11,19,62
2026-04-17T06:19:37,sandwich,20,15,0.05,correlation,15,0.1,cosine,10,,leaf,euclidean,42,21,0.3552,10,18,47
2026-04-17T06:19:37,sandwich,20,15,0.05,correlation,15,0.1,cosine,10,,leaf,cosine,42,20,0.3634,10,18,49
2026-04-17T06:19:37,sandwich,20,15,0.05,correlation,15,0.1,euclidean,10,,leaf,euclidean,42,21,0.3552,10,18,47
2026-04-17T06:19:37,sandwich,20,15,0.05,correlation,15,0.1,euclidean,10,,leaf,cosine,42,20,0.3634,10,18,49
2026-04-17T06:19:49,sandwich,20,15,0.05,cosine,15,0.1,cosine,15,,eom,euclidean,42,2,0.0,17,366,715
2026-04-17T06:19:49,sandwich,20,15,0.05,cosine,15,0.1,euclidean,15,,eom,euclidean,42,2,0.0,17,366,715
2026-04-17T06:19:49,sandwich,20,15,0.05,cosine,15,0.1,cosine,15,,eom,cosine,42,10,0.2705,16,27,229
2026-04-17T06:19:49,sandwich,20,15,0.05,cosine,15,0.1,euclidean,15,,eom,cosine,42,10,0.2705,16,27,229
2026-04-17T06:20:01,sandwich,20,15,0.05,euclidean,15,0.1,cosine,15,,eom,euclidean,42,2,0.0,17,366,715
2026-04-17T06:20:01,sandwich,20,15,0.05,euclidean,15,0.1,euclidean,15,,eom,euclidean,42,2,0.0,17,366,715
2026-04-17T06:20:01,sandwich,20,15,0.05,euclidean,15,0.1,euclidean,15,,eom,cosine,42,2,0.0,17,366,715
2026-04-17T06:20:01,sandwich,20,15,0.05,euclidean,15,0.1,cosine,15,,eom,cosine,42,2,0.0,17,366,715
2026-04-17T06:20:13,sandwich,20,15,0.05,correlation,15,0.1,euclidean,15,,eom,euclidean,42,2,0.0082,17,363,709
2026-04-17T06:20:14,sandwich,20,15,0.05,correlation,15,0.1,euclidean,15,,eom,cosine,42,10,0.2787,16,27,229
2026-04-17T06:20:14,sandwich,20,15,0.05,correlation,15,0.1,cosine,15,,eom,euclidean,42,2,0.0082,17,363,709
2026-04-17T06:20:14,sandwich,20,15,0.05,correlation,15,0.1,cosine,15,,eom,cosine,42,10,0.2787,16,27,229
2026-04-17T06:20:26,sandwich,20,15,0.05,cosine,15,0.1,cosine,15,,leaf,euclidean,42,12,0.5096,17,25,67
2026-04-17T06:20:26,sandwich,20,15,0.05,cosine,15,0.1,euclidean,15,,leaf,euclidean,42,12,0.5096,17,25,67
2026-04-17T06:20:26,sandwich,20,15,0.05,cosine,15,0.1,euclidean,15,,leaf,cosine,42,13,0.4877,16,24,58
2026-04-17T06:20:26,sandwich,20,15,0.05,cosine,15,0.1,cosine,15,,leaf,cosine,42,13,0.4877,16,24,58
2026-04-17T06:20:38,sandwich,20,15,0.05,euclidean,15,0.1,euclidean,15,,leaf,euclidean,42,12,0.4754,16,18,103
2026-04-17T06:20:38,sandwich,20,15,0.05,euclidean,15,0.1,cosine,15,,leaf,euclidean,42,12,0.4754,16,18,103
2026-04-17T06:20:38,sandwich,20,15,0.05,euclidean,15,0.1,euclidean,15,,leaf,cosine,42,13,0.5137,15,18,100
2026-04-17T06:20:39,sandwich,20,15,0.05,euclidean,15,0.1,cosine,15,,leaf,cosine,42,13,0.5137,15,18,100
2026-04-17T06:20:51,sandwich,20,15,0.05,correlation,15,0.1,euclidean,15,,leaf,cosine,42,13,0.4877,16,23,67
2026-04-17T06:20:51,sandwich,20,15,0.05,correlation,15,0.1,euclidean,15,,leaf,euclidean,42,13,0.4904,15,22,74
2026-04-17T06:20:51,sandwich,20,15,0.05,correlation,15,0.1,cosine,15,,leaf,euclidean,42,13,0.4904,15,22,74
2026-04-17T06:20:51,sandwich,20,15,0.05,correlation,15,0.1,cosine,15,,leaf,cosine,42,13,0.4877,16,23,67
2026-04-17T06:21:03,sandwich,20,15,0.05,cosine,15,0.1,euclidean,25,,eom,euclidean,42,5,0.3538,31,85,220
2026-04-17T06:21:04,sandwich,20,15,0.05,cosine,15,0.1,euclidean,25,,eom,cosine,42,5,0.3566,32,85,208
2026-04-17T06:21:04,sandwich,20,15,0.05,cosine,15,0.1,cosine,25,,eom,euclidean,42,5,0.3538,31,85,220
2026-04-17T06:21:04,sandwich,20,15,0.05,cosine,15,0.1,cosine,25,,eom,cosine,42,5,0.3566,32,85,208
2026-04-17T06:21:16,sandwich,20,15,0.05,euclidean,15,0.1,euclidean,25,,eom,euclidean,42,5,0.3811,34,81,184
2026-04-17T06:21:16,sandwich,20,15,0.05,euclidean,15,0.1,cosine,25,,eom,euclidean,42,5,0.3811,34,81,184
2026-04-17T06:21:16,sandwich,20,15,0.05,euclidean,15,0.1,cosine,25,,eom,cosine,42,5,0.3893,34,75,190
2026-04-17T06:21:16,sandwich,20,15,0.05,euclidean,15,0.1,euclidean,25,,eom,cosine,42,5,0.3893,34,75,190
2026-04-17T06:21:28,sandwich,20,15,0.05,correlation,15,0.1,cosine,25,,eom,euclidean,42,4,0.2937,36,127,226
2026-04-17T06:21:28,sandwich,20,15,0.05,correlation,15,0.1,euclidean,25,,eom,euclidean,42,4,0.2937,36,127,226
2026-04-17T06:21:28,sandwich,20,15,0.05,correlation,15,0.1,euclidean,25,,eom,cosine,42,5,0.3402,37,75,229
2026-04-17T06:21:28,sandwich,20,15,0.05,correlation,15,0.1,cosine,25,,eom,cosine,42,5,0.3402,37,75,229
2026-04-17T06:21:41,sandwich,20,15,0.05,cosine,15,0.1,euclidean,25,,leaf,euclidean,42,6,0.5478,31,45,88
2026-04-17T06:21:41,sandwich,20,15,0.05,cosine,15,0.1,cosine,25,,leaf,euclidean,42,6,0.5478,31,45,88
2026-04-17T06:21:41,sandwich,20,15,0.05,cosine,15,0.1,euclidean,25,,leaf,cosine,42,6,0.5096,32,52,94
2026-04-17T06:21:41,sandwich,20,15,0.05,cosine,15,0.1,cosine,25,,leaf,cosine,42,6,0.5096,32,52,94
2026-04-17T06:21:52,sandwich,20,15,0.05,euclidean,15,0.1,euclidean,25,,leaf,cosine,42,5,0.3893,34,75,190
2026-04-17T06:21:52,sandwich,20,15,0.05,euclidean,15,0.1,euclidean,25,,leaf,euclidean,42,6,0.5273,25,61,84
2026-04-17T06:21:52,sandwich,20,15,0.05,euclidean,15,0.1,cosine,25,,leaf,euclidean,42,6,0.5273,25,61,84
2026-04-17T06:21:52,sandwich,20,15,0.05,euclidean,15,0.1,cosine,25,,leaf,cosine,42,5,0.3893,34,75,190
2026-04-17T06:22:05,sandwich,20,15,0.05,correlation,15,0.1,euclidean,25,,leaf,euclidean,42,6,0.5041,36,53,102
2026-04-17T06:22:06,sandwich,20,15,0.05,correlation,15,0.1,cosine,25,,leaf,cosine,42,6,0.5014,37,55,100
2026-04-17T06:22:06,sandwich,20,15,0.05,correlation,15,0.1,euclidean,25,,leaf,cosine,42,6,0.5014,37,55,100
2026-04-17T06:22:06,sandwich,20,15,0.05,correlation,15,0.1,cosine,25,,leaf,euclidean,42,6,0.5041,36,53,102
2026-04-17T06:22:18,sandwich,20,30,0.0,cosine,15,0.1,cosine,10,,eom,euclidean,42,2,0.0,17,366,715
2026-04-17T06:22:18,sandwich,20,30,0.0,cosine,15,0.1,euclidean,10,,eom,euclidean,42,2,0.0,17,366,715
2026-04-17T06:22:18,sandwich,20,30,0.0,cosine,15,0.1,euclidean,10,,eom,cosine,42,12,0.2418,14,30,245
2026-04-17T06:22:18,sandwich,20,30,0.0,cosine,15,0.1,cosine,10,,eom,cosine,42,12,0.2418,14,30,245
2026-04-17T06:22:30,sandwich,20,30,0.0,euclidean,15,0.1,cosine,10,,eom,euclidean,42,2,0.0,17,366,715
2026-04-17T06:22:30,sandwich,20,30,0.0,euclidean,15,0.1,euclidean,10,,eom,euclidean,42,2,0.0,17,366,715
2026-04-17T06:22:30,sandwich,20,30,0.0,euclidean,15,0.1,euclidean,10,,eom,cosine,42,2,0.0,17,366,715
2026-04-17T06:22:30,sandwich,20,30,0.0,euclidean,15,0.1,cosine,10,,eom,cosine,42,2,0.0,17,366,715
2026-04-17T06:22:43,sandwich,20,30,0.0,correlation,15,0.1,euclidean,10,,eom,euclidean,42,2,0.0,17,366,715
2026-04-17T06:22:43,sandwich,20,30,0.0,correlation,15,0.1,euclidean,10,,eom,cosine,42,13,0.2964,10,27,226
2026-04-17T06:22:43,sandwich,20,30,0.0,correlation,15,0.1,cosine,10,,eom,cosine,42,13,0.2964,10,27,226
2026-04-17T06:22:43,sandwich,20,30,0.0,correlation,15,0.1,cosine,10,,eom,euclidean,42,2,0.0,17,366,715
2026-04-17T06:22:55,sandwich,20,30,0.0,cosine,15,0.1,euclidean,10,,leaf,euclidean,42,15,0.4208,12,23,61
2026-04-17T06:22:55,sandwich,20,30,0.0,cosine,15,0.1,cosine,10,,leaf,euclidean,42,15,0.4208,12,23,61
2026-04-17T06:22:55,sandwich,20,30,0.0,cosine,15,0.1,cosine,10,,leaf,cosine,42,15,0.4208,12,24,60
2026-04-17T06:22:55,sandwich,20,30,0.0,cosine,15,0.1,euclidean,10,,leaf,cosine,42,15,0.4208,12,24,60
2026-04-17T06:23:08,sandwich,20,30,0.0,euclidean,15,0.1,euclidean,10,,leaf,cosine,42,19,0.4713,10,17,37
2026-04-17T06:23:08,sandwich,20,30,0.0,euclidean,15,0.1,euclidean,10,,leaf,euclidean,42,19,0.4768,11,18,38
2026-04-17T06:23:08,sandwich,20,30,0.0,euclidean,15,0.1,cosine,10,,leaf,cosine,42,19,0.4713,10,17,37
2026-04-17T06:23:08,sandwich,20,30,0.0,euclidean,15,0.1,cosine,10,,leaf,euclidean,42,19,0.4768,11,18,38
2026-04-17T06:23:21,sandwich,20,30,0.0,correlation,15,0.1,euclidean,10,,leaf,cosine,42,18,0.444,10,20,36
2026-04-17T06:23:21,sandwich,20,30,0.0,correlation,15,0.1,euclidean,10,,leaf,euclidean,42,19,0.3975,11,20,37
2026-04-17T06:23:21,sandwich,20,30,0.0,correlation,15,0.1,cosine,10,,leaf,cosine,42,18,0.444,10,20,36
2026-04-17T06:23:21,sandwich,20,30,0.0,correlation,15,0.1,cosine,10,,leaf,euclidean,42,19,0.3975,11,20,37
2026-04-17T06:23:33,sandwich,20,30,0.0,cosine,15,0.1,euclidean,15,,eom,euclidean,42,2,0.0,17,366,715
2026-04-17T06:23:33,sandwich,20,30,0.0,cosine,15,0.1,cosine,15,,eom,euclidean,42,2,0.0,17,366,715
2026-04-17T06:23:33,sandwich,20,30,0.0,cosine,15,0.1,cosine,15,,eom,cosine,42,2,0.0,17,366,715
2026-04-17T06:23:33,sandwich,20,30,0.0,cosine,15,0.1,euclidean,15,,eom,cosine,42,2,0.0,17,366,715
2026-04-17T06:23:45,sandwich,20,30,0.0,euclidean,15,0.1,euclidean,15,,eom,euclidean,42,2,0.0,17,366,715
2026-04-17T06:23:45,sandwich,20,30,0.0,euclidean,15,0.1,euclidean,15,,eom,cosine,42,2,0.0,17,366,715
2026-04-17T06:23:45,sandwich,20,30,0.0,euclidean,15,0.1,cosine,15,,eom,euclidean,42,2,0.0,17,366,715
2026-04-17T06:23:45,sandwich,20,30,0.0,euclidean,15,0.1,cosine,15,,eom,cosine,42,2,0.0,17,366,715
2026-04-17T06:23:58,sandwich,20,30,0.0,correlation,15,0.1,euclidean,15,,eom,cosine,42,6,0.1954,17,88,252
2026-04-17T06:23:58,sandwich,20,30,0.0,correlation,15,0.1,cosine,15,,eom,euclidean,42,2,0.0,17,366,715
2026-04-17T06:23:58,sandwich,20,30,0.0,correlation,15,0.1,euclidean,15,,eom,euclidean,42,2,0.0,17,366,715
2026-04-17T06:23:58,sandwich,20,30,0.0,correlation,15,0.1,cosine,15,,eom,cosine,42,6,0.1954,17,88,252
2026-04-17T06:24:11,sandwich,20,30,0.0,cosine,15,0.1,euclidean,15,,leaf,euclidean,42,12,0.5383,17,26,55
2026-04-17T06:24:11,sandwich,20,30,0.0,cosine,15,0.1,euclidean,15,,leaf,cosine,42,12,0.5383,17,26,51
2026-04-17T06:24:11,sandwich,20,30,0.0,cosine,15,0.1,cosine,15,,leaf,cosine,42,12,0.5383,17,26,51
2026-04-17T06:24:11,sandwich,20,30,0.0,cosine,15,0.1,cosine,15,,leaf,euclidean,42,12,0.5383,17,26,55
2026-04-17T06:24:23,sandwich,20,30,0.0,euclidean,15,0.1,euclidean,15,,leaf,cosine,42,11,0.4836,15,22,100
2026-04-17T06:24:23,sandwich,20,30,0.0,euclidean,15,0.1,euclidean,15,,leaf,euclidean,42,10,0.5164,16,23,99
2026-04-17T06:24:23,sandwich,20,30,0.0,euclidean,15,0.1,cosine,15,,leaf,cosine,42,11,0.4836,15,22,100
2026-04-17T06:24:23,sandwich,20,30,0.0,euclidean,15,0.1,cosine,15,,leaf,euclidean,42,10,0.5164,16,23,99
2026-04-17T06:24:35,sandwich,20,30,0.0,correlation,15,0.1,euclidean,15,,leaf,euclidean,42,12,0.5656,17,24,50
2026-04-17T06:24:36,sandwich,20,30,0.0,correlation,15,0.1,cosine,15,,leaf,euclidean,42,12,0.5656,17,24,50
2026-04-17T06:24:36,sandwich,20,30,0.0,correlation,15,0.1,cosine,15,,leaf,cosine,42,11,0.5847,16,26,53
2026-04-17T06:24:36,sandwich,20,30,0.0,correlation,15,0.1,euclidean,15,,leaf,cosine,42,11,0.5847,16,26,53
2026-04-17T06:24:48,sandwich,20,30,0.0,cosine,15,0.1,cosine,25,,eom,euclidean,42,5,0.3415,30,82,230
2026-04-17T06:24:48,sandwich,20,30,0.0,cosine,15,0.1,euclidean,25,,eom,euclidean,42,5,0.3415,30,82,230
2026-04-17T06:24:48,sandwich,20,30,0.0,cosine,15,0.1,euclidean,25,,eom,cosine,42,5,0.3388,32,82,226
2026-04-17T06:24:48,sandwich,20,30,0.0,cosine,15,0.1,cosine,25,,eom,cosine,42,5,0.3388,32,82,226
2026-04-17T06:25:00,sandwich,20,30,0.0,euclidean,15,0.1,euclidean,25,,eom,cosine,42,5,0.3907,29,81,192
2026-04-17T06:25:00,sandwich,20,30,0.0,euclidean,15,0.1,euclidean,25,,eom,euclidean,42,5,0.3866,31,80,190
2026-04-17T06:25:00,sandwich,20,30,0.0,euclidean,15,0.1,cosine,25,,eom,euclidean,42,5,0.3866,31,80,190
2026-04-17T06:25:00,sandwich,20,30,0.0,euclidean,15,0.1,cosine,25,,eom,cosine,42,5,0.3907,29,81,192
2026-04-17T06:25:13,sandwich,20,30,0.0,correlation,15,0.1,cosine,25,,eom,euclidean,42,5,0.3128,38,86,231
2026-04-17T06:25:13,sandwich,20,30,0.0,correlation,15,0.1,euclidean,25,,eom,cosine,42,5,0.3019,38,86,237
2026-04-17T06:25:13,sandwich,20,30,0.0,correlation,15,0.1,euclidean,25,,eom,euclidean,42,5,0.3128,38,86,231
2026-04-17T06:25:13,sandwich,20,30,0.0,correlation,15,0.1,cosine,25,,eom,cosine,42,5,0.3019,38,86,237
2026-04-17T06:25:26,sandwich,20,30,0.0,cosine,15,0.1,euclidean,25,,leaf,euclidean,42,6,0.5533,29,51,84
2026-04-17T06:25:26,sandwich,20,30,0.0,cosine,15,0.1,euclidean,25,,leaf,cosine,42,6,0.5314,30,56,86
2026-04-17T06:25:26,sandwich,20,30,0.0,cosine,15,0.1,cosine,25,,leaf,euclidean,42,6,0.5533,29,51,84
2026-04-17T06:25:26,sandwich,20,30,0.0,cosine,15,0.1,cosine,25,,leaf,cosine,42,6,0.5314,30,56,86
2026-04-17T06:25:38,sandwich,20,30,0.0,euclidean,15,0.1,euclidean,25,,leaf,cosine,42,5,0.3907,29,81,192
2026-04-17T06:25:38,sandwich,20,30,0.0,euclidean,15,0.1,euclidean,25,,leaf,euclidean,42,5,0.3866,31,80,190
2026-04-17T06:25:38,sandwich,20,30,0.0,euclidean,15,0.1,cosine,25,,leaf,euclidean,42,5,0.3866,31,80,190
2026-04-17T06:25:38,sandwich,20,30,0.0,euclidean,15,0.1,cosine,25,,leaf,cosine,42,5,0.3907,29,81,192
2026-04-17T06:25:51,sandwich,20,30,0.0,correlation,15,0.1,euclidean,25,,leaf,euclidean,42,6,0.5096,36,52,95
2026-04-17T06:25:51,sandwich,20,30,0.0,correlation,15,0.1,euclidean,25,,leaf,cosine,42,5,0.3019,38,86,237
2026-04-17T06:25:51,sandwich,20,30,0.0,correlation,15,0.1,cosine,25,,leaf,euclidean,42,6,0.5096,36,52,95
2026-04-17T06:25:51,sandwich,20,30,0.0,correlation,15,0.1,cosine,25,,leaf,cosine,42,5,0.3019,38,86,237
2026-04-17T06:26:03,sandwich,20,30,0.05,cosine,15,0.1,euclidean,10,,eom,euclidean,42,2,0.0,17,366,715
2026-04-17T06:26:03,sandwich,20,30,0.05,cosine,15,0.1,cosine,10,,eom,euclidean,42,2,0.0,17,366,715
2026-04-17T06:26:03,sandwich,20,30,0.05,cosine,15,0.1,euclidean,10,,eom,cosine,42,13,0.3087,11,27,223
2026-04-17T06:26:03,sandwich,20,30,0.05,cosine,15,0.1,cosine,10,,eom,cosine,42,13,0.3087,11,27,223
2026-04-17T06:26:15,sandwich,20,30,0.05,euclidean,15,0.1,euclidean,10,,eom,euclidean,42,2,0.0,17,366,715
2026-04-17T06:26:15,sandwich,20,30,0.05,euclidean,15,0.1,euclidean,10,,eom,cosine,42,2,0.0,17,366,715
2026-04-17T06:26:16,sandwich,20,30,0.05,euclidean,15,0.1,cosine,10,,eom,euclidean,42,2,0.0,17,366,715
2026-04-17T06:26:16,sandwich,20,30,0.05,euclidean,15,0.1,cosine,10,,eom,cosine,42,2,0.0,17,366,715
2026-04-17T06:26:29,sandwich,20,30,0.05,correlation,15,0.1,euclidean,10,,eom,cosine,42,13,0.2814,11,25,227
2026-04-17T06:26:29,sandwich,20,30,0.05,correlation,15,0.1,euclidean,10,,eom,euclidean,42,2,0.0,17,366,715
2026-04-17T06:26:29,sandwich,20,30,0.05,correlation,15,0.1,cosine,10,,eom,euclidean,42,2,0.0,17,366,715
2026-04-17T06:26:29,sandwich,20,30,0.05,correlation,15,0.1,cosine,10,,eom,cosine,42,13,0.2814,11,25,227
2026-04-17T06:26:40,sandwich,20,30,0.05,cosine,15,0.1,euclidean,10,,leaf,euclidean,42,15,0.4959,12,20,42
2026-04-17T06:26:40,sandwich,20,30,0.05,cosine,15,0.1,euclidean,10,,leaf,cosine,42,16,0.4809,11,22,45
2026-04-17T06:26:41,sandwich,20,30,0.05,cosine,15,0.1,cosine,10,,leaf,cosine,42,16,0.4809,11,22,45
2026-04-17T06:26:41,sandwich,20,30,0.05,cosine,15,0.1,cosine,10,,leaf,euclidean,42,15,0.4959,12,20,42
2026-04-17T06:26:53,sandwich,20,30,0.05,euclidean,15,0.1,euclidean,10,,leaf,euclidean,42,17,0.5273,11,18,36
2026-04-17T06:26:53,sandwich,20,30,0.05,euclidean,15,0.1,cosine,10,,leaf,euclidean,42,17,0.5273,11,18,36
2026-04-17T06:26:53,sandwich,20,30,0.05,euclidean,15,0.1,cosine,10,,leaf,cosine,42,17,0.5178,11,18,37
2026-04-17T06:26:53,sandwich,20,30,0.05,euclidean,15,0.1,euclidean,10,,leaf,cosine,42,17,0.5178,11,18,37
2026-04-17T06:27:05,sandwich,20,30,0.05,correlation,15,0.1,euclidean,10,,leaf,euclidean,42,19,0.4344,11,18,49
2026-04-17T06:27:06,sandwich,20,30,0.05,correlation,15,0.1,euclidean,10,,leaf,cosine,42,18,0.429,11,20,49
2026-04-17T06:27:06,sandwich,20,30,0.05,correlation,15,0.1,cosine,10,,leaf,euclidean,42,19,0.4344,11,18,49
2026-04-17T06:27:06,sandwich,20,30,0.05,correlation,15,0.1,cosine,10,,leaf,cosine,42,18,0.429,11,20,49
2026-04-17T06:27:18,sandwich,20,30,0.05,cosine,15,0.1,euclidean,15,,eom,cosine,42,2,0.0,17,366,715
2026-04-17T06:27:18,sandwich,20,30,0.05,cosine,15,0.1,cosine,15,,eom,euclidean,42,2,0.0,17,366,715
2026-04-17T06:27:18,sandwich,20,30,0.05,cosine,15,0.1,euclidean,15,,eom,euclidean,42,2,0.0,17,366,715
2026-04-17T06:27:18,sandwich,20,30,0.05,cosine,15,0.1,cosine,15,,eom,cosine,42,2,0.0,17,366,715
2026-04-17T06:27:30,sandwich,20,30,0.05,euclidean,15,0.1,euclidean,15,,eom,euclidean,42,2,0.0,17,366,715
2026-04-17T06:27:31,sandwich,20,30,0.05,euclidean,15,0.1,cosine,15,,eom,euclidean,42,2,0.0,17,366,715
2026-04-17T06:27:31,sandwich,20,30,0.05,euclidean,15,0.1,euclidean,15,,eom,cosine,42,2,0.0,17,366,715
2026-04-17T06:27:31,sandwich,20,30,0.05,euclidean,15,0.1,cosine,15,,eom,cosine,42,2,0.0,17,366,715
2026-04-17T06:27:43,sandwich,20,30,0.05,correlation,15,0.1,cosine,15,,eom,euclidean,42,2,0.0,17,366,715
2026-04-17T06:27:43,sandwich,20,30,0.05,correlation,15,0.1,euclidean,15,,eom,euclidean,42,2,0.0,17,366,715
2026-04-17T06:27:43,sandwich,20,30,0.05,correlation,15,0.1,euclidean,15,,eom,cosine,42,9,0.332,15,28,233
2026-04-17T06:27:44,sandwich,20,30,0.05,correlation,15,0.1,cosine,15,,eom,cosine,42,9,0.332,15,28,233
2026-04-17T06:27:56,sandwich,20,30,0.05,cosine,15,0.1,euclidean,15,,leaf,euclidean,42,12,0.5601,15,27,48
2026-04-17T06:27:56,sandwich,20,30,0.05,cosine,15,0.1,cosine,15,,leaf,euclidean,42,12,0.5601,15,27,48
2026-04-17T06:27:56,sandwich,20,30,0.05,cosine,15,0.1,cosine,15,,leaf,cosine,42,12,0.5642,16,26,46
2026-04-17T06:27:56,sandwich,20,30,0.05,cosine,15,0.1,euclidean,15,,leaf,cosine,42,12,0.5642,16,26,46
2026-04-17T06:28:07,sandwich,20,30,0.05,euclidean,15,0.1,euclidean,15,,leaf,euclidean,42,8,0.4945,17,37,87
2026-04-17T06:28:08,sandwich,20,30,0.05,euclidean,15,0.1,euclidean,15,,leaf,cosine,42,10,0.5342,15,22,89
2026-04-17T06:28:08,sandwich,20,30,0.05,euclidean,15,0.1,cosine,15,,leaf,cosine,42,10,0.5342,15,22,89
2026-04-17T06:28:08,sandwich,20,30,0.05,euclidean,15,0.1,cosine,15,,leaf,euclidean,42,8,0.4945,17,37,87
2026-04-17T06:28:21,sandwich,20,30,0.05,correlation,15,0.1,euclidean,15,,leaf,euclidean,42,10,0.5587,15,29,61
2026-04-17T06:28:21,sandwich,20,30,0.05,correlation,15,0.1,cosine,15,,leaf,euclidean,42,10,0.5587,15,29,61
2026-04-17T06:28:21,sandwich,20,30,0.05,correlation,15,0.1,euclidean,15,,leaf,cosine,42,11,0.6011,15,24,56
2026-04-17T06:28:21,sandwich,20,30,0.05,correlation,15,0.1,cosine,15,,leaf,cosine,42,11,0.6011,15,24,56
2026-04-17T06:28:34,sandwich,20,30,0.05,cosine,15,0.1,euclidean,25,,eom,euclidean,42,5,0.3757,30,79,218
2026-04-17T06:28:34,sandwich,20,30,0.05,cosine,15,0.1,cosine,25,,eom,euclidean,42,5,0.3757,30,79,218
2026-04-17T06:28:34,sandwich,20,30,0.05,cosine,15,0.1,cosine,25,,eom,cosine,42,5,0.3675,30,80,213
2026-04-17T06:28:34,sandwich,20,30,0.05,cosine,15,0.1,euclidean,25,,eom,cosine,42,5,0.3675,30,80,213
2026-04-17T06:28:45,sandwich,20,30,0.05,euclidean,15,0.1,euclidean,25,,eom,cosine,42,5,0.388,32,80,186
2026-04-17T06:28:45,sandwich,20,30,0.05,euclidean,15,0.1,euclidean,25,,eom,euclidean,42,5,0.4071,32,77,187
2026-04-17T06:28:46,sandwich,20,30,0.05,euclidean,15,0.1,cosine,25,,eom,euclidean,42,5,0.4071,32,77,187
2026-04-17T06:28:46,sandwich,20,30,0.05,euclidean,15,0.1,cosine,25,,eom,cosine,42,5,0.388,32,80,186
2026-04-17T06:28:59,sandwich,20,30,0.05,correlation,15,0.1,euclidean,25,,eom,euclidean,42,5,0.3566,34,81,223
2026-04-17T06:28:59,sandwich,20,30,0.05,correlation,15,0.1,cosine,25,,eom,euclidean,42,5,0.3566,34,81,223
2026-04-17T06:28:59,sandwich,20,30,0.05,correlation,15,0.1,euclidean,25,,eom,cosine,42,5,0.3456,38,86,221
2026-04-17T06:28:59,sandwich,20,30,0.05,correlation,15,0.1,cosine,25,,eom,cosine,42,5,0.3456,38,86,221
2026-04-17T06:29:11,sandwich,20,30,0.05,cosine,15,0.1,euclidean,25,,leaf,euclidean,42,5,0.3757,30,79,218
2026-04-17T06:29:11,sandwich,20,30,0.05,cosine,15,0.1,euclidean,25,,leaf,cosine,42,5,0.3675,30,80,213
2026-04-17T06:29:11,sandwich,20,30,0.05,cosine,15,0.1,cosine,25,,leaf,cosine,42,5,0.3675,30,80,213
2026-04-17T06:29:11,sandwich,20,30,0.05,cosine,15,0.1,cosine,25,,leaf,euclidean,42,5,0.3757,30,79,218
2026-04-17T06:29:23,sandwich,20,30,0.05,euclidean,15,0.1,euclidean,25,,leaf,euclidean,42,5,0.4071,32,77,187
2026-04-17T06:29:23,sandwich,20,30,0.05,euclidean,15,0.1,euclidean,25,,leaf,cosine,42,5,0.388,32,80,186
2026-04-17T06:29:23,sandwich,20,30,0.05,euclidean,15,0.1,cosine,25,,leaf,euclidean,42,5,0.4071,32,77,187
2026-04-17T06:29:23,sandwich,20,30,0.05,euclidean,15,0.1,cosine,25,,leaf,cosine,42,5,0.388,32,80,186
2026-04-17T06:29:36,sandwich,20,30,0.05,correlation,15,0.1,euclidean,25,,leaf,euclidean,42,5,0.3566,34,81,223
2026-04-17T06:29:36,sandwich,20,30,0.05,correlation,15,0.1,cosine,25,,leaf,euclidean,42,5,0.3566,34,81,223
2026-04-17T06:29:36,sandwich,20,30,0.05,correlation,15,0.1,cosine,25,,leaf,cosine,42,5,0.3456,38,86,221
2026-04-17T06:29:36,sandwich,20,30,0.05,correlation,15,0.1,euclidean,25,,leaf,cosine,42,5,0.3456,38,86,221
2026-04-17T06:29:48,sandwich,30,10,0.0,cosine,15,0.1,cosine,10,,eom,euclidean,42,14,0.1749,10,25,244
2026-04-17T06:29:48,sandwich,30,10,0.0,cosine,15,0.1,euclidean,10,,eom,euclidean,42,14,0.1749,10,25,244
2026-04-17T06:29:48,sandwich,30,10,0.0,cosine,15,0.1,euclidean,10,,eom,cosine,42,20,0.3005,10,20,87
2026-04-17T06:29:48,sandwich,30,10,0.0,cosine,15,0.1,cosine,10,,eom,cosine,42,20,0.3005,10,20,87
2026-04-17T06:30:00,sandwich,30,10,0.0,euclidean,15,0.1,euclidean,10,,eom,euclidean,42,2,0.0,17,366,715
2026-04-17T06:30:00,sandwich,30,10,0.0,euclidean,15,0.1,cosine,10,,eom,euclidean,42,2,0.0,17,366,715
2026-04-17T06:30:00,sandwich,30,10,0.0,euclidean,15,0.1,euclidean,10,,eom,cosine,42,17,0.2637,11,20,105
2026-04-17T06:30:01,sandwich,30,10,0.0,euclidean,15,0.1,cosine,10,,eom,cosine,42,17,0.2637,11,20,105
2026-04-17T06:30:13,sandwich,30,10,0.0,correlation,15,0.1,euclidean,10,,eom,cosine,42,22,0.2719,10,17,68
2026-04-17T06:30:13,sandwich,30,10,0.0,correlation,15,0.1,euclidean,10,,eom,euclidean,42,2,0.0,17,366,715
2026-04-17T06:30:14,sandwich,30,10,0.0,correlation,15,0.1,cosine,10,,eom,cosine,42,22,0.2719,10,17,68
2026-04-17T06:30:13,sandwich,30,10,0.0,correlation,15,0.1,cosine,10,,eom,euclidean,42,2,0.0,17,366,715
2026-04-17T06:30:25,sandwich,30,10,0.0,cosine,15,0.1,euclidean,10,,leaf,euclidean,42,22,0.3279,10,20,40
2026-04-17T06:30:25,sandwich,30,10,0.0,cosine,15,0.1,euclidean,10,,leaf,cosine,42,22,0.3429,10,17,40
2026-04-17T06:30:25,sandwich,30,10,0.0,cosine,15,0.1,cosine,10,,leaf,euclidean,42,22,0.3279,10,20,40
2026-04-17T06:30:25,sandwich,30,10,0.0,cosine,15,0.1,cosine,10,,leaf,cosine,42,22,0.3429,10,17,40
2026-04-17T06:30:38,sandwich,30,10,0.0,euclidean,15,0.1,euclidean,10,,leaf,cosine,42,20,0.3402,11,20,56
2026-04-17T06:30:38,sandwich,30,10,0.0,euclidean,15,0.1,euclidean,10,,leaf,euclidean,42,21,0.3388,10,20,57
2026-04-17T06:30:38,sandwich,30,10,0.0,euclidean,15,0.1,cosine,10,,leaf,cosine,42,20,0.3402,11,20,56
2026-04-17T06:30:38,sandwich,30,10,0.0,euclidean,15,0.1,cosine,10,,leaf,euclidean,42,21,0.3388,10,20,57
2026-04-17T06:30:50,sandwich,30,10,0.0,correlation,15,0.1,cosine,10,,leaf,cosine,42,23,0.3019,10,17,68
2026-04-17T06:30:50,sandwich,30,10,0.0,correlation,15,0.1,euclidean,10,,leaf,euclidean,42,23,0.3005,10,17,68
2026-04-17T06:30:50,sandwich,30,10,0.0,correlation,15,0.1,cosine,10,,leaf,euclidean,42,23,0.3005,10,17,68
2026-04-17T06:30:50,sandwich,30,10,0.0,correlation,15,0.1,euclidean,10,,leaf,cosine,42,23,0.3019,10,17,68
2026-04-17T06:31:03,sandwich,30,10,0.0,cosine,15,0.1,euclidean,15,,eom,euclidean,42,10,0.1967,17,30,238
2026-04-17T06:31:03,sandwich,30,10,0.0,cosine,15,0.1,euclidean,15,,eom,cosine,42,10,0.1995,17,30,236
2026-04-17T06:31:03,sandwich,30,10,0.0,cosine,15,0.1,cosine,15,,eom,cosine,42,10,0.1995,17,30,236
2026-04-17T06:31:03,sandwich,30,10,0.0,cosine,15,0.1,cosine,15,,eom,euclidean,42,10,0.1967,17,30,238
2026-04-17T06:31:15,sandwich,30,10,0.0,euclidean,15,0.1,euclidean,15,,eom,euclidean,42,2,0.0,17,366,715
2026-04-17T06:31:15,sandwich,30,10,0.0,euclidean,15,0.1,euclidean,15,,eom,cosine,42,10,0.1844,16,27,217
2026-04-17T06:31:15,sandwich,30,10,0.0,euclidean,15,0.1,cosine,15,,eom,euclidean,42,2,0.0,17,366,715
2026-04-17T06:31:15,sandwich,30,10,0.0,euclidean,15,0.1,cosine,15,,eom,cosine,42,10,0.1844,16,27,217
2026-04-17T06:31:27,sandwich,30,10,0.0,correlation,15,0.1,euclidean,15,,eom,euclidean,42,2,0.0,17,366,715
2026-04-17T06:31:28,sandwich,30,10,0.0,correlation,15,0.1,euclidean,15,,eom,cosine,42,10,0.1981,17,28,235
2026-04-17T06:31:28,sandwich,30,10,0.0,correlation,15,0.1,cosine,15,,eom,euclidean,42,2,0.0,17,366,715
2026-04-17T06:31:28,sandwich,30,10,0.0,correlation,15,0.1,cosine,15,,eom,cosine,42,10,0.1981,17,28,235
2026-04-17T06:31:40,sandwich,30,10,0.0,cosine,15,0.1,euclidean,15,,leaf,euclidean,42,13,0.3784,17,31,81
2026-04-17T06:31:40,sandwich,30,10,0.0,cosine,15,0.1,cosine,15,,leaf,cosine,42,14,0.4153,16,29,82
2026-04-17T06:31:41,sandwich,30,10,0.0,cosine,15,0.1,euclidean,15,,leaf,cosine,42,14,0.4153,16,29,82
2026-04-17T06:31:41,sandwich,30,10,0.0,cosine,15,0.1,cosine,15,,leaf,euclidean,42,13,0.3784,17,31,81
2026-04-17T06:31:52,sandwich,30,10,0.0,euclidean,15,0.1,cosine,15,,leaf,euclidean,42,16,0.4235,15,21,74
2026-04-17T06:31:52,sandwich,30,10,0.0,euclidean,15,0.1,euclidean,15,,leaf,cosine,42,15,0.4495,16,22,76
2026-04-17T06:31:52,sandwich,30,10,0.0,euclidean,15,0.1,euclidean,15,,leaf,euclidean,42,16,0.4235,15,21,74
2026-04-17T06:31:52,sandwich,30,10,0.0,euclidean,15,0.1,cosine,15,,leaf,cosine,42,15,0.4495,16,22,76
2026-04-17T06:32:05,sandwich,30,10,0.0,correlation,15,0.1,euclidean,15,,leaf,euclidean,42,13,0.3456,17,27,87
2026-04-17T06:32:05,sandwich,30,10,0.0,correlation,15,0.1,cosine,15,,leaf,euclidean,42,13,0.3456,17,27,87
2026-04-17T06:32:05,sandwich,30,10,0.0,correlation,15,0.1,euclidean,15,,leaf,cosine,42,13,0.3511,17,30,82
2026-04-17T06:32:05,sandwich,30,10,0.0,correlation,15,0.1,cosine,15,,leaf,cosine,42,13,0.3511,17,30,82
2026-04-17T06:32:18,sandwich,30,10,0.0,cosine,15,0.1,euclidean,25,,eom,cosine,42,5,0.3074,30,91,221
2026-04-17T06:32:18,sandwich,30,10,0.0,cosine,15,0.1,cosine,25,,eom,euclidean,42,5,0.3005,32,93,220
2026-04-17T06:32:18,sandwich,30,10,0.0,cosine,15,0.1,cosine,25,,eom,cosine,42,5,0.3074,30,91,221
2026-04-17T06:32:18,sandwich,30,10,0.0,cosine,15,0.1,euclidean,25,,eom,euclidean,42,5,0.3005,32,93,220
2026-04-17T06:32:29,sandwich,30,10,0.0,euclidean,15,0.1,euclidean,25,,eom,euclidean,42,5,0.3825,34,74,197
2026-04-17T06:32:29,sandwich,30,10,0.0,euclidean,15,0.1,euclidean,25,,eom,cosine,42,5,0.3784,34,75,196
2026-04-17T06:32:30,sandwich,30,10,0.0,euclidean,15,0.1,cosine,25,,eom,euclidean,42,5,0.3825,34,74,197
2026-04-17T06:32:30,sandwich,30,10,0.0,euclidean,15,0.1,cosine,25,,eom,cosine,42,5,0.3784,34,75,196
2026-04-17T06:32:42,sandwich,30,10,0.0,correlation,15,0.1,cosine,25,,eom,euclidean,42,5,0.3046,33,94,220
2026-04-17T06:32:43,sandwich,30,10,0.0,correlation,15,0.1,cosine,25,,eom,cosine,42,5,0.3101,34,93,222
2026-04-17T06:32:43,sandwich,30,10,0.0,correlation,15,0.1,euclidean,25,,eom,cosine,42,5,0.3101,34,93,222
2026-04-17T06:32:43,sandwich,30,10,0.0,correlation,15,0.1,euclidean,25,,eom,euclidean,42,5,0.3046,33,94,220
2026-04-17T06:32:54,sandwich,30,10,0.0,cosine,15,0.1,euclidean,25,,leaf,euclidean,42,6,0.459,32,58,104
2026-04-17T06:32:54,sandwich,30,10,0.0,cosine,15,0.1,cosine,25,,leaf,euclidean,42,6,0.459,32,58,104
2026-04-17T06:32:54,sandwich,30,10,0.0,cosine,15,0.1,euclidean,25,,leaf,cosine,42,6,0.4822,30,56,104
2026-04-17T06:32:55,sandwich,30,10,0.0,cosine,15,0.1,cosine,25,,leaf,cosine,42,6,0.4822,30,56,104
2026-04-17T06:33:07,sandwich,30,10,0.0,euclidean,15,0.1,euclidean,25,,leaf,euclidean,42,6,0.5205,34,65,76
2026-04-17T06:33:07,sandwich,30,10,0.0,euclidean,15,0.1,euclidean,25,,leaf,cosine,42,6,0.5369,26,63,78
2026-04-17T06:33:07,sandwich,30,10,0.0,euclidean,15,0.1,cosine,25,,leaf,cosine,42,6,0.5369,26,63,78
2026-04-17T06:33:07,sandwich,30,10,0.0,euclidean,15,0.1,cosine,25,,leaf,euclidean,42,6,0.5205,34,65,76
2026-04-17T06:33:20,sandwich,30,10,0.0,correlation,15,0.1,cosine,25,,leaf,euclidean,42,6,0.4317,33,64,105
2026-04-17T06:33:20,sandwich,30,10,0.0,correlation,15,0.1,euclidean,25,,leaf,euclidean,42,6,0.4317,33,64,105
2026-04-17T06:33:20,sandwich,30,10,0.0,correlation,15,0.1,cosine,25,,leaf,cosine,42,6,0.4467,34,64,98
2026-04-17T06:33:20,sandwich,30,10,0.0,correlation,15,0.1,euclidean,25,,leaf,cosine,42,6,0.4467,34,64,98
2026-04-17T06:33:32,sandwich,30,10,0.05,cosine,15,0.1,euclidean,10,,eom,euclidean,42,2,0.0,17,366,715
2026-04-17T06:33:32,sandwich,30,10,0.05,cosine,15,0.1,cosine,10,,eom,cosine,42,18,0.3292,11,25,85
2026-04-17T06:33:32,sandwich,30,10,0.05,cosine,15,0.1,cosine,10,,eom,euclidean,42,2,0.0,17,366,715
2026-04-17T06:33:32,sandwich,30,10,0.05,cosine,15,0.1,euclidean,10,,eom,cosine,42,18,0.3292,11,25,85
2026-04-17T06:33:44,sandwich,30,10,0.05,euclidean,15,0.1,euclidean,10,,eom,euclidean,42,2,0.0,17,366,715
2026-04-17T06:33:44,sandwich,30,10,0.05,euclidean,15,0.1,euclidean,10,,eom,cosine,42,17,0.3128,14,20,73
2026-04-17T06:33:44,sandwich,30,10,0.05,euclidean,15,0.1,cosine,10,,eom,euclidean,42,2,0.0,17,366,715
2026-04-17T06:33:44,sandwich,30,10,0.05,euclidean,15,0.1,cosine,10,,eom,cosine,42,17,0.3128,14,20,73
2026-04-17T06:33:56,sandwich,30,10,0.05,correlation,15,0.1,cosine,10,,eom,euclidean,42,2,0.0,16,366,716
2026-04-17T06:33:56,sandwich,30,10,0.05,correlation,15,0.1,cosine,10,,eom,cosine,42,14,0.2117,11,24,237
2026-04-17T06:33:57,sandwich,30,10,0.05,correlation,15,0.1,euclidean,10,,eom,euclidean,42,2,0.0,16,366,716
2026-04-17T06:33:57,sandwich,30,10,0.05,correlation,15,0.1,euclidean,10,,eom,cosine,42,14,0.2117,11,24,237
2026-04-17T06:34:09,sandwich,30,10,0.05,cosine,15,0.1,euclidean,10,,leaf,euclidean,42,20,0.3538,13,22,41
2026-04-17T06:34:09,sandwich,30,10,0.05,cosine,15,0.1,euclidean,10,,leaf,cosine,42,20,0.377,11,20,39
2026-04-17T06:34:09,sandwich,30,10,0.05,cosine,15,0.1,cosine,10,,leaf,euclidean,42,20,0.3538,13,22,41
2026-04-17T06:34:09,sandwich,30,10,0.05,cosine,15,0.1,cosine,10,,leaf,cosine,42,20,0.377,11,20,39
2026-04-17T06:34:21,sandwich,30,10,0.05,euclidean,15,0.1,euclidean,10,,leaf,euclidean,42,18,0.3648,12,21,62
2026-04-17T06:34:21,sandwich,30,10,0.05,euclidean,15,0.1,euclidean,10,,leaf,cosine,42,18,0.347,14,21,68
2026-04-17T06:34:21,sandwich,30,10,0.05,euclidean,15,0.1,cosine,10,,leaf,cosine,42,18,0.347,14,21,68
2026-04-17T06:34:21,sandwich,30,10,0.05,euclidean,15,0.1,cosine,10,,leaf,euclidean,42,18,0.3648,12,21,62
2026-04-17T06:34:34,sandwich,30,10,0.05,correlation,15,0.1,euclidean,10,,leaf,euclidean,42,21,0.332,10,17,65
2026-04-17T06:34:34,sandwich,30,10,0.05,correlation,15,0.1,cosine,10,,leaf,cosine,42,19,0.3538,10,21,66
2026-04-17T06:34:34,sandwich,30,10,0.05,correlation,15,0.1,cosine,10,,leaf,euclidean,42,21,0.332,10,17,65
2026-04-17T06:34:35,sandwich,30,10,0.05,correlation,15,0.1,euclidean,10,,leaf,cosine,42,19,0.3538,10,21,66
2026-04-17T06:34:47,sandwich,30,10,0.05,cosine,15,0.1,cosine,15,,eom,euclidean,42,2,0.0,17,366,715
2026-04-17T06:34:47,sandwich,30,10,0.05,cosine,15,0.1,euclidean,15,,eom,euclidean,42,2,0.0,17,366,715
2026-04-17T06:34:47,sandwich,30,10,0.05,cosine,15,0.1,euclidean,15,,eom,cosine,42,9,0.2077,17,32,222
2026-04-17T06:34:47,sandwich,30,10,0.05,cosine,15,0.1,cosine,15,,eom,cosine,42,9,0.2077,17,32,222
2026-04-17T06:34:59,sandwich,30,10,0.05,euclidean,15,0.1,euclidean,15,,eom,euclidean,42,2,0.0,17,366,715
2026-04-17T06:34:59,sandwich,30,10,0.05,euclidean,15,0.1,euclidean,15,,eom,cosine,42,2,0.0,17,366,715
2026-04-17T06:34:59,sandwich,30,10,0.05,euclidean,15,0.1,cosine,15,,eom,euclidean,42,2,0.0,17,366,715
2026-04-17T06:34:59,sandwich,30,10,0.05,euclidean,15,0.1,cosine,15,,eom,cosine,42,2,0.0,17,366,715
2026-04-17T06:35:11,sandwich,30,10,0.05,correlation,15,0.1,euclidean,15,,eom,cosine,42,11,0.3005,16,28,227
2026-04-17T06:35:11,sandwich,30,10,0.05,correlation,15,0.1,euclidean,15,,eom,euclidean,42,2,0.0014,16,365,715
2026-04-17T06:35:11,sandwich,30,10,0.05,correlation,15,0.1,cosine,15,,eom,euclidean,42,2,0.0014,16,365,715
2026-04-17T06:35:11,sandwich,30,10,0.05,correlation,15,0.1,cosine,15,,eom,cosine,42,11,0.3005,16,28,227
2026-04-17T06:35:23,sandwich,30,10,0.05,cosine,15,0.1,euclidean,15,,leaf,euclidean,42,13,0.4276,17,27,72
2026-04-17T06:35:23,sandwich,30,10,0.05,cosine,15,0.1,euclidean,15,,leaf,cosine,42,13,0.4249,17,26,71
2026-04-17T06:35:23,sandwich,30,10,0.05,cosine,15,0.1,cosine,15,,leaf,cosine,42,13,0.4249,17,26,71
2026-04-17T06:35:23,sandwich,30,10,0.05,cosine,15,0.1,cosine,15,,leaf,euclidean,42,13,0.4276,17,27,72
2026-04-17T06:35:35,sandwich,30,10,0.05,euclidean,15,0.1,euclidean,15,,leaf,euclidean,42,15,0.3921,15,18,96
2026-04-17T06:35:36,sandwich,30,10,0.05,euclidean,15,0.1,euclidean,15,,leaf,cosine,42,15,0.3839,15,18,98
2026-04-17T06:35:36,sandwich,30,10,0.05,euclidean,15,0.1,cosine,15,,leaf,euclidean,42,15,0.3921,15,18,96
2026-04-17T06:35:36,sandwich,30,10,0.05,euclidean,15,0.1,cosine,15,,leaf,cosine,42,15,0.3839,15,18,98
2026-04-17T06:35:48,sandwich,30,10,0.05,correlation,15,0.1,euclidean,15,,leaf,euclidean,42,13,0.4249,16,25,74
2026-04-17T06:35:48,sandwich,30,10,0.05,correlation,15,0.1,euclidean,15,,leaf,cosine,42,13,0.4331,16,28,65
2026-04-17T06:35:48,sandwich,30,10,0.05,correlation,15,0.1,cosine,15,,leaf,cosine,42,13,0.4331,16,28,65
2026-04-17T06:35:48,sandwich,30,10,0.05,correlation,15,0.1,cosine,15,,leaf,euclidean,42,13,0.4249,16,25,74
2026-04-17T06:36:01,sandwich,30,10,0.05,cosine,15,0.1,euclidean,25,,eom,euclidean,42,5,0.3347,32,86,219
2026-04-17T06:36:01,sandwich,30,10,0.05,cosine,15,0.1,euclidean,25,,eom,cosine,42,5,0.3361,32,87,215
2026-04-17T06:36:01,sandwich,30,10,0.05,cosine,15,0.1,cosine,25,,eom,euclidean,42,5,0.3347,32,86,219
2026-04-17T06:36:01,sandwich,30,10,0.05,cosine,15,0.1,cosine,25,,eom,cosine,42,5,0.3361,32,87,215
2026-04-17T06:36:13,sandwich,30,10,0.05,euclidean,15,0.1,euclidean,25,,eom,euclidean,42,5,0.388,31,75,191
2026-04-17T06:36:13,sandwich,30,10,0.05,euclidean,15,0.1,euclidean,25,,eom,cosine,42,5,0.388,31,74,192
2026-04-17T06:36:13,sandwich,30,10,0.05,euclidean,15,0.1,cosine,25,,eom,euclidean,42,5,0.388,31,75,191
2026-04-17T06:36:13,sandwich,30,10,0.05,euclidean,15,0.1,cosine,25,,eom,cosine,42,5,0.388,31,74,192
2026-04-17T06:36:25,sandwich,30,10,0.05,correlation,15,0.1,euclidean,25,,eom,euclidean,42,5,0.362,34,80,212
2026-04-17T06:36:25,sandwich,30,10,0.05,correlation,15,0.1,euclidean,25,,eom,cosine,42,5,0.3661,33,78,209
2026-04-17T06:36:25,sandwich,30,10,0.05,correlation,15,0.1,cosine,25,,eom,euclidean,42,5,0.362,34,80,212
2026-04-17T06:36:25,sandwich,30,10,0.05,correlation,15,0.1,cosine,25,,eom,cosine,42,5,0.3661,33,78,209
2026-04-17T06:36:38,sandwich,30,10,0.05,cosine,15,0.1,euclidean,25,,leaf,cosine,42,6,0.5137,32,51,97
2026-04-17T06:36:38,sandwich,30,10,0.05,cosine,15,0.1,euclidean,25,,leaf,euclidean,42,6,0.5041,32,50,97
2026-04-17T06:36:38,sandwich,30,10,0.05,cosine,15,0.1,cosine,25,,leaf,euclidean,42,6,0.5041,32,50,97
2026-04-17T06:36:38,sandwich,30,10,0.05,cosine,15,0.1,cosine,25,,leaf,cosine,42,6,0.5137,32,51,97
2026-04-17T06:36:49,sandwich,30,10,0.05,euclidean,15,0.1,euclidean,25,,leaf,euclidean,42,6,0.5342,31,62,77
2026-04-17T06:36:49,sandwich,30,10,0.05,euclidean,15,0.1,cosine,25,,leaf,euclidean,42,6,0.5342,31,62,77
2026-04-17T06:36:49,sandwich,30,10,0.05,euclidean,15,0.1,euclidean,25,,leaf,cosine,42,6,0.5328,28,66,77
2026-04-17T06:36:50,sandwich,30,10,0.05,euclidean,15,0.1,cosine,25,,leaf,cosine,42,6,0.5328,28,66,77
2026-04-17T06:37:02,sandwich,30,10,0.05,correlation,15,0.1,euclidean,25,,leaf,euclidean,42,6,0.4836,34,61,96
2026-04-17T06:37:02,sandwich,30,10,0.05,correlation,15,0.1,cosine,25,,leaf,euclidean,42,6,0.4836,34,61,96
2026-04-17T06:37:03,sandwich,30,10,0.05,correlation,15,0.1,cosine,25,,leaf,cosine,42,6,0.5068,33,57,97
2026-04-17T06:37:03,sandwich,30,10,0.05,correlation,15,0.1,euclidean,25,,leaf,cosine,42,6,0.5068,33,57,97
2026-04-17T06:37:15,sandwich,30,15,0.0,cosine,15,0.1,euclidean,10,,eom,euclidean,42,14,0.1107,10,20,242
2026-04-17T06:37:15,sandwich,30,15,0.0,cosine,15,0.1,cosine,10,,eom,cosine,42,16,0.1653,11,20,240
2026-04-17T06:37:15,sandwich,30,15,0.0,cosine,15,0.1,cosine,10,,eom,euclidean,42,14,0.1107,10,20,242
2026-04-17T06:37:15,sandwich,30,15,0.0,cosine,15,0.1,euclidean,10,,eom,cosine,42,16,0.1653,11,20,240
2026-04-17T06:37:27,sandwich,30,15,0.0,euclidean,15,0.1,cosine,10,,eom,euclidean,42,2,0.0,17,366,715
2026-04-17T06:37:27,sandwich,30,15,0.0,euclidean,15,0.1,euclidean,10,,eom,euclidean,42,2,0.0,17,366,715
2026-04-17T06:37:27,sandwich,30,15,0.0,euclidean,15,0.1,euclidean,10,,eom,cosine,42,18,0.3292,10,21,73
2026-04-17T06:37:27,sandwich,30,15,0.0,euclidean,15,0.1,cosine,10,,eom,cosine,42,18,0.3292,10,21,73
2026-04-17T06:37:40,sandwich,30,15,0.0,correlation,15,0.1,cosine,10,,eom,euclidean,42,13,0.1202,11,21,234
2026-04-17T06:37:40,sandwich,30,15,0.0,correlation,15,0.1,euclidean,10,,eom,euclidean,42,13,0.1202,11,21,234
2026-04-17T06:37:40,sandwich,30,15,0.0,correlation,15,0.1,cosine,10,,eom,cosine,42,19,0.2432,10,21,103
2026-04-17T06:37:40,sandwich,30,15,0.0,correlation,15,0.1,euclidean,10,,eom,cosine,42,19,0.2432,10,21,103
2026-04-17T06:37:52,sandwich,30,15,0.0,cosine,15,0.1,cosine,10,,leaf,euclidean,42,23,0.3579,10,17,47
2026-04-17T06:37:52,sandwich,30,15,0.0,cosine,15,0.1,euclidean,10,,leaf,cosine,42,22,0.3347,11,18,55
2026-04-17T06:37:52,sandwich,30,15,0.0,cosine,15,0.1,euclidean,10,,leaf,euclidean,42,23,0.3579,10,17,47
2026-04-17T06:37:52,sandwich,30,15,0.0,cosine,15,0.1,cosine,10,,leaf,cosine,42,22,0.3347,11,18,55
2026-04-17T06:38:04,sandwich,30,15,0.0,euclidean,15,0.1,euclidean,10,,leaf,cosine,42,20,0.373,10,19,64
2026-04-17T06:38:04,sandwich,30,15,0.0,euclidean,15,0.1,euclidean,10,,leaf,euclidean,42,20,0.3798,10,19,65
2026-04-17T06:38:04,sandwich,30,15,0.0,euclidean,15,0.1,cosine,10,,leaf,euclidean,42,20,0.3798,10,19,65
2026-04-17T06:38:05,sandwich,30,15,0.0,euclidean,15,0.1,cosine,10,,leaf,cosine,42,20,0.373,10,19,64
2026-04-17T06:38:18,sandwich,30,15,0.0,correlation,15,0.1,euclidean,10,,leaf,euclidean,42,21,0.3648,10,18,44
2026-04-17T06:38:18,sandwich,30,15,0.0,correlation,15,0.1,euclidean,10,,leaf,cosine,42,22,0.3634,10,17,46
2026-04-17T06:38:18,sandwich,30,15,0.0,correlation,15,0.1,cosine,10,,leaf,euclidean,42,21,0.3648,10,18,44
2026-04-17T06:38:18,sandwich,30,15,0.0,correlation,15,0.1,cosine,10,,leaf,cosine,42,22,0.3634,10,17,46
2026-04-17T06:38:29,sandwich,30,15,0.0,cosine,15,0.1,euclidean,15,,eom,euclidean,42,2,0.0,17,366,715
2026-04-17T06:38:29,sandwich,30,15,0.0,cosine,15,0.1,cosine,15,,eom,euclidean,42,2,0.0,17,366,715
2026-04-17T06:38:30,sandwich,30,15,0.0,cosine,15,0.1,cosine,15,,eom,cosine,42,10,0.2077,17,29,240
2026-04-17T06:38:30,sandwich,30,15,0.0,cosine,15,0.1,euclidean,15,,eom,cosine,42,10,0.2077,17,29,240
2026-04-17T06:38:42,sandwich,30,15,0.0,euclidean,15,0.1,euclidean,15,,eom,euclidean,42,2,0.0,17,366,715
2026-04-17T06:38:42,sandwich,30,15,0.0,euclidean,15,0.1,euclidean,15,,eom,cosine,42,8,0.1913,17,46,247
2026-04-17T06:38:42,sandwich,30,15,0.0,euclidean,15,0.1,cosine,15,,eom,cosine,42,8,0.1913,17,46,247
2026-04-17T06:38:42,sandwich,30,15,0.0,euclidean,15,0.1,cosine,15,,eom,euclidean,42,2,0.0,17,366,715
2026-04-17T06:38:54,sandwich,30,15,0.0,correlation,15,0.1,euclidean,15,,eom,euclidean,42,2,0.0164,17,360,703
2026-04-17T06:38:54,sandwich,30,15,0.0,correlation,15,0.1,cosine,15,,eom,euclidean,42,2,0.0164,17,360,703
2026-04-17T06:38:55,sandwich,30,15,0.0,correlation,15,0.1,euclidean,15,,eom,cosine,42,11,0.2787,17,26,233
2026-04-17T06:38:55,sandwich,30,15,0.0,correlation,15,0.1,cosine,15,,eom,cosine,42,11,0.2787,17,26,233
2026-04-17T06:39:07,sandwich,30,15,0.0,cosine,15,0.1,euclidean,15,,leaf,cosine,42,14,0.4331,17,26,63
2026-04-17T06:39:07,sandwich,30,15,0.0,cosine,15,0.1,euclidean,15,,leaf,euclidean,42,14,0.4413,16,24,64
2026-04-17T06:39:07,sandwich,30,15,0.0,cosine,15,0.1,cosine,15,,leaf,cosine,42,14,0.4331,17,26,63
2026-04-17T06:39:07,sandwich,30,15,0.0,cosine,15,0.1,cosine,15,,leaf,euclidean,42,14,0.4413,16,24,64
2026-04-17T06:39:20,sandwich,30,15,0.0,euclidean,15,0.1,euclidean,15,,leaf,cosine,42,13,0.5369,17,22,62
2026-04-17T06:39:20,sandwich,30,15,0.0,euclidean,15,0.1,euclidean,15,,leaf,euclidean,42,13,0.5423,17,22,57
2026-04-17T06:39:20,sandwich,30,15,0.0,euclidean,15,0.1,cosine,15,,leaf,euclidean,42,13,0.5423,17,22,57
2026-04-17T06:39:20,sandwich,30,15,0.0,euclidean,15,0.1,cosine,15,,leaf,cosine,42,13,0.5369,17,22,62
2026-04-17T06:39:32,sandwich,30,15,0.0,correlation,15,0.1,cosine,15,,leaf,euclidean,42,15,0.4426,15,26,59
2026-04-17T06:39:32,sandwich,30,15,0.0,correlation,15,0.1,euclidean,15,,leaf,euclidean,42,15,0.4426,15,26,59
2026-04-17T06:39:32,sandwich,30,15,0.0,correlation,15,0.1,cosine,15,,leaf,cosine,42,15,0.429,15,25,67
2026-04-17T06:39:32,sandwich,30,15,0.0,correlation,15,0.1,euclidean,15,,leaf,cosine,42,15,0.429,15,25,67
2026-04-17T06:39:45,sandwich,30,15,0.0,cosine,15,0.1,euclidean,25,,eom,cosine,42,5,0.2951,35,88,229
2026-04-17T06:39:45,sandwich,30,15,0.0,cosine,15,0.1,euclidean,25,,eom,euclidean,42,5,0.2814,33,98,228
2026-04-17T06:39:45,sandwich,30,15,0.0,cosine,15,0.1,cosine,25,,eom,euclidean,42,5,0.2814,33,98,228
2026-04-17T06:39:45,sandwich,30,15,0.0,cosine,15,0.1,cosine,25,,eom,cosine,42,5,0.2951,35,88,229
2026-04-17T06:39:56,sandwich,30,15,0.0,euclidean,15,0.1,euclidean,25,,eom,euclidean,42,5,0.3251,35,88,205
2026-04-17T06:39:57,sandwich,30,15,0.0,euclidean,15,0.1,euclidean,25,,eom,cosine,42,5,0.3156,35,86,212
2026-04-17T06:39:57,sandwich,30,15,0.0,euclidean,15,0.1,cosine,25,,eom,euclidean,42,5,0.3251,35,88,205
2026-04-17T06:39:57,sandwich,30,15,0.0,euclidean,15,0.1,cosine,25,,eom,cosine,42,5,0.3156,35,86,212
2026-04-17T06:40:10,sandwich,30,15,0.0,correlation,15,0.1,euclidean,25,,eom,euclidean,42,5,0.3019,35,90,228
2026-04-17T06:40:10,sandwich,30,15,0.0,correlation,15,0.1,euclidean,25,,eom,cosine,42,5,0.3142,36,84,223
2026-04-17T06:40:10,sandwich,30,15,0.0,correlation,15,0.1,cosine,25,,eom,cosine,42,5,0.3142,36,84,223
2026-04-17T06:40:10,sandwich,30,15,0.0,correlation,15,0.1,cosine,25,,eom,euclidean,42,5,0.3019,35,90,228
2026-04-17T06:40:22,sandwich,30,15,0.0,cosine,15,0.1,euclidean,25,,leaf,cosine,42,5,0.2951,35,88,229
2026-04-17T06:40:22,sandwich,30,15,0.0,cosine,15,0.1,euclidean,25,,leaf,euclidean,42,6,0.4385,33,58,108
2026-04-17T06:40:22,sandwich,30,15,0.0,cosine,15,0.1,cosine,25,,leaf,cosine,42,5,0.2951,35,88,229
2026-04-17T06:40:22,sandwich,30,15,0.0,cosine,15,0.1,cosine,25,,leaf,euclidean,42,6,0.4385,33,58,108
2026-04-17T06:40:34,sandwich,30,15,0.0,euclidean,15,0.1,euclidean,25,,leaf,euclidean,42,6,0.4768,35,64,92
2026-04-17T06:40:34,sandwich,30,15,0.0,euclidean,15,0.1,cosine,25,,leaf,cosine,42,5,0.3156,35,86,212
2026-04-17T06:40:34,sandwich,30,15,0.0,euclidean,15,0.1,euclidean,25,,leaf,cosine,42,5,0.3156,35,86,212
2026-04-17T06:40:34,sandwich,30,15,0.0,euclidean,15,0.1,cosine,25,,leaf,euclidean,42,6,0.4768,35,64,92
2026-04-17T06:40:47,sandwich,30,15,0.0,correlation,15,0.1,euclidean,25,,leaf,cosine,42,6,0.4781,36,55,103
2026-04-17T06:40:47,sandwich,30,15,0.0,correlation,15,0.1,euclidean,25,,leaf,euclidean,42,6,0.4549,35,58,101
2026-04-17T06:40:47,sandwich,30,15,0.0,correlation,15,0.1,cosine,25,,leaf,euclidean,42,6,0.4549,35,58,101
2026-04-17T06:40:47,sandwich,30,15,0.0,correlation,15,0.1,cosine,25,,leaf,cosine,42,6,0.4781,36,55,103
2026-04-17T06:40:59,sandwich,30,15,0.05,cosine,15,0.1,euclidean,10,,eom,euclidean,42,2,0.0,17,366,715
2026-04-17T06:40:59,sandwich,30,15,0.05,cosine,15,0.1,cosine,10,,eom,euclidean,42,2,0.0,17,366,715
2026-04-17T06:40:59,sandwich,30,15,0.05,cosine,15,0.1,cosine,10,,eom,cosine,42,16,0.1858,10,19,240
2026-04-17T06:40:59,sandwich,30,15,0.05,cosine,15,0.1,euclidean,10,,eom,cosine,42,16,0.1858,10,19,240
2026-04-17T06:41:11,sandwich,30,15,0.05,euclidean,15,0.1,euclidean,10,,eom,cosine,42,16,0.3607,13,23,74
2026-04-17T06:41:12,sandwich,30,15,0.05,euclidean,15,0.1,euclidean,10,,eom,euclidean,42,2,0.0,17,366,715
2026-04-17T06:41:12,sandwich,30,15,0.05,euclidean,15,0.1,cosine,10,,eom,euclidean,42,2,0.0,17,366,715
2026-04-17T06:41:12,sandwich,30,15,0.05,euclidean,15,0.1,cosine,10,,eom,cosine,42,16,0.3607,13,23,74
2026-04-17T06:41:25,sandwich,30,15,0.05,correlation,15,0.1,cosine,10,,eom,cosine,42,14,0.1913,12,25,227
2026-04-17T06:41:25,sandwich,30,15,0.05,correlation,15,0.1,euclidean,10,,eom,euclidean,42,14,0.1899,12,25,227
2026-04-17T06:41:25,sandwich,30,15,0.05,correlation,15,0.1,cosine,10,,eom,euclidean,42,14,0.1899,12,25,227
2026-04-17T06:41:25,sandwich,30,15,0.05,correlation,15,0.1,euclidean,10,,eom,cosine,42,14,0.1913,12,25,227
2026-04-17T06:41:37,sandwich,30,15,0.05,cosine,15,0.1,euclidean,10,,leaf,euclidean,42,22,0.3607,10,18,43
2026-04-17T06:41:37,sandwich,30,15,0.05,cosine,15,0.1,euclidean,10,,leaf,cosine,42,21,0.3306,10,18,62
2026-04-17T06:41:37,sandwich,30,15,0.05,cosine,15,0.1,cosine,10,,leaf,euclidean,42,22,0.3607,10,18,43
2026-04-17T06:41:37,sandwich,30,15,0.05,cosine,15,0.1,cosine,10,,leaf,cosine,42,21,0.3306,10,18,62
2026-04-17T06:41:49,sandwich,30,15,0.05,euclidean,15,0.1,cosine,10,,leaf,euclidean,42,18,0.4126,10,20,61
2026-04-17T06:41:49,sandwich,30,15,0.05,euclidean,15,0.1,euclidean,10,,leaf,euclidean,42,18,0.4126,10,20,61
2026-04-17T06:41:49,sandwich,30,15,0.05,euclidean,15,0.1,euclidean,10,,leaf,cosine,42,17,0.3975,13,23,58
2026-04-17T06:41:49,sandwich,30,15,0.05,euclidean,15,0.1,cosine,10,,leaf,cosine,42,17,0.3975,13,23,58
2026-04-17T06:42:02,sandwich,30,15,0.05,correlation,15,0.1,cosine,10,,leaf,euclidean,42,19,0.3033,12,22,79
2026-04-17T06:42:02,sandwich,30,15,0.05,correlation,15,0.1,euclidean,10,,leaf,cosine,42,20,0.362,11,22,40
2026-04-17T06:42:02,sandwich,30,15,0.05,correlation,15,0.1,cosine,10,,leaf,cosine,42,20,0.362,11,22,40
2026-04-17T06:42:02,sandwich,30,15,0.05,correlation,15,0.1,euclidean,10,,leaf,euclidean,42,19,0.3033,12,22,79
2026-04-17T06:42:14,sandwich,30,15,0.05,cosine,15,0.1,euclidean,15,,eom,euclidean,42,2,0.0,17,366,715
2026-04-17T06:42:14,sandwich,30,15,0.05,cosine,15,0.1,euclidean,15,,eom,cosine,42,9,0.2555,17,33,230
2026-04-17T06:42:14,sandwich,30,15,0.05,cosine,15,0.1,cosine,15,,eom,cosine,42,9,0.2555,17,33,230
2026-04-17T06:42:14,sandwich,30,15,0.05,cosine,15,0.1,cosine,15,,eom,euclidean,42,2,0.0,17,366,715
2026-04-17T06:42:27,sandwich,30,15,0.05,euclidean,15,0.1,euclidean,15,,eom,euclidean,42,2,0.0,17,366,715
2026-04-17T06:42:27,sandwich,30,15,0.05,euclidean,15,0.1,cosine,15,,eom,euclidean,42,2,0.0,17,366,715
2026-04-17T06:42:27,sandwich,30,15,0.05,euclidean,15,0.1,euclidean,15,,eom,cosine,42,2,0.0,17,366,715
2026-04-17T06:42:27,sandwich,30,15,0.05,euclidean,15,0.1,cosine,15,,eom,cosine,42,2,0.0,17,366,715
2026-04-17T06:42:39,sandwich,30,15,0.05,correlation,15,0.1,cosine,15,,eom,euclidean,42,2,0.0082,17,363,709
2026-04-17T06:42:39,sandwich,30,15,0.05,correlation,15,0.1,euclidean,15,,eom,euclidean,42,2,0.0082,17,363,709
2026-04-17T06:42:39,sandwich,30,15,0.05,correlation,15,0.1,euclidean,15,,eom,cosine,42,2,0.0082,17,363,709
2026-04-17T06:42:39,sandwich,30,15,0.05,correlation,15,0.1,cosine,15,,eom,cosine,42,2,0.0082,17,363,709
2026-04-17T06:42:52,sandwich,30,15,0.05,cosine,15,0.1,euclidean,15,,leaf,cosine,42,12,0.4877,17,23,72
2026-04-17T06:42:52,sandwich,30,15,0.05,cosine,15,0.1,euclidean,15,,leaf,euclidean,42,13,0.4768,16,24,67
2026-04-17T06:42:52,sandwich,30,15,0.05,cosine,15,0.1,cosine,15,,leaf,cosine,42,12,0.4877,17,23,72
2026-04-17T06:42:52,sandwich,30,15,0.05,cosine,15,0.1,cosine,15,,leaf,euclidean,42,13,0.4768,16,24,67
2026-04-17T06:43:03,sandwich,30,15,0.05,euclidean,15,0.1,euclidean,15,,leaf,cosine,42,12,0.4877,17,23,112
2026-04-17T06:43:03,sandwich,30,15,0.05,euclidean,15,0.1,euclidean,15,,leaf,euclidean,42,13,0.5669,15,22,46
2026-04-17T06:43:04,sandwich,30,15,0.05,euclidean,15,0.1,cosine,15,,leaf,euclidean,42,13,0.5669,15,22,46
2026-04-17T06:43:04,sandwich,30,15,0.05,euclidean,15,0.1,cosine,15,,leaf,cosine,42,12,0.4877,17,23,112
2026-04-17T06:43:17,sandwich,30,15,0.05,correlation,15,0.1,euclidean,15,,leaf,euclidean,42,13,0.4631,16,25,74
2026-04-17T06:43:17,sandwich,30,15,0.05,correlation,15,0.1,euclidean,15,,leaf,cosine,42,13,0.4577,17,26,75
2026-04-17T06:43:17,sandwich,30,15,0.05,correlation,15,0.1,cosine,15,,leaf,cosine,42,13,0.4577,17,26,75
2026-04-17T06:43:17,sandwich,30,15,0.05,correlation,15,0.1,cosine,15,,leaf,euclidean,42,13,0.4631,16,25,74
2026-04-17T06:43:29,sandwich,30,15,0.05,cosine,15,0.1,euclidean,25,,eom,euclidean,42,5,0.3101,32,90,225
2026-04-17T06:43:29,sandwich,30,15,0.05,cosine,15,0.1,euclidean,25,,eom,cosine,42,5,0.3033,33,93,224
2026-04-17T06:43:30,sandwich,30,15,0.05,cosine,15,0.1,cosine,25,,eom,cosine,42,5,0.3033,33,93,224
2026-04-17T06:43:30,sandwich,30,15,0.05,cosine,15,0.1,cosine,25,,eom,euclidean,42,5,0.3101,32,90,225
2026-04-17T06:43:41,sandwich,30,15,0.05,euclidean,15,0.1,euclidean,25,,eom,euclidean,42,5,0.3866,34,79,187
2026-04-17T06:43:41,sandwich,30,15,0.05,euclidean,15,0.1,cosine,25,,eom,euclidean,42,5,0.3866,34,79,187
2026-04-17T06:43:41,sandwich,30,15,0.05,euclidean,15,0.1,euclidean,25,,eom,cosine,42,5,0.4016,34,75,180
2026-04-17T06:43:41,sandwich,30,15,0.05,euclidean,15,0.1,cosine,25,,eom,cosine,42,5,0.4016,34,75,180
2026-04-17T06:43:54,sandwich,30,15,0.05,correlation,15,0.1,cosine,25,,eom,euclidean,42,5,0.3402,36,80,222
2026-04-17T06:43:54,sandwich,30,15,0.05,correlation,15,0.1,euclidean,25,,eom,euclidean,42,5,0.3402,36,80,222
2026-04-17T06:43:54,sandwich,30,15,0.05,correlation,15,0.1,euclidean,25,,eom,cosine,42,5,0.3757,37,73,204
2026-04-17T06:43:55,sandwich,30,15,0.05,correlation,15,0.1,cosine,25,,eom,cosine,42,5,0.3757,37,73,204
2026-04-17T06:44:06,sandwich,30,15,0.05,cosine,15,0.1,cosine,25,,leaf,euclidean,42,6,0.5328,30,42,105
2026-04-17T06:44:06,sandwich,30,15,0.05,cosine,15,0.1,euclidean,25,,leaf,euclidean,42,6,0.5328,30,42,105
2026-04-17T06:44:06,sandwich,30,15,0.05,cosine,15,0.1,cosine,25,,leaf,cosine,42,6,0.5,33,50,103
2026-04-17T06:44:06,sandwich,30,15,0.05,cosine,15,0.1,euclidean,25,,leaf,cosine,42,6,0.5,33,50,103
2026-04-17T06:44:19,sandwich,30,15,0.05,euclidean,15,0.1,euclidean,25,,leaf,cosine,42,6,0.5232,34,62,76
2026-04-17T06:44:19,sandwich,30,15,0.05,euclidean,15,0.1,euclidean,25,,leaf,euclidean,42,6,0.515,34,62,79
2026-04-17T06:44:19,sandwich,30,15,0.05,euclidean,15,0.1,cosine,25,,leaf,euclidean,42,6,0.515,34,62,79
2026-04-17T06:44:19,sandwich,30,15,0.05,euclidean,15,0.1,cosine,25,,leaf,cosine,42,6,0.5232,34,62,76
2026-04-17T06:44:32,sandwich,30,15,0.05,correlation,15,0.1,euclidean,25,,leaf,euclidean,42,6,0.5082,36,52,95
2026-04-17T06:44:32,sandwich,30,15,0.05,correlation,15,0.1,cosine,25,,leaf,euclidean,42,6,0.5082,36,52,95
2026-04-17T06:44:32,sandwich,30,15,0.05,correlation,15,0.1,euclidean,25,,leaf,cosine,42,6,0.5301,37,49,95
2026-04-17T06:44:32,sandwich,30,15,0.05,correlation,15,0.1,cosine,25,,leaf,cosine,42,6,0.5301,37,49,95
2026-04-17T06:44:44,sandwich,30,30,0.0,cosine,15,0.1,euclidean,10,,eom,cosine,42,14,0.2691,11,21,246
2026-04-17T06:44:44,sandwich,30,30,0.0,cosine,15,0.1,euclidean,10,,eom,euclidean,42,2,0.0,17,366,715
2026-04-17T06:44:44,sandwich,30,30,0.0,cosine,15,0.1,cosine,10,,eom,euclidean,42,2,0.0,17,366,715
2026-04-17T06:44:44,sandwich,30,30,0.0,cosine,15,0.1,cosine,10,,eom,cosine,42,14,0.2691,11,21,246
2026-04-17T06:44:57,sandwich,30,30,0.0,euclidean,15,0.1,euclidean,10,,eom,cosine,42,12,0.3224,10,21,204
2026-04-17T06:44:57,sandwich,30,30,0.0,euclidean,15,0.1,euclidean,10,,eom,euclidean,42,2,0.0,17,366,715
2026-04-17T06:44:57,sandwich,30,30,0.0,euclidean,15,0.1,cosine,10,,eom,euclidean,42,2,0.0,17,366,715
2026-04-17T06:44:57,sandwich,30,30,0.0,euclidean,15,0.1,cosine,10,,eom,cosine,42,12,0.3224,10,21,204
2026-04-17T06:45:09,sandwich,30,30,0.0,correlation,15,0.1,euclidean,10,,eom,euclidean,42,2,0.0,17,366,715
2026-04-17T06:45:09,sandwich,30,30,0.0,correlation,15,0.1,euclidean,10,,eom,cosine,42,14,0.2527,13,23,246
2026-04-17T06:45:09,sandwich,30,30,0.0,correlation,15,0.1,cosine,10,,eom,cosine,42,14,0.2527,13,23,246
2026-04-17T06:45:09,sandwich,30,30,0.0,correlation,15,0.1,cosine,10,,eom,euclidean,42,2,0.0,17,366,715
2026-04-17T06:45:22,sandwich,30,30,0.0,cosine,15,0.1,euclidean,10,,leaf,euclidean,42,16,0.4809,12,21,46
2026-04-17T06:45:22,sandwich,30,30,0.0,cosine,15,0.1,euclidean,10,,leaf,cosine,42,18,0.4399,10,21,44
2026-04-17T06:45:22,sandwich,30,30,0.0,cosine,15,0.1,cosine,10,,leaf,euclidean,42,16,0.4809,12,21,46
2026-04-17T06:45:22,sandwich,30,30,0.0,cosine,15,0.1,cosine,10,,leaf,cosine,42,18,0.4399,10,21,44
2026-04-17T06:45:35,sandwich,30,30,0.0,euclidean,15,0.1,euclidean,10,,leaf,cosine,42,17,0.5273,10,22,30
2026-04-17T06:45:35,sandwich,30,30,0.0,euclidean,15,0.1,euclidean,10,,leaf,euclidean,42,17,0.526,10,21,31
2026-04-17T06:45:35,sandwich,30,30,0.0,euclidean,15,0.1,cosine,10,,leaf,euclidean,42,17,0.526,10,21,31
2026-04-17T06:45:35,sandwich,30,30,0.0,euclidean,15,0.1,cosine,10,,leaf,cosine,42,17,0.5273,10,22,30
2026-04-17T06:45:47,sandwich,30,30,0.0,correlation,15,0.1,cosine,10,,leaf,euclidean,42,19,0.4276,11,20,38
2026-04-17T06:45:48,sandwich,30,30,0.0,correlation,15,0.1,euclidean,10,,leaf,cosine,42,18,0.4385,10,22,43
2026-04-17T06:45:48,sandwich,30,30,0.0,correlation,15,0.1,cosine,10,,leaf,cosine,42,18,0.4385,10,22,43
2026-04-17T06:45:48,sandwich,30,30,0.0,correlation,15,0.1,euclidean,10,,leaf,euclidean,42,19,0.4276,11,20,38
2026-04-17T06:46:00,sandwich,30,30,0.0,cosine,15,0.1,euclidean,15,,eom,euclidean,42,2,0.0,17,366,715
2026-04-17T06:46:01,sandwich,30,30,0.0,cosine,15,0.1,cosine,15,,eom,euclidean,42,2,0.0,17,366,715
2026-04-17T06:46:01,sandwich,30,30,0.0,cosine,15,0.1,cosine,15,,eom,cosine,42,9,0.3087,17,30,230
2026-04-17T06:46:01,sandwich,30,30,0.0,cosine,15,0.1,euclidean,15,,eom,cosine,42,9,0.3087,17,30,230
2026-04-17T06:46:12,sandwich,30,30,0.0,euclidean,15,0.1,euclidean,15,,eom,euclidean,42,2,0.0,17,366,715
2026-04-17T06:46:12,sandwich,30,30,0.0,euclidean,15,0.1,euclidean,15,,eom,cosine,42,2,0.0,17,366,715
2026-04-17T06:46:12,sandwich,30,30,0.0,euclidean,15,0.1,cosine,15,,eom,euclidean,42,2,0.0,17,366,715
2026-04-17T06:46:12,sandwich,30,30,0.0,euclidean,15,0.1,cosine,15,,eom,cosine,42,2,0.0,17,366,715
2026-04-17T06:46:26,sandwich,30,30,0.0,correlation,15,0.1,euclidean,15,,eom,euclidean,42,2,0.0,17,366,715
2026-04-17T06:46:26,sandwich,30,30,0.0,correlation,15,0.1,euclidean,15,,eom,cosine,42,8,0.2609,15,39,231
2026-04-17T06:46:26,sandwich,30,30,0.0,correlation,15,0.1,cosine,15,,eom,euclidean,42,2,0.0,17,366,715
2026-04-17T06:46:26,sandwich,30,30,0.0,correlation,15,0.1,cosine,15,,eom,cosine,42,8,0.2609,15,39,231
2026-04-17T06:46:38,sandwich,30,30,0.0,cosine,15,0.1,euclidean,15,,leaf,euclidean,42,12,0.5874,15,22,49
2026-04-17T06:46:39,sandwich,30,30,0.0,cosine,15,0.1,cosine,15,,leaf,euclidean,42,12,0.5874,15,22,49
2026-04-17T06:46:39,sandwich,30,30,0.0,cosine,15,0.1,cosine,15,,leaf,cosine,42,12,0.582,15,23,47
2026-04-17T06:46:39,sandwich,30,30,0.0,cosine,15,0.1,euclidean,15,,leaf,cosine,42,12,0.582,15,23,47
2026-04-17T06:46:50,sandwich,30,30,0.0,euclidean,15,0.1,cosine,15,,leaf,euclidean,42,11,0.6079,15,17,58
2026-04-17T06:46:50,sandwich,30,30,0.0,euclidean,15,0.1,euclidean,15,,leaf,euclidean,42,11,0.6079,15,17,58
2026-04-17T06:46:50,sandwich,30,30,0.0,euclidean,15,0.1,euclidean,15,,leaf,cosine,42,11,0.5984,15,20,62
2026-04-17T06:46:50,sandwich,30,30,0.0,euclidean,15,0.1,cosine,15,,leaf,cosine,42,11,0.5984,15,20,62
2026-04-17T06:47:03,sandwich,30,30,0.0,correlation,15,0.1,euclidean,15,,leaf,euclidean,42,11,0.5396,16,24,60
2026-04-17T06:47:04,sandwich,30,30,0.0,correlation,15,0.1,cosine,15,,leaf,euclidean,42,11,0.5396,16,24,60
2026-04-17T06:47:04,sandwich,30,30,0.0,correlation,15,0.1,euclidean,15,,leaf,cosine,42,11,0.5355,15,25,68
2026-04-17T06:47:04,sandwich,30,30,0.0,correlation,15,0.1,cosine,15,,leaf,cosine,42,11,0.5355,15,25,68
2026-04-17T06:47:16,sandwich,30,30,0.0,cosine,15,0.1,cosine,25,,eom,euclidean,42,5,0.3224,34,84,233
2026-04-17T06:47:16,sandwich,30,30,0.0,cosine,15,0.1,euclidean,25,,eom,euclidean,42,5,0.3224,34,84,233
2026-04-17T06:47:16,sandwich,30,30,0.0,cosine,15,0.1,cosine,25,,eom,cosine,42,5,0.3429,35,83,225
2026-04-17T06:47:16,sandwich,30,30,0.0,cosine,15,0.1,euclidean,25,,eom,cosine,42,5,0.3429,35,83,225
2026-04-17T06:47:29,sandwich,30,30,0.0,euclidean,15,0.1,cosine,25,,eom,euclidean,42,5,0.3852,35,80,179
2026-04-17T06:47:29,sandwich,30,30,0.0,euclidean,15,0.1,euclidean,25,,eom,euclidean,42,5,0.3852,35,80,179
2026-04-17T06:47:29,sandwich,30,30,0.0,euclidean,15,0.1,euclidean,25,,eom,cosine,42,5,0.3757,34,81,186
2026-04-17T06:47:29,sandwich,30,30,0.0,euclidean,15,0.1,cosine,25,,eom,cosine,42,5,0.3757,34,81,186
2026-04-17T06:47:42,sandwich,30,30,0.0,correlation,15,0.1,euclidean,25,,eom,euclidean,42,5,0.3443,38,78,234
2026-04-17T06:47:42,sandwich,30,30,0.0,correlation,15,0.1,euclidean,25,,eom,cosine,42,5,0.3374,41,83,224
2026-04-17T06:47:42,sandwich,30,30,0.0,correlation,15,0.1,cosine,25,,eom,cosine,42,5,0.3374,41,83,224
2026-04-17T06:47:42,sandwich,30,30,0.0,correlation,15,0.1,cosine,25,,eom,euclidean,42,5,0.3443,38,78,234
2026-04-17T06:47:54,sandwich,30,30,0.0,cosine,15,0.1,euclidean,25,,leaf,euclidean,42,5,0.3224,34,84,233
2026-04-17T06:47:54,sandwich,30,30,0.0,cosine,15,0.1,cosine,25,,leaf,euclidean,42,5,0.3224,34,84,233
2026-04-17T06:47:54,sandwich,30,30,0.0,cosine,15,0.1,euclidean,25,,leaf,cosine,42,5,0.3429,35,83,225
2026-04-17T06:47:54,sandwich,30,30,0.0,cosine,15,0.1,cosine,25,,leaf,cosine,42,5,0.3429,35,83,225
2026-04-17T06:48:07,sandwich,30,30,0.0,euclidean,15,0.1,euclidean,25,,leaf,cosine,42,5,0.3757,34,81,186
2026-04-17T06:48:07,sandwich,30,30,0.0,euclidean,15,0.1,cosine,25,,leaf,euclidean,42,5,0.3852,35,80,179
2026-04-17T06:48:07,sandwich,30,30,0.0,euclidean,15,0.1,euclidean,25,,leaf,euclidean,42,5,0.3852,35,80,179
2026-04-17T06:48:07,sandwich,30,30,0.0,euclidean,15,0.1,cosine,25,,leaf,cosine,42,5,0.3757,34,81,186
2026-04-17T06:48:19,sandwich,30,30,0.0,correlation,15,0.1,euclidean,25,,leaf,euclidean,42,6,0.5574,30,49,79
2026-04-17T06:48:19,sandwich,30,30,0.0,correlation,15,0.1,cosine,25,,leaf,cosine,42,6,0.5301,29,52,87
2026-04-17T06:48:19,sandwich,30,30,0.0,correlation,15,0.1,euclidean,25,,leaf,cosine,42,6,0.5301,29,52,87
2026-04-17T06:48:20,sandwich,30,30,0.0,correlation,15,0.1,cosine,25,,leaf,euclidean,42,6,0.5574,30,49,79
2026-04-17T06:48:32,sandwich,30,30,0.05,cosine,15,0.1,cosine,10,,eom,euclidean,42,2,0.0,17,366,715
2026-04-17T06:48:32,sandwich,30,30,0.05,cosine,15,0.1,euclidean,10,,eom,euclidean,42,2,0.0,17,366,715
2026-04-17T06:48:32,sandwich,30,30,0.05,cosine,15,0.1,euclidean,10,,eom,cosine,42,11,0.3033,14,23,236
2026-04-17T06:48:32,sandwich,30,30,0.05,cosine,15,0.1,cosine,10,,eom,cosine,42,11,0.3033,14,23,236
2026-04-17T06:48:45,sandwich,30,30,0.05,euclidean,15,0.1,euclidean,10,,eom,euclidean,42,2,0.0,17,366,715
2026-04-17T06:48:45,sandwich,30,30,0.05,euclidean,15,0.1,euclidean,10,,eom,cosine,42,2,0.0,17,366,715
2026-04-17T06:48:45,sandwich,30,30,0.05,euclidean,15,0.1,cosine,10,,eom,euclidean,42,2,0.0,17,366,715
2026-04-17T06:48:45,sandwich,30,30,0.05,euclidean,15,0.1,cosine,10,,eom,cosine,42,2,0.0,17,366,715
2026-04-17T06:48:57,sandwich,30,30,0.05,correlation,15,0.1,cosine,10,,eom,euclidean,42,2,0.0,17,366,715
2026-04-17T06:48:58,sandwich,30,30,0.05,correlation,15,0.1,euclidean,10,,eom,euclidean,42,2,0.0,17,366,715
2026-04-17T06:48:58,sandwich,30,30,0.05,correlation,15,0.1,cosine,10,,eom,cosine,42,15,0.2746,10,18,227
2026-04-17T06:48:58,sandwich,30,30,0.05,correlation,15,0.1,euclidean,10,,eom,cosine,42,15,0.2746,10,18,227
2026-04-17T06:49:10,sandwich,30,30,0.05,cosine,15,0.1,cosine,10,,leaf,euclidean,42,16,0.4959,10,21,45
2026-04-17T06:49:10,sandwich,30,30,0.05,cosine,15,0.1,euclidean,10,,leaf,euclidean,42,16,0.4959,10,21,45
2026-04-17T06:49:11,sandwich,30,30,0.05,cosine,15,0.1,cosine,10,,leaf,cosine,42,15,0.5301,14,21,43
2026-04-17T06:49:11,sandwich,30,30,0.05,cosine,15,0.1,euclidean,10,,leaf,cosine,42,15,0.5301,14,21,43
2026-04-17T06:49:22,sandwich,30,30,0.05,euclidean,15,0.1,euclidean,10,,leaf,euclidean,42,16,0.5492,12,19,31
2026-04-17T06:49:22,sandwich,30,30,0.05,euclidean,15,0.1,euclidean,10,,leaf,cosine,42,16,0.5642,10,19,30
2026-04-17T06:49:22,sandwich,30,30,0.05,euclidean,15,0.1,cosine,10,,leaf,euclidean,42,16,0.5492,12,19,31
2026-04-17T06:49:23,sandwich,30,30,0.05,euclidean,15,0.1,cosine,10,,leaf,cosine,42,16,0.5642,10,19,30
2026-04-17T06:49:36,sandwich,30,30,0.05,correlation,15,0.1,cosine,10,,leaf,euclidean,42,16,0.459,12,23,54
2026-04-17T06:49:36,sandwich,30,30,0.05,correlation,15,0.1,euclidean,10,,leaf,cosine,42,18,0.4331,10,19,47
2026-04-17T06:49:36,sandwich,30,30,0.05,correlation,15,0.1,euclidean,10,,leaf,euclidean,42,16,0.459,12,23,54
2026-04-17T06:49:36,sandwich,30,30,0.05,correlation,15,0.1,cosine,10,,leaf,cosine,42,18,0.4331,10,19,47
2026-04-17T06:49:49,sandwich,30,30,0.05,cosine,15,0.1,euclidean,15,,eom,euclidean,42,2,0.0027,17,365,713
2026-04-17T06:49:49,sandwich,30,30,0.05,cosine,15,0.1,cosine,15,,eom,euclidean,42,2,0.0027,17,365,713
2026-04-17T06:49:49,sandwich,30,30,0.05,cosine,15,0.1,cosine,15,,eom,cosine,42,8,0.3128,17,41,230
2026-04-17T06:49:49,sandwich,30,30,0.05,cosine,15,0.1,euclidean,15,,eom,cosine,42,8,0.3128,17,41,230
2026-04-17T06:50:01,sandwich,30,30,0.05,euclidean,15,0.1,euclidean,15,,eom,euclidean,42,2,0.0,17,366,715
2026-04-17T06:50:01,sandwich,30,30,0.05,euclidean,15,0.1,euclidean,15,,eom,cosine,42,2,0.0,17,366,715
2026-04-17T06:50:01,sandwich,30,30,0.05,euclidean,15,0.1,cosine,15,,eom,euclidean,42,2,0.0,17,366,715
2026-04-17T06:50:01,sandwich,30,30,0.05,euclidean,15,0.1,cosine,15,,eom,cosine,42,2,0.0,17,366,715
2026-04-17T06:50:14,sandwich,30,30,0.05,correlation,15,0.1,euclidean,15,,eom,euclidean,42,2,0.0,17,366,715
2026-04-17T06:50:14,sandwich,30,30,0.05,correlation,15,0.1,cosine,15,,eom,euclidean,42,2,0.0,17,366,715
2026-04-17T06:50:14,sandwich,30,30,0.05,correlation,15,0.1,euclidean,15,,eom,cosine,42,2,0.0,17,366,715
2026-04-17T06:50:14,sandwich,30,30,0.05,correlation,15,0.1,cosine,15,,eom,cosine,42,2,0.0,17,366,715
2026-04-17T06:50:26,sandwich,30,30,0.05,cosine,15,0.1,euclidean,15,,leaf,euclidean,42,10,0.5437,15,27,77
2026-04-17T06:50:26,sandwich,30,30,0.05,cosine,15,0.1,cosine,15,,leaf,euclidean,42,10,0.5437,15,27,77
2026-04-17T06:50:26,sandwich,30,30,0.05,cosine,15,0.1,cosine,15,,leaf,cosine,42,9,0.4973,17,34,77
2026-04-17T06:50:26,sandwich,30,30,0.05,cosine,15,0.1,euclidean,15,,leaf,cosine,42,9,0.4973,17,34,77
2026-04-17T06:50:39,sandwich,30,30,0.05,euclidean,15,0.1,euclidean,15,,leaf,euclidean,42,10,0.5492,15,26,82
2026-04-17T06:50:39,sandwich,30,30,0.05,euclidean,15,0.1,euclidean,15,,leaf,cosine,42,8,0.4932,15,43,93
2026-04-17T06:50:39,sandwich,30,30,0.05,euclidean,15,0.1,cosine,15,,leaf,euclidean,42,10,0.5492,15,26,82
2026-04-17T06:50:39,sandwich,30,30,0.05,euclidean,15,0.1,cosine,15,,leaf,cosine,42,8,0.4932,15,43,93
2026-04-17T06:50:52,sandwich,30,30,0.05,correlation,15,0.1,euclidean,15,,leaf,euclidean,42,10,0.5355,17,28,64
2026-04-17T06:50:52,sandwich,30,30,0.05,correlation,15,0.1,cosine,15,,leaf,euclidean,42,10,0.5355,17,28,64
2026-04-17T06:50:52,sandwich,30,30,0.05,correlation,15,0.1,cosine,15,,leaf,cosine,42,11,0.5765,16,24,54
2026-04-17T06:50:52,sandwich,30,30,0.05,correlation,15,0.1,euclidean,15,,leaf,cosine,42,11,0.5765,16,24,54
2026-04-17T06:51:04,sandwich,30,30,0.05,cosine,15,0.1,euclidean,25,,eom,cosine,42,5,0.3921,33,68,221
2026-04-17T06:51:04,sandwich,30,30,0.05,cosine,15,0.1,euclidean,25,,eom,euclidean,42,5,0.3825,33,75,218
2026-04-17T06:51:04,sandwich,30,30,0.05,cosine,15,0.1,cosine,25,,eom,euclidean,42,5,0.3825,33,75,218
2026-04-17T06:51:04,sandwich,30,30,0.05,cosine,15,0.1,cosine,25,,eom,cosine,42,5,0.3921,33,68,221
2026-04-17T06:51:17,sandwich,30,30,0.05,euclidean,15,0.1,euclidean,25,,eom,euclidean,42,5,0.3866,34,79,185
2026-04-17T06:51:17,sandwich,30,30,0.05,euclidean,15,0.1,cosine,25,,eom,euclidean,42,5,0.3866,34,79,185
2026-04-17T06:51:17,sandwich,30,30,0.05,euclidean,15,0.1,euclidean,25,,eom,cosine,42,5,0.3893,35,81,182
2026-04-17T06:51:17,sandwich,30,30,0.05,euclidean,15,0.1,cosine,25,,eom,cosine,42,5,0.3893,35,81,182
2026-04-17T06:51:29,sandwich,30,30,0.05,correlation,15,0.1,euclidean,25,,eom,euclidean,42,5,0.3893,38,73,213
2026-04-17T06:51:29,sandwich,30,30,0.05,correlation,15,0.1,cosine,25,,eom,euclidean,42,5,0.3893,38,73,213
2026-04-17T06:51:30,sandwich,30,30,0.05,correlation,15,0.1,cosine,25,,eom,cosine,42,5,0.3948,38,74,206
2026-04-17T06:51:30,sandwich,30,30,0.05,correlation,15,0.1,euclidean,25,,eom,cosine,42,5,0.3948,38,74,206
2026-04-17T06:51:43,sandwich,30,30,0.05,cosine,15,0.1,cosine,25,,leaf,euclidean,42,5,0.3825,33,75,218
2026-04-17T06:51:43,sandwich,30,30,0.05,cosine,15,0.1,euclidean,25,,leaf,cosine,42,5,0.3921,33,68,221
2026-04-17T06:51:43,sandwich,30,30,0.05,cosine,15,0.1,euclidean,25,,leaf,euclidean,42,5,0.3825,33,75,218
2026-04-17T06:51:43,sandwich,30,30,0.05,cosine,15,0.1,cosine,25,,leaf,cosine,42,5,0.3921,33,68,221
2026-04-17T06:51:56,sandwich,30,30,0.05,euclidean,15,0.1,euclidean,25,,leaf,euclidean,42,5,0.3866,34,79,185
2026-04-17T06:51:56,sandwich,30,30,0.05,euclidean,15,0.1,euclidean,25,,leaf,cosine,42,5,0.3893,35,81,182
2026-04-17T06:51:56,sandwich,30,30,0.05,euclidean,15,0.1,cosine,25,,leaf,cosine,42,5,0.3893,35,81,182
2026-04-17T06:51:56,sandwich,30,30,0.05,euclidean,15,0.1,cosine,25,,leaf,euclidean,42,5,0.3866,34,79,185
2026-04-17T06:52:09,sandwich,30,30,0.05,correlation,15,0.1,euclidean,25,,leaf,euclidean,42,5,0.3893,38,73,213
2026-04-17T06:52:09,sandwich,30,30,0.05,correlation,15,0.1,cosine,25,,leaf,euclidean,42,5,0.3893,38,73,213
2026-04-17T06:52:09,sandwich,30,30,0.05,correlation,15,0.1,cosine,25,,leaf,cosine,42,5,0.3948,38,74,206
2026-04-17T06:52:09,sandwich,30,30,0.05,correlation,15,0.1,euclidean,25,,leaf,cosine,42,5,0.3948,38,74,206
2026-04-17T06:52:21,sandwich,35,10,0.0,cosine,15,0.1,euclidean,10,,eom,euclidean,42,17,0.1516,11,19,134
2026-04-17T06:52:21,sandwich,35,10,0.0,cosine,15,0.1,cosine,10,,eom,euclidean,42,17,0.1516,11,19,134
2026-04-17T06:52:22,sandwich,35,10,0.0,cosine,15,0.1,euclidean,10,,eom,cosine,42,22,0.2568,10,17,68
2026-04-17T06:52:22,sandwich,35,10,0.0,cosine,15,0.1,cosine,10,,eom,cosine,42,22,0.2568,10,17,68
2026-04-17T06:52:33,sandwich,35,10,0.0,euclidean,15,0.1,euclidean,10,,eom,euclidean,42,15,0.2459,13,22,97
2026-04-17T06:52:33,sandwich,35,10,0.0,euclidean,15,0.1,euclidean,10,,eom,cosine,42,16,0.2787,13,21,94
2026-04-17T06:52:33,sandwich,35,10,0.0,euclidean,15,0.1,cosine,10,,eom,euclidean,42,15,0.2459,13,22,97
2026-04-17T06:52:34,sandwich,35,10,0.0,euclidean,15,0.1,cosine,10,,eom,cosine,42,16,0.2787,13,21,94
2026-04-17T06:52:47,sandwich,35,10,0.0,correlation,15,0.1,euclidean,10,,eom,euclidean,42,12,0.1298,14,34,130
2026-04-17T06:52:47,sandwich,35,10,0.0,correlation,15,0.1,cosine,10,,eom,euclidean,42,12,0.1298,14,34,130
2026-04-17T06:52:47,sandwich,35,10,0.0,correlation,15,0.1,euclidean,10,,eom,cosine,42,18,0.2473,10,24,106
2026-04-17T06:52:47,sandwich,35,10,0.0,correlation,15,0.1,cosine,10,,eom,cosine,42,18,0.2473,10,24,106
2026-04-17T06:52:59,sandwich,35,10,0.0,cosine,15,0.1,euclidean,10,,leaf,cosine,42,23,0.291,10,17,44
2026-04-17T06:52:59,sandwich,35,10,0.0,cosine,15,0.1,euclidean,10,,leaf,euclidean,42,23,0.2842,11,18,42
2026-04-17T06:53:00,sandwich,35,10,0.0,cosine,15,0.1,cosine,10,,leaf,euclidean,42,23,0.2842,11,18,42
2026-04-17T06:53:00,sandwich,35,10,0.0,cosine,15,0.1,cosine,10,,leaf,cosine,42,23,0.291,10,17,44
2026-04-17T06:53:11,sandwich,35,10,0.0,euclidean,15,0.1,cosine,10,,leaf,euclidean,42,19,0.3716,10,21,67
2026-04-17T06:53:11,sandwich,35,10,0.0,euclidean,15,0.1,euclidean,10,,leaf,cosine,42,19,0.3702,11,20,65
2026-04-17T06:53:11,sandwich,35,10,0.0,euclidean,15,0.1,euclidean,10,,leaf,euclidean,42,19,0.3716,10,21,67
2026-04-17T06:53:12,sandwich,35,10,0.0,euclidean,15,0.1,cosine,10,,leaf,cosine,42,19,0.3702,11,20,65
2026-04-17T06:53:25,sandwich,35,10,0.0,correlation,15,0.1,euclidean,10,,leaf,euclidean,42,21,0.3374,12,19,49
2026-04-17T06:53:25,sandwich,35,10,0.0,correlation,15,0.1,euclidean,10,,leaf,cosine,42,21,0.3484,10,22,38
2026-04-17T06:53:25,sandwich,35,10,0.0,correlation,15,0.1,cosine,10,,leaf,cosine,42,21,0.3484,10,22,38
2026-04-17T06:53:25,sandwich,35,10,0.0,correlation,15,0.1,cosine,10,,leaf,euclidean,42,21,0.3374,12,19,49
2026-04-17T06:53:36,sandwich,35,10,0.0,cosine,15,0.1,euclidean,15,,eom,euclidean,42,3,0.0,17,17,698
2026-04-17T06:53:37,sandwich,35,10,0.0,cosine,15,0.1,euclidean,15,,eom,cosine,42,10,0.2022,15,31,230
2026-04-17T06:53:37,sandwich,35,10,0.0,cosine,15,0.1,cosine,15,,eom,euclidean,42,3,0.0,17,17,698
2026-04-17T06:53:37,sandwich,35,10,0.0,cosine,15,0.1,cosine,15,,eom,cosine,42,10,0.2022,15,31,230
2026-04-17T06:53:49,sandwich,35,10,0.0,euclidean,15,0.1,euclidean,15,,eom,euclidean,42,2,0.0,17,366,715
2026-04-17T06:53:49,sandwich,35,10,0.0,euclidean,15,0.1,euclidean,15,,eom,cosine,42,10,0.1544,16,26,220
2026-04-17T06:53:49,sandwich,35,10,0.0,euclidean,15,0.1,cosine,15,,eom,euclidean,42,2,0.0,17,366,715
2026-04-17T06:53:50,sandwich,35,10,0.0,euclidean,15,0.1,cosine,15,,eom,cosine,42,10,0.1544,16,26,220
2026-04-17T06:54:02,sandwich,35,10,0.0,correlation,15,0.1,cosine,15,,eom,euclidean,42,2,0.0,17,366,715
2026-04-17T06:54:03,sandwich,35,10,0.0,correlation,15,0.1,euclidean,15,,eom,euclidean,42,2,0.0,17,366,715
2026-04-17T06:54:03,sandwich,35,10,0.0,correlation,15,0.1,cosine,15,,eom,cosine,42,8,0.1366,17,54,235
2026-04-17T06:54:03,sandwich,35,10,0.0,correlation,15,0.1,euclidean,15,,eom,cosine,42,8,0.1366,17,54,235
2026-04-17T06:54:15,sandwich,35,10,0.0,cosine,15,0.1,cosine,15,,leaf,euclidean,42,14,0.4699,17,26,55
2026-04-17T06:54:15,sandwich,35,10,0.0,cosine,15,0.1,cosine,15,,leaf,cosine,42,16,0.4235,15,25,56
2026-04-17T06:54:15,sandwich,35,10,0.0,cosine,15,0.1,euclidean,15,,leaf,euclidean,42,14,0.4699,17,26,55
2026-04-17T06:54:15,sandwich,35,10,0.0,cosine,15,0.1,euclidean,15,,leaf,cosine,42,16,0.4235,15,25,56
2026-04-17T06:54:27,sandwich,35,10,0.0,euclidean,15,0.1,euclidean,15,,leaf,euclidean,42,14,0.4262,16,20,76
2026-04-17T06:54:27,sandwich,35,10,0.0,euclidean,15,0.1,cosine,15,,leaf,euclidean,42,14,0.4262,16,20,76
2026-04-17T06:54:27,sandwich,35,10,0.0,euclidean,15,0.1,euclidean,15,,leaf,cosine,42,14,0.4249,15,18,83
2026-04-17T06:54:28,sandwich,35,10,0.0,euclidean,15,0.1,cosine,15,,leaf,cosine,42,14,0.4249,15,18,83
2026-04-17T06:54:40,sandwich,35,10,0.0,correlation,15,0.1,euclidean,15,,leaf,euclidean,42,13,0.3415,17,31,96
2026-04-17T06:54:40,sandwich,35,10,0.0,correlation,15,0.1,euclidean,15,,leaf,cosine,42,13,0.373,17,32,83
2026-04-17T06:54:40,sandwich,35,10,0.0,correlation,15,0.1,cosine,15,,leaf,cosine,42,13,0.373,17,32,83
2026-04-17T06:54:40,sandwich,35,10,0.0,correlation,15,0.1,cosine,15,,leaf,euclidean,42,13,0.3415,17,31,96
2026-04-17T06:54:53,sandwich,35,10,0.0,cosine,15,0.1,cosine,25,,eom,euclidean,42,5,0.3169,31,87,224
2026-04-17T06:54:53,sandwich,35,10,0.0,cosine,15,0.1,euclidean,25,,eom,euclidean,42,5,0.3169,31,87,224
2026-04-17T06:54:53,sandwich,35,10,0.0,cosine,15,0.1,euclidean,25,,eom,cosine,42,5,0.3115,31,86,221
2026-04-17T06:54:53,sandwich,35,10,0.0,cosine,15,0.1,cosine,25,,eom,cosine,42,5,0.3115,31,86,221
2026-04-17T06:55:05,sandwich,35,10,0.0,euclidean,15,0.1,euclidean,25,,eom,euclidean,42,5,0.3402,35,86,193
2026-04-17T06:55:05,sandwich,35,10,0.0,euclidean,15,0.1,cosine,25,,eom,cosine,42,5,0.3347,36,85,199
2026-04-17T06:55:05,sandwich,35,10,0.0,euclidean,15,0.1,cosine,25,,eom,euclidean,42,5,0.3402,35,86,193
2026-04-17T06:55:06,sandwich,35,10,0.0,euclidean,15,0.1,euclidean,25,,eom,cosine,42,5,0.3347,36,85,199
2026-04-17T06:55:18,sandwich,35,10,0.0,correlation,15,0.1,cosine,25,,eom,euclidean,42,5,0.2719,35,101,224
2026-04-17T06:55:18,sandwich,35,10,0.0,correlation,15,0.1,euclidean,25,,eom,euclidean,42,5,0.2719,35,101,224
2026-04-17T06:55:18,sandwich,35,10,0.0,correlation,15,0.1,cosine,25,,eom,cosine,42,5,0.2732,33,102,223
2026-04-17T06:55:18,sandwich,35,10,0.0,correlation,15,0.1,euclidean,25,,eom,cosine,42,5,0.2732,33,102,223
2026-04-17T06:55:30,sandwich,35,10,0.0,cosine,15,0.1,cosine,25,,leaf,euclidean,42,6,0.4331,31,69,109
2026-04-17T06:55:31,sandwich,35,10,0.0,cosine,15,0.1,euclidean,25,,leaf,euclidean,42,6,0.4331,31,69,109
2026-04-17T06:55:31,sandwich,35,10,0.0,cosine,15,0.1,cosine,25,,leaf,cosine,42,6,0.4317,31,66,113
2026-04-17T06:55:31,sandwich,35,10,0.0,cosine,15,0.1,euclidean,25,,leaf,cosine,42,6,0.4317,31,66,113
2026-04-17T06:55:43,sandwich,35,10,0.0,euclidean,15,0.1,cosine,25,,leaf,euclidean,42,6,0.4781,35,66,93
2026-04-17T06:55:43,sandwich,35,10,0.0,euclidean,15,0.1,euclidean,25,,leaf,cosine,42,6,0.4822,35,67,88
2026-04-17T06:55:43,sandwich,35,10,0.0,euclidean,15,0.1,euclidean,25,,leaf,euclidean,42,6,0.4781,35,66,93
2026-04-17T06:55:43,sandwich,35,10,0.0,euclidean,15,0.1,cosine,25,,leaf,cosine,42,6,0.4822,35,67,88
2026-04-17T06:55:56,sandwich,35,10,0.0,correlation,15,0.1,euclidean,25,,leaf,euclidean,42,6,0.4262,35,59,114
2026-04-17T06:55:56,sandwich,35,10,0.0,correlation,15,0.1,cosine,25,,leaf,euclidean,42,6,0.4262,35,59,114
2026-04-17T06:55:56,sandwich,35,10,0.0,correlation,15,0.1,euclidean,25,,leaf,cosine,42,6,0.4303,33,59,116
2026-04-17T06:55:56,sandwich,35,10,0.0,correlation,15,0.1,cosine,25,,leaf,cosine,42,6,0.4303,33,59,116
2026-04-17T06:56:08,sandwich,35,10,0.05,cosine,15,0.1,euclidean,10,,eom,euclidean,42,2,0.0,17,366,715
2026-04-17T06:56:09,sandwich,35,10,0.05,cosine,15,0.1,cosine,10,,eom,euclidean,42,2,0.0,17,366,715
2026-04-17T06:56:09,sandwich,35,10,0.05,cosine,15,0.1,cosine,10,,eom,cosine,42,18,0.2609,10,21,111
2026-04-17T06:56:09,sandwich,35,10,0.05,cosine,15,0.1,euclidean,10,,eom,cosine,42,18,0.2609,10,21,111
2026-04-17T06:56:20,sandwich,35,10,0.05,euclidean,15,0.1,euclidean,10,,eom,euclidean,42,2,0.0,17,366,715
2026-04-17T06:56:20,sandwich,35,10,0.05,euclidean,15,0.1,euclidean,10,,eom,cosine,42,16,0.2923,11,20,96
2026-04-17T06:56:20,sandwich,35,10,0.05,euclidean,15,0.1,cosine,10,,eom,cosine,42,16,0.2923,11,20,96
2026-04-17T06:56:21,sandwich,35,10,0.05,euclidean,15,0.1,cosine,10,,eom,euclidean,42,2,0.0,17,366,715
2026-04-17T06:56:33,sandwich,35,10,0.05,correlation,15,0.1,euclidean,10,,eom,euclidean,42,2,0.0,17,366,715
2026-04-17T06:56:33,sandwich,35,10,0.05,correlation,15,0.1,cosine,10,,eom,euclidean,42,2,0.0,17,366,715
2026-04-17T06:56:33,sandwich,35,10,0.05,correlation,15,0.1,cosine,10,,eom,cosine,42,18,0.2623,10,22,105
2026-04-17T06:56:34,sandwich,35,10,0.05,correlation,15,0.1,euclidean,10,,eom,cosine,42,18,0.2623,10,22,105
2026-04-17T06:56:45,sandwich,35,10,0.05,cosine,15,0.1,euclidean,10,,leaf,euclidean,42,21,0.3661,10,17,44
2026-04-17T06:56:45,sandwich,35,10,0.05,cosine,15,0.1,cosine,10,,leaf,euclidean,42,21,0.3661,10,17,44
2026-04-17T06:56:45,sandwich,35,10,0.05,cosine,15,0.1,euclidean,10,,leaf,cosine,42,22,0.3607,10,17,43
2026-04-17T06:56:45,sandwich,35,10,0.05,cosine,15,0.1,cosine,10,,leaf,cosine,42,22,0.3607,10,17,43
2026-04-17T06:56:57,sandwich,35,10,0.05,euclidean,15,0.1,euclidean,10,,leaf,euclidean,42,18,0.3825,12,20,65
2026-04-17T06:56:58,sandwich,35,10,0.05,euclidean,15,0.1,euclidean,10,,leaf,cosine,42,18,0.3675,11,20,67
2026-04-17T06:56:58,sandwich,35,10,0.05,euclidean,15,0.1,cosine,10,,leaf,euclidean,42,18,0.3825,12,20,65
2026-04-17T06:56:58,sandwich,35,10,0.05,euclidean,15,0.1,cosine,10,,leaf,cosine,42,18,0.3675,11,20,67
2026-04-17T06:57:10,sandwich,35,10,0.05,correlation,15,0.1,euclidean,10,,leaf,euclidean,42,20,0.306,10,22,64
2026-04-17T06:57:10,sandwich,35,10,0.05,correlation,15,0.1,euclidean,10,,leaf,cosine,42,21,0.3525,10,19,43
2026-04-17T06:57:11,sandwich,35,10,0.05,correlation,15,0.1,cosine,10,,leaf,euclidean,42,20,0.306,10,22,64
2026-04-17T06:57:11,sandwich,35,10,0.05,correlation,15,0.1,cosine,10,,leaf,cosine,42,21,0.3525,10,19,43
2026-04-17T06:57:22,sandwich,35,10,0.05,cosine,15,0.1,euclidean,15,,eom,euclidean,42,2,0.0,17,366,715
2026-04-17T06:57:22,sandwich,35,10,0.05,cosine,15,0.1,cosine,15,,eom,cosine,42,9,0.2445,17,30,228
2026-04-17T06:57:22,sandwich,35,10,0.05,cosine,15,0.1,cosine,15,,eom,euclidean,42,2,0.0,17,366,715
2026-04-17T06:57:22,sandwich,35,10,0.05,cosine,15,0.1,euclidean,15,,eom,cosine,42,9,0.2445,17,30,228
2026-04-17T06:57:35,sandwich,35,10,0.05,euclidean,15,0.1,euclidean,15,,eom,euclidean,42,2,0.0,17,366,715
2026-04-17T06:57:35,sandwich,35,10,0.05,euclidean,15,0.1,cosine,15,,eom,cosine,42,2,0.0,17,366,715
2026-04-17T06:57:35,sandwich,35,10,0.05,euclidean,15,0.1,euclidean,15,,eom,cosine,42,2,0.0,17,366,715
2026-04-17T06:57:35,sandwich,35,10,0.05,euclidean,15,0.1,cosine,15,,eom,euclidean,42,2,0.0,17,366,715
2026-04-17T06:57:47,sandwich,35,10,0.05,correlation,15,0.1,euclidean,15,,eom,euclidean,42,2,0.0,17,366,715
2026-04-17T06:57:47,sandwich,35,10,0.05,correlation,15,0.1,cosine,15,,eom,euclidean,42,2,0.0,17,366,715
2026-04-17T06:57:47,sandwich,35,10,0.05,correlation,15,0.1,cosine,15,,eom,cosine,42,10,0.2568,17,27,224
2026-04-17T06:57:47,sandwich,35,10,0.05,correlation,15,0.1,euclidean,15,,eom,cosine,42,10,0.2568,17,27,224
2026-04-17T06:57:59,sandwich,35,10,0.05,cosine,15,0.1,cosine,15,,leaf,euclidean,42,14,0.4904,15,25,54
2026-04-17T06:57:59,sandwich,35,10,0.05,cosine,15,0.1,euclidean,15,,leaf,euclidean,42,14,0.4904,15,25,54
2026-04-17T06:57:59,sandwich,35,10,0.05,cosine,15,0.1,cosine,15,,leaf,cosine,42,13,0.4303,16,25,86
2026-04-17T06:57:59,sandwich,35,10,0.05,cosine,15,0.1,euclidean,15,,leaf,cosine,42,13,0.4303,16,25,86
2026-04-17T06:58:12,sandwich,35,10,0.05,euclidean,15,0.1,euclidean,15,,leaf,cosine,42,13,0.3169,16,24,95
2026-04-17T06:58:12,sandwich,35,10,0.05,euclidean,15,0.1,cosine,15,,leaf,euclidean,42,13,0.444,16,19,70
2026-04-17T06:58:12,sandwich,35,10,0.05,euclidean,15,0.1,euclidean,15,,leaf,euclidean,42,13,0.444,16,19,70
2026-04-17T06:58:12,sandwich,35,10,0.05,euclidean,15,0.1,cosine,15,,leaf,cosine,42,13,0.3169,16,24,95
2026-04-17T06:58:24,sandwich,35,10,0.05,correlation,15,0.1,euclidean,15,,leaf,euclidean,42,13,0.4604,17,27,62
2026-04-17T06:58:24,sandwich,35,10,0.05,correlation,15,0.1,cosine,15,,leaf,euclidean,42,13,0.4604,17,27,62
2026-04-17T06:58:24,sandwich,35,10,0.05,correlation,15,0.1,euclidean,15,,leaf,cosine,42,13,0.4754,17,28,61
2026-04-17T06:58:24,sandwich,35,10,0.05,correlation,15,0.1,cosine,15,,leaf,cosine,42,13,0.4754,17,28,61
2026-04-17T06:58:37,sandwich,35,10,0.05,cosine,15,0.1,cosine,25,,eom,euclidean,42,4,0.2896,32,135,218
2026-04-17T06:58:37,sandwich,35,10,0.05,cosine,15,0.1,euclidean,25,,eom,cosine,42,4,0.2992,31,131,219
2026-04-17T06:58:37,sandwich,35,10,0.05,cosine,15,0.1,euclidean,25,,eom,euclidean,42,4,0.2896,32,135,218
2026-04-17T06:58:37,sandwich,35,10,0.05,cosine,15,0.1,cosine,25,,eom,cosine,42,4,0.2992,31,131,219
2026-04-17T06:58:48,sandwich,35,10,0.05,euclidean,15,0.1,euclidean,25,,eom,cosine,42,5,0.3757,36,74,195
2026-04-17T06:58:48,sandwich,35,10,0.05,euclidean,15,0.1,euclidean,25,,eom,euclidean,42,5,0.3798,35,73,195
2026-04-17T06:58:48,sandwich,35,10,0.05,euclidean,15,0.1,cosine,25,,eom,cosine,42,5,0.3757,36,74,195
2026-04-17T06:58:48,sandwich,35,10,0.05,euclidean,15,0.1,cosine,25,,eom,euclidean,42,5,0.3798,35,73,195
2026-04-17T06:59:01,sandwich,35,10,0.05,correlation,15,0.1,cosine,25,,eom,euclidean,42,5,0.3169,34,93,211
2026-04-17T06:59:01,sandwich,35,10,0.05,correlation,15,0.1,cosine,25,,eom,cosine,42,5,0.3183,31,94,211
2026-04-17T06:59:01,sandwich,35,10,0.05,correlation,15,0.1,euclidean,25,,eom,cosine,42,5,0.3183,31,94,211
2026-04-17T06:59:01,sandwich,35,10,0.05,correlation,15,0.1,euclidean,25,,eom,euclidean,42,5,0.3169,34,93,211
2026-04-17T06:59:14,sandwich,35,10,0.05,cosine,15,0.1,euclidean,25,,leaf,cosine,42,6,0.4891,31,57,98
2026-04-17T06:59:14,sandwich,35,10,0.05,cosine,15,0.1,euclidean,25,,leaf,euclidean,42,6,0.4863,32,57,102
2026-04-17T06:59:14,sandwich,35,10,0.05,cosine,15,0.1,cosine,25,,leaf,euclidean,42,6,0.4863,32,57,102
2026-04-17T06:59:14,sandwich,35,10,0.05,cosine,15,0.1,cosine,25,,leaf,cosine,42,6,0.4891,31,57,98
2026-04-17T06:59:25,sandwich,35,10,0.05,euclidean,15,0.1,euclidean,25,,leaf,euclidean,42,6,0.5246,35,62,79
2026-04-17T06:59:25,sandwich,35,10,0.05,euclidean,15,0.1,euclidean,25,,leaf,cosine,42,6,0.5191,36,62,80
2026-04-17T06:59:25,sandwich,35,10,0.05,euclidean,15,0.1,cosine,25,,leaf,euclidean,42,6,0.5246,35,62,79
2026-04-17T06:59:25,sandwich,35,10,0.05,euclidean,15,0.1,cosine,25,,leaf,cosine,42,6,0.5191,36,62,80
2026-04-17T06:59:38,sandwich,35,10,0.05,correlation,15,0.1,euclidean,25,,leaf,euclidean,42,6,0.4918,34,53,100
2026-04-17T06:59:38,sandwich,35,10,0.05,correlation,15,0.1,euclidean,25,,leaf,cosine,42,5,0.3183,31,94,211
2026-04-17T06:59:38,sandwich,35,10,0.05,correlation,15,0.1,cosine,25,,leaf,cosine,42,5,0.3183,31,94,211
2026-04-17T06:59:38,sandwich,35,10,0.05,correlation,15,0.1,cosine,25,,leaf,euclidean,42,6,0.4918,34,53,100
2026-04-17T06:59:50,sandwich,35,15,0.0,cosine,15,0.1,cosine,10,,eom,euclidean,42,16,0.1858,10,19,236
2026-04-17T06:59:50,sandwich,35,15,0.0,cosine,15,0.1,euclidean,10,,eom,cosine,42,16,0.1817,10,20,237
2026-04-17T06:59:50,sandwich,35,15,0.0,cosine,15,0.1,euclidean,10,,eom,euclidean,42,16,0.1858,10,19,236
2026-04-17T06:59:50,sandwich,35,15,0.0,cosine,15,0.1,cosine,10,,eom,cosine,42,16,0.1817,10,20,237
2026-04-17T07:00:02,sandwich,35,15,0.0,euclidean,15,0.1,euclidean,10,,eom,euclidean,42,2,0.0,17,366,715
2026-04-17T07:00:02,sandwich,35,15,0.0,euclidean,15,0.1,cosine,10,,eom,euclidean,42,2,0.0,17,366,715
2026-04-17T07:00:02,sandwich,35,15,0.0,euclidean,15,0.1,euclidean,10,,eom,cosine,42,20,0.3361,10,22,43
2026-04-17T07:00:02,sandwich,35,15,0.0,euclidean,15,0.1,cosine,10,,eom,cosine,42,20,0.3361,10,22,43
2026-04-17T07:00:15,sandwich,35,15,0.0,correlation,15,0.1,cosine,10,,eom,euclidean,42,14,0.1544,12,21,241
2026-04-17T07:00:15,sandwich,35,15,0.0,correlation,15,0.1,euclidean,10,,eom,euclidean,42,14,0.1544,12,21,241
2026-04-17T07:00:15,sandwich,35,15,0.0,correlation,15,0.1,cosine,10,,eom,cosine,42,16,0.194,10,20,241
2026-04-17T07:00:15,sandwich,35,15,0.0,correlation,15,0.1,euclidean,10,,eom,cosine,42,16,0.194,10,20,241
2026-04-17T07:00:27,sandwich,35,15,0.0,cosine,15,0.1,euclidean,10,,leaf,euclidean,42,23,0.3566,10,18,41
2026-04-17T07:00:27,sandwich,35,15,0.0,cosine,15,0.1,euclidean,10,,leaf,cosine,42,23,0.3497,10,19,41
2026-04-17T07:00:27,sandwich,35,15,0.0,cosine,15,0.1,cosine,10,,leaf,cosine,42,23,0.3497,10,19,41
2026-04-17T07:00:27,sandwich,35,15,0.0,cosine,15,0.1,cosine,10,,leaf,euclidean,42,23,0.3566,10,18,41
2026-04-17T07:00:40,sandwich,35,15,0.0,euclidean,15,0.1,euclidean,10,,leaf,cosine,42,22,0.3743,10,20,41
2026-04-17T07:00:40,sandwich,35,15,0.0,euclidean,15,0.1,euclidean,10,,leaf,euclidean,42,21,0.3811,10,19,43
2026-04-17T07:00:40,sandwich,35,15,0.0,euclidean,15,0.1,cosine,10,,leaf,euclidean,42,21,0.3811,10,19,43
2026-04-17T07:00:40,sandwich,35,15,0.0,euclidean,15,0.1,cosine,10,,leaf,cosine,42,22,0.3743,10,20,41
2026-04-17T07:00:52,sandwich,35,15,0.0,correlation,15,0.1,euclidean,10,,leaf,euclidean,42,21,0.3443,10,20,61
2026-04-17T07:00:53,sandwich,35,15,0.0,correlation,15,0.1,cosine,10,,leaf,euclidean,42,21,0.3443,10,20,61
2026-04-17T07:00:53,sandwich,35,15,0.0,correlation,15,0.1,cosine,10,,leaf,cosine,42,20,0.3388,10,20,61
2026-04-17T07:00:53,sandwich,35,15,0.0,correlation,15,0.1,euclidean,10,,leaf,cosine,42,20,0.3388,10,20,61
2026-04-17T07:01:04,sandwich,35,15,0.0,cosine,15,0.1,cosine,15,,eom,euclidean,42,2,0.0,17,366,715
2026-04-17T07:01:05,sandwich,35,15,0.0,cosine,15,0.1,cosine,15,,eom,cosine,42,10,0.2309,17,26,238
2026-04-17T07:01:05,sandwich,35,15,0.0,cosine,15,0.1,euclidean,15,,eom,cosine,42,10,0.2309,17,26,238
2026-04-17T07:01:05,sandwich,35,15,0.0,cosine,15,0.1,euclidean,15,,eom,euclidean,42,2,0.0,17,366,715
2026-04-17T07:01:17,sandwich,35,15,0.0,euclidean,15,0.1,cosine,15,,eom,euclidean,42,2,0.0,17,366,715
2026-04-17T07:01:17,sandwich,35,15,0.0,euclidean,15,0.1,euclidean,15,,eom,euclidean,42,2,0.0,17,366,715
2026-04-17T07:01:17,sandwich,35,15,0.0,euclidean,15,0.1,euclidean,15,,eom,cosine,42,2,0.0,17,366,715
2026-04-17T07:01:17,sandwich,35,15,0.0,euclidean,15,0.1,cosine,15,,eom,cosine,42,2,0.0,17,366,715
2026-04-17T07:01:29,sandwich,35,15,0.0,correlation,15,0.1,cosine,15,,eom,euclidean,42,2,0.0082,17,363,709
2026-04-17T07:01:29,sandwich,35,15,0.0,correlation,15,0.1,euclidean,15,,eom,euclidean,42,2,0.0082,17,363,709
2026-04-17T07:01:29,sandwich,35,15,0.0,correlation,15,0.1,cosine,15,,eom,cosine,42,8,0.1653,17,62,231
2026-04-17T07:01:29,sandwich,35,15,0.0,correlation,15,0.1,euclidean,15,,eom,cosine,42,8,0.1653,17,62,231
2026-04-17T07:01:42,sandwich,35,15,0.0,cosine,15,0.1,cosine,15,,leaf,euclidean,42,14,0.4139,16,24,83
2026-04-17T07:01:42,sandwich,35,15,0.0,cosine,15,0.1,euclidean,15,,leaf,euclidean,42,14,0.4139,16,24,83
2026-04-17T07:01:42,sandwich,35,15,0.0,cosine,15,0.1,euclidean,15,,leaf,cosine,42,14,0.4126,17,25,84
2026-04-17T07:01:42,sandwich,35,15,0.0,cosine,15,0.1,cosine,15,,leaf,cosine,42,14,0.4126,17,25,84
2026-04-17T07:01:54,sandwich,35,15,0.0,euclidean,15,0.1,euclidean,15,,leaf,cosine,42,13,0.4536,15,20,101
2026-04-17T07:01:54,sandwich,35,15,0.0,euclidean,15,0.1,cosine,15,,leaf,cosine,42,13,0.4536,15,20,101
2026-04-17T07:01:54,sandwich,35,15,0.0,euclidean,15,0.1,euclidean,15,,leaf,euclidean,42,12,0.4699,17,23,102
2026-04-17T07:01:55,sandwich,35,15,0.0,euclidean,15,0.1,cosine,15,,leaf,euclidean,42,12,0.4699,17,23,102
2026-04-17T07:02:07,sandwich,35,15,0.0,correlation,15,0.1,euclidean,15,,leaf,cosine,42,13,0.4645,16,23,93
2026-04-17T07:02:07,sandwich,35,15,0.0,correlation,15,0.1,euclidean,15,,leaf,euclidean,42,12,0.4822,17,23,89
2026-04-17T07:02:07,sandwich,35,15,0.0,correlation,15,0.1,cosine,15,,leaf,cosine,42,13,0.4645,16,23,93
2026-04-17T07:02:07,sandwich,35,15,0.0,correlation,15,0.1,cosine,15,,leaf,euclidean,42,12,0.4822,17,23,89
2026-04-17T07:02:19,sandwich,35,15,0.0,cosine,15,0.1,euclidean,25,,eom,cosine,42,3,0.224,147,195,226
2026-04-17T07:02:19,sandwich,35,15,0.0,cosine,15,0.1,euclidean,25,,eom,euclidean,42,3,0.1899,151,199,243
2026-04-17T07:02:20,sandwich,35,15,0.0,cosine,15,0.1,cosine,25,,eom,cosine,42,3,0.224,147,195,226
2026-04-17T07:02:20,sandwich,35,15,0.0,cosine,15,0.1,cosine,25,,eom,euclidean,42,3,0.1899,151,199,243
2026-04-17T07:02:31,sandwich,35,15,0.0,euclidean,15,0.1,euclidean,25,,eom,euclidean,42,5,0.3443,35,89,189
2026-04-17T07:02:31,sandwich,35,15,0.0,euclidean,15,0.1,cosine,25,,eom,cosine,42,5,0.347,34,89,191
2026-04-17T07:02:31,sandwich,35,15,0.0,euclidean,15,0.1,cosine,25,,eom,euclidean,42,5,0.3443,35,89,189
2026-04-17T07:02:31,sandwich,35,15,0.0,euclidean,15,0.1,euclidean,25,,eom,cosine,42,5,0.347,34,89,191
2026-04-17T07:02:44,sandwich,35,15,0.0,correlation,15,0.1,euclidean,25,,eom,euclidean,42,5,0.2964,35,95,219
2026-04-17T07:02:44,sandwich,35,15,0.0,correlation,15,0.1,euclidean,25,,eom,cosine,42,5,0.3074,34,91,221
2026-04-17T07:02:44,sandwich,35,15,0.0,correlation,15,0.1,cosine,25,,eom,euclidean,42,5,0.2964,35,95,219
2026-04-17T07:02:45,sandwich,35,15,0.0,correlation,15,0.1,cosine,25,,eom,cosine,42,5,0.3074,34,91,221
2026-04-17T07:02:57,sandwich,35,15,0.0,cosine,15,0.1,cosine,25,,leaf,euclidean,42,6,0.541,31,56,77
2026-04-17T07:02:57,sandwich,35,15,0.0,cosine,15,0.1,cosine,25,,leaf,cosine,42,6,0.5232,28,54,88
2026-04-17T07:02:57,sandwich,35,15,0.0,cosine,15,0.1,euclidean,25,,leaf,euclidean,42,6,0.541,31,56,77
2026-04-17T07:02:57,sandwich,35,15,0.0,cosine,15,0.1,euclidean,25,,leaf,cosine,42,6,0.5232,28,54,88
2026-04-17T07:03:08,sandwich,35,15,0.0,euclidean,15,0.1,euclidean,25,,leaf,euclidean,42,6,0.4973,27,62,92
2026-04-17T07:03:08,sandwich,35,15,0.0,euclidean,15,0.1,euclidean,25,,leaf,cosine,42,6,0.4945,27,65,90
2026-04-17T07:03:09,sandwich,35,15,0.0,euclidean,15,0.1,cosine,25,,leaf,cosine,42,6,0.4945,27,65,90
2026-04-17T07:03:09,sandwich,35,15,0.0,euclidean,15,0.1,cosine,25,,leaf,euclidean,42,6,0.4973,27,62,92
2026-04-17T07:03:22,sandwich,35,15,0.0,correlation,15,0.1,euclidean,25,,leaf,cosine,42,5,0.3074,34,91,221
2026-04-17T07:03:22,sandwich,35,15,0.0,correlation,15,0.1,euclidean,25,,leaf,euclidean,42,6,0.4508,35,59,106
2026-04-17T07:03:22,sandwich,35,15,0.0,correlation,15,0.1,cosine,25,,leaf,euclidean,42,6,0.4508,35,59,106
2026-04-17T07:03:22,sandwich,35,15,0.0,correlation,15,0.1,cosine,25,,leaf,cosine,42,5,0.3074,34,91,221
2026-04-17T07:03:33,sandwich,35,15,0.05,cosine,15,0.1,euclidean,10,,eom,cosine,42,16,0.179,10,20,245
2026-04-17T07:03:33,sandwich,35,15,0.05,cosine,15,0.1,euclidean,10,,eom,euclidean,42,2,0.0,17,366,715
2026-04-17T07:03:33,sandwich,35,15,0.05,cosine,15,0.1,cosine,10,,eom,cosine,42,16,0.179,10,20,245
2026-04-17T07:03:33,sandwich,35,15,0.05,cosine,15,0.1,cosine,10,,eom,euclidean,42,2,0.0,17,366,715
2026-04-17T07:03:46,sandwich,35,15,0.05,euclidean,15,0.1,euclidean,10,,eom,cosine,42,2,0.0,17,366,715
2026-04-17T07:03:46,sandwich,35,15,0.05,euclidean,15,0.1,euclidean,10,,eom,euclidean,42,2,0.0,17,366,715
2026-04-17T07:03:46,sandwich,35,15,0.05,euclidean,15,0.1,cosine,10,,eom,euclidean,42,2,0.0,17,366,715
2026-04-17T07:03:46,sandwich,35,15,0.05,euclidean,15,0.1,cosine,10,,eom,cosine,42,2,0.0,17,366,715
2026-04-17T07:03:59,sandwich,35,15,0.05,correlation,15,0.1,euclidean,10,,eom,euclidean,42,13,0.2459,10,28,235
2026-04-17T07:03:59,sandwich,35,15,0.05,correlation,15,0.1,cosine,10,,eom,euclidean,42,13,0.2459,10,28,235
2026-04-17T07:03:59,sandwich,35,15,0.05,correlation,15,0.1,cosine,10,,eom,cosine,42,13,0.2432,10,29,236
2026-04-17T07:03:59,sandwich,35,15,0.05,correlation,15,0.1,euclidean,10,,eom,cosine,42,13,0.2432,10,29,236
2026-04-17T07:04:11,sandwich,35,15,0.05,cosine,15,0.1,euclidean,10,,leaf,euclidean,42,21,0.3689,10,18,61
2026-04-17T07:04:11,sandwich,35,15,0.05,cosine,15,0.1,euclidean,10,,leaf,cosine,42,21,0.3402,10,21,62
2026-04-17T07:04:11,sandwich,35,15,0.05,cosine,15,0.1,cosine,10,,leaf,euclidean,42,21,0.3689,10,18,61
2026-04-17T07:04:11,sandwich,35,15,0.05,cosine,15,0.1,cosine,10,,leaf,cosine,42,21,0.3402,10,21,62
2026-04-17T07:04:23,sandwich,35,15,0.05,euclidean,15,0.1,cosine,10,,leaf,euclidean,42,19,0.3716,11,21,49
2026-04-17T07:04:23,sandwich,35,15,0.05,euclidean,15,0.1,euclidean,10,,leaf,euclidean,42,19,0.3716,11,21,49
2026-04-17T07:04:23,sandwich,35,15,0.05,euclidean,15,0.1,euclidean,10,,leaf,cosine,42,19,0.3811,12,19,58
2026-04-17T07:04:23,sandwich,35,15,0.05,euclidean,15,0.1,cosine,10,,leaf,cosine,42,19,0.3811,12,19,58
2026-04-17T07:04:35,sandwich,35,15,0.05,correlation,15,0.1,euclidean,10,,leaf,euclidean,42,17,0.4235,10,22,56
2026-04-17T07:04:36,sandwich,35,15,0.05,correlation,15,0.1,cosine,10,,leaf,euclidean,42,17,0.4235,10,22,56
2026-04-17T07:04:36,sandwich,35,15,0.05,correlation,15,0.1,cosine,10,,leaf,cosine,42,16,0.4276,10,26,56
2026-04-17T07:04:36,sandwich,35,15,0.05,correlation,15,0.1,euclidean,10,,leaf,cosine,42,16,0.4276,10,26,56
2026-04-17T07:04:48,sandwich,35,15,0.05,cosine,15,0.1,cosine,15,,eom,euclidean,42,2,0.0,17,366,715
2026-04-17T07:04:48,sandwich,35,15,0.05,cosine,15,0.1,euclidean,15,,eom,euclidean,42,2,0.0,17,366,715
2026-04-17T07:04:48,sandwich,35,15,0.05,cosine,15,0.1,euclidean,15,,eom,cosine,42,2,0.0,17,366,715
2026-04-17T07:04:48,sandwich,35,15,0.05,cosine,15,0.1,cosine,15,,eom,cosine,42,2,0.0,17,366,715
2026-04-17T07:05:01,sandwich,35,15,0.05,euclidean,15,0.1,euclidean,15,,eom,euclidean,42,2,0.0,17,366,715
2026-04-17T07:05:01,sandwich,35,15,0.05,euclidean,15,0.1,euclidean,15,,eom,cosine,42,2,0.0,17,366,715
2026-04-17T07:05:01,sandwich,35,15,0.05,euclidean,15,0.1,cosine,15,,eom,euclidean,42,2,0.0,17,366,715
2026-04-17T07:05:01,sandwich,35,15,0.05,euclidean,15,0.1,cosine,15,,eom,cosine,42,2,0.0,17,366,715
2026-04-17T07:05:13,sandwich,35,15,0.05,correlation,15,0.1,euclidean,15,,eom,euclidean,42,2,0.0096,17,362,708
2026-04-17T07:05:13,sandwich,35,15,0.05,correlation,15,0.1,cosine,15,,eom,euclidean,42,2,0.0096,17,362,708
2026-04-17T07:05:13,sandwich,35,15,0.05,correlation,15,0.1,euclidean,15,,eom,cosine,42,9,0.2842,17,31,221
2026-04-17T07:05:13,sandwich,35,15,0.05,correlation,15,0.1,cosine,15,,eom,cosine,42,9,0.2842,17,31,221
2026-04-17T07:05:26,sandwich,35,15,0.05,cosine,15,0.1,euclidean,15,,leaf,euclidean,42,13,0.4672,16,26,75
2026-04-17T07:05:26,sandwich,35,15,0.05,cosine,15,0.1,cosine,15,,leaf,euclidean,42,13,0.4672,16,26,75
2026-04-17T07:05:26,sandwich,35,15,0.05,cosine,15,0.1,euclidean,15,,leaf,cosine,42,13,0.4836,16,25,72
2026-04-17T07:05:26,sandwich,35,15,0.05,cosine,15,0.1,cosine,15,,leaf,cosine,42,13,0.4836,16,25,72
2026-04-17T07:05:37,sandwich,35,15,0.05,euclidean,15,0.1,euclidean,15,,leaf,cosine,42,12,0.556,16,20,74
2026-04-17T07:05:37,sandwich,35,15,0.05,euclidean,15,0.1,euclidean,15,,leaf,euclidean,42,13,0.556,17,22,54
2026-04-17T07:05:37,sandwich,35,15,0.05,euclidean,15,0.1,cosine,15,,leaf,cosine,42,12,0.556,16,20,74
2026-04-17T07:05:37,sandwich,35,15,0.05,euclidean,15,0.1,cosine,15,,leaf,euclidean,42,13,0.556,17,22,54
2026-04-17T07:05:50,sandwich,35,15,0.05,correlation,15,0.1,euclidean,15,,leaf,euclidean,42,12,0.5109,16,25,69
2026-04-17T07:05:50,sandwich,35,15,0.05,correlation,15,0.1,cosine,15,,leaf,euclidean,42,12,0.5109,16,25,69
2026-04-17T07:05:50,sandwich,35,15,0.05,correlation,15,0.1,euclidean,15,,leaf,cosine,42,12,0.5109,17,24,68
2026-04-17T07:05:51,sandwich,35,15,0.05,correlation,15,0.1,cosine,15,,leaf,cosine,42,12,0.5109,17,24,68
2026-04-17T07:06:03,sandwich,35,15,0.05,cosine,15,0.1,euclidean,25,,eom,euclidean,42,3,0.2828,135,173,217
2026-04-17T07:06:03,sandwich,35,15,0.05,cosine,15,0.1,cosine,25,,eom,euclidean,42,3,0.2828,135,173,217
2026-04-17T07:06:03,sandwich,35,15,0.05,cosine,15,0.1,euclidean,25,,eom,cosine,42,4,0.321,29,125,217
2026-04-17T07:06:03,sandwich,35,15,0.05,cosine,15,0.1,cosine,25,,eom,cosine,42,4,0.321,29,125,217
2026-04-17T07:06:14,sandwich,35,15,0.05,euclidean,15,0.1,euclidean,25,,eom,cosine,42,5,0.3689,32,83,191
2026-04-17T07:06:15,sandwich,35,15,0.05,euclidean,15,0.1,euclidean,25,,eom,euclidean,42,5,0.3702,33,85,188
2026-04-17T07:06:15,sandwich,35,15,0.05,euclidean,15,0.1,cosine,25,,eom,cosine,42,5,0.3689,32,83,191
2026-04-17T07:06:15,sandwich,35,15,0.05,euclidean,15,0.1,cosine,25,,eom,euclidean,42,5,0.3702,33,85,188
2026-04-17T07:06:27,sandwich,35,15,0.05,correlation,15,0.1,euclidean,25,,eom,euclidean,42,5,0.3388,32,91,202
2026-04-17T07:06:28,sandwich,35,15,0.05,correlation,15,0.1,euclidean,25,,eom,cosine,42,5,0.3347,33,95,197
2026-04-17T07:06:28,sandwich,35,15,0.05,correlation,15,0.1,cosine,25,,eom,euclidean,42,5,0.3388,32,91,202
2026-04-17T07:06:28,sandwich,35,15,0.05,correlation,15,0.1,cosine,25,,eom,cosine,42,5,0.3347,33,95,197
2026-04-17T07:06:39,sandwich,35,15,0.05,cosine,15,0.1,euclidean,25,,leaf,euclidean,42,6,0.5724,29,50,72
2026-04-17T07:06:39,sandwich,35,15,0.05,cosine,15,0.1,cosine,25,,leaf,cosine,42,6,0.5437,29,53,79
2026-04-17T07:06:40,sandwich,35,15,0.05,cosine,15,0.1,euclidean,25,,leaf,cosine,42,6,0.5437,29,53,79
2026-04-17T07:06:40,sandwich,35,15,0.05,cosine,15,0.1,cosine,25,,leaf,euclidean,42,6,0.5724,29,50,72
2026-04-17T07:06:52,sandwich,35,15,0.05,euclidean,15,0.1,euclidean,25,,leaf,euclidean,42,6,0.5314,28,56,85
2026-04-17T07:06:52,sandwich,35,15,0.05,euclidean,15,0.1,cosine,25,,leaf,euclidean,42,6,0.5314,28,56,85
2026-04-17T07:06:52,sandwich,35,15,0.05,euclidean,15,0.1,euclidean,25,,leaf,cosine,42,6,0.5178,32,58,86
2026-04-17T07:06:52,sandwich,35,15,0.05,euclidean,15,0.1,cosine,25,,leaf,cosine,42,6,0.5178,32,58,86
2026-04-17T07:07:05,sandwich,35,15,0.05,correlation,15,0.1,euclidean,25,,leaf,euclidean,42,6,0.4891,32,56,101
2026-04-17T07:07:05,sandwich,35,15,0.05,correlation,15,0.1,euclidean,25,,leaf,cosine,42,6,0.4768,33,59,99
2026-04-17T07:07:05,sandwich,35,15,0.05,correlation,15,0.1,cosine,25,,leaf,cosine,42,6,0.4768,33,59,99
2026-04-17T07:07:05,sandwich,35,15,0.05,correlation,15,0.1,cosine,25,,leaf,euclidean,42,6,0.4891,32,56,101
2026-04-17T07:07:17,sandwich,35,30,0.0,cosine,15,0.1,euclidean,10,,eom,euclidean,42,2,0.0,17,366,715
2026-04-17T07:07:17,sandwich,35,30,0.0,cosine,15,0.1,euclidean,10,,eom,cosine,42,13,0.2596,12,20,250
2026-04-17T07:07:17,sandwich,35,30,0.0,cosine,15,0.1,cosine,10,,eom,euclidean,42,2,0.0,17,366,715
2026-04-17T07:07:17,sandwich,35,30,0.0,cosine,15,0.1,cosine,10,,eom,cosine,42,13,0.2596,12,20,250
2026-04-17T07:07:30,sandwich,35,30,0.0,euclidean,15,0.1,euclidean,10,,eom,euclidean,42,2,0.0,17,366,715
2026-04-17T07:07:30,sandwich,35,30,0.0,euclidean,15,0.1,euclidean,10,,eom,cosine,42,14,0.3279,11,23,96
2026-04-17T07:07:30,sandwich,35,30,0.0,euclidean,15,0.1,cosine,10,,eom,euclidean,42,2,0.0,17,366,715
2026-04-17T07:07:30,sandwich,35,30,0.0,euclidean,15,0.1,cosine,10,,eom,cosine,42,14,0.3279,11,23,96
2026-04-17T07:07:42,sandwich,35,30,0.0,correlation,15,0.1,euclidean,10,,eom,euclidean,42,2,0.0,17,366,715
2026-04-17T07:07:42,sandwich,35,30,0.0,correlation,15,0.1,cosine,10,,eom,cosine,42,13,0.2609,12,27,223
2026-04-17T07:07:42,sandwich,35,30,0.0,correlation,15,0.1,cosine,10,,eom,euclidean,42,2,0.0,17,366,715
2026-04-17T07:07:42,sandwich,35,30,0.0,correlation,15,0.1,euclidean,10,,eom,cosine,42,13,0.2609,12,27,223
2026-04-17T07:07:55,sandwich,35,30,0.0,cosine,15,0.1,euclidean,10,,leaf,euclidean,42,17,0.4399,13,19,54
2026-04-17T07:07:55,sandwich,35,30,0.0,cosine,15,0.1,cosine,10,,leaf,euclidean,42,17,0.4399,13,19,54
2026-04-17T07:07:55,sandwich,35,30,0.0,cosine,15,0.1,euclidean,10,,leaf,cosine,42,18,0.4563,10,18,39
2026-04-17T07:07:55,sandwich,35,30,0.0,cosine,15,0.1,cosine,10,,leaf,cosine,42,18,0.4563,10,18,39
2026-04-17T07:08:07,sandwich,35,30,0.0,euclidean,15,0.1,euclidean,10,,leaf,cosine,42,17,0.4945,11,19,36
2026-04-17T07:08:08,sandwich,35,30,0.0,euclidean,15,0.1,euclidean,10,,leaf,euclidean,42,17,0.5055,11,20,39
2026-04-17T07:08:08,sandwich,35,30,0.0,euclidean,15,0.1,cosine,10,,leaf,cosine,42,17,0.4945,11,19,36
2026-04-17T07:08:08,sandwich,35,30,0.0,euclidean,15,0.1,cosine,10,,leaf,euclidean,42,17,0.5055,11,20,39
2026-04-17T07:08:20,sandwich,35,30,0.0,correlation,15,0.1,euclidean,10,,leaf,cosine,42,16,0.4126,12,23,54
2026-04-17T07:08:20,sandwich,35,30,0.0,correlation,15,0.1,euclidean,10,,leaf,euclidean,42,17,0.4249,10,22,55
2026-04-17T07:08:20,sandwich,35,30,0.0,correlation,15,0.1,cosine,10,,leaf,euclidean,42,17,0.4249,10,22,55
2026-04-17T07:08:20,sandwich,35,30,0.0,correlation,15,0.1,cosine,10,,leaf,cosine,42,16,0.4126,12,23,54
2026-04-17T07:08:33,sandwich,35,30,0.0,cosine,15,0.1,euclidean,15,,eom,euclidean,42,2,0.0027,17,365,713
2026-04-17T07:08:33,sandwich,35,30,0.0,cosine,15,0.1,cosine,15,,eom,euclidean,42,2,0.0027,17,365,713
2026-04-17T07:08:33,sandwich,35,30,0.0,cosine,15,0.1,euclidean,15,,eom,cosine,42,7,0.2527,17,50,244
2026-04-17T07:08:33,sandwich,35,30,0.0,cosine,15,0.1,cosine,15,,eom,cosine,42,7,0.2527,17,50,244
2026-04-17T07:08:45,sandwich,35,30,0.0,euclidean,15,0.1,cosine,15,,eom,euclidean,42,2,0.0,17,366,715
2026-04-17T07:08:45,sandwich,35,30,0.0,euclidean,15,0.1,euclidean,15,,eom,euclidean,42,2,0.0,17,366,715
2026-04-17T07:08:45,sandwich,35,30,0.0,euclidean,15,0.1,euclidean,15,,eom,cosine,42,2,0.0,17,366,715
2026-04-17T07:08:45,sandwich,35,30,0.0,euclidean,15,0.1,cosine,15,,eom,cosine,42,2,0.0,17,366,715
2026-04-17T07:08:58,sandwich,35,30,0.0,correlation,15,0.1,euclidean,15,,eom,euclidean,42,2,0.0,17,366,715
2026-04-17T07:08:58,sandwich,35,30,0.0,correlation,15,0.1,euclidean,15,,eom,cosine,42,8,0.2596,17,40,247
2026-04-17T07:08:58,sandwich,35,30,0.0,correlation,15,0.1,cosine,15,,eom,euclidean,42,2,0.0,17,366,715
2026-04-17T07:08:58,sandwich,35,30,0.0,correlation,15,0.1,cosine,15,,eom,cosine,42,8,0.2596,17,40,247
2026-04-17T07:09:11,sandwich,35,30,0.0,cosine,15,0.1,euclidean,15,,leaf,euclidean,42,11,0.5109,15,22,89
2026-04-17T07:09:11,sandwich,35,30,0.0,cosine,15,0.1,cosine,15,,leaf,cosine,42,11,0.5041,17,24,89
2026-04-17T07:09:11,sandwich,35,30,0.0,cosine,15,0.1,euclidean,15,,leaf,cosine,42,11,0.5041,17,24,89
2026-04-17T07:09:11,sandwich,35,30,0.0,cosine,15,0.1,cosine,15,,leaf,euclidean,42,11,0.5109,15,22,89
2026-04-17T07:09:23,sandwich,35,30,0.0,euclidean,15,0.1,cosine,15,,leaf,euclidean,42,12,0.5628,15,20,64
2026-04-17T07:09:23,sandwich,35,30,0.0,euclidean,15,0.1,euclidean,15,,leaf,euclidean,42,12,0.5628,15,20,64
2026-04-17T07:09:23,sandwich,35,30,0.0,euclidean,15,0.1,euclidean,15,,leaf,cosine,42,12,0.5601,16,20,64
2026-04-17T07:09:23,sandwich,35,30,0.0,euclidean,15,0.1,cosine,15,,leaf,cosine,42,12,0.5601,16,20,64
2026-04-17T07:09:36,sandwich,35,30,0.0,correlation,15,0.1,euclidean,15,,leaf,euclidean,42,13,0.5656,16,21,53
2026-04-17T07:09:36,sandwich,35,30,0.0,correlation,15,0.1,cosine,15,,leaf,euclidean,42,13,0.5656,16,21,53
2026-04-17T07:09:36,sandwich,35,30,0.0,correlation,15,0.1,cosine,15,,leaf,cosine,42,13,0.5587,16,21,54
2026-04-17T07:09:36,sandwich,35,30,0.0,correlation,15,0.1,euclidean,15,,leaf,cosine,42,13,0.5587,16,21,54
2026-04-17T07:09:48,sandwich,35,30,0.0,cosine,15,0.1,cosine,25,,eom,euclidean,42,5,0.3552,32,77,233
2026-04-17T07:09:48,sandwich,35,30,0.0,cosine,15,0.1,euclidean,25,,eom,euclidean,42,5,0.3552,32,77,233
2026-04-17T07:09:48,sandwich,35,30,0.0,cosine,15,0.1,cosine,25,,eom,cosine,42,5,0.3429,32,81,236
2026-04-17T07:09:48,sandwich,35,30,0.0,cosine,15,0.1,euclidean,25,,eom,cosine,42,5,0.3429,32,81,236
2026-04-17T07:10:00,sandwich,35,30,0.0,euclidean,15,0.1,euclidean,25,,eom,euclidean,42,5,0.3702,33,82,190
2026-04-17T07:10:00,sandwich,35,30,0.0,euclidean,15,0.1,euclidean,25,,eom,cosine,42,5,0.3743,32,80,193
2026-04-17T07:10:00,sandwich,35,30,0.0,euclidean,15,0.1,cosine,25,,eom,cosine,42,5,0.3743,32,80,193
2026-04-17T07:10:00,sandwich,35,30,0.0,euclidean,15,0.1,cosine,25,,eom,euclidean,42,5,0.3702,33,82,190
2026-04-17T07:10:13,sandwich,35,30,0.0,correlation,15,0.1,euclidean,25,,eom,euclidean,42,3,0.1776,163,204,235
2026-04-17T07:10:14,sandwich,35,30,0.0,correlation,15,0.1,euclidean,25,,eom,cosine,42,4,0.3046,48,116,228
2026-04-17T07:10:14,sandwich,35,30,0.0,correlation,15,0.1,cosine,25,,eom,euclidean,42,3,0.1776,163,204,235
2026-04-17T07:10:14,sandwich,35,30,0.0,correlation,15,0.1,cosine,25,,eom,cosine,42,4,0.3046,48,116,228
2026-04-17T07:10:26,sandwich,35,30,0.0,cosine,15,0.1,euclidean,25,,leaf,euclidean,42,6,0.5683,29,48,81
2026-04-17T07:10:26,sandwich,35,30,0.0,cosine,15,0.1,cosine,25,,leaf,euclidean,42,6,0.5683,29,48,81
2026-04-17T07:10:26,sandwich,35,30,0.0,cosine,15,0.1,euclidean,25,,leaf,cosine,42,6,0.556,28,51,82
2026-04-17T07:10:26,sandwich,35,30,0.0,cosine,15,0.1,cosine,25,,leaf,cosine,42,6,0.556,28,51,82
2026-04-17T07:10:38,sandwich,35,30,0.0,euclidean,15,0.1,euclidean,25,,leaf,cosine,42,5,0.3743,32,80,193
2026-04-17T07:10:38,sandwich,35,30,0.0,euclidean,15,0.1,euclidean,25,,leaf,euclidean,42,5,0.3702,33,82,190
2026-04-17T07:10:38,sandwich,35,30,0.0,euclidean,15,0.1,cosine,25,,leaf,euclidean,42,5,0.3702,33,82,190
2026-04-17T07:10:38,sandwich,35,30,0.0,euclidean,15,0.1,cosine,25,,leaf,cosine,42,5,0.3743,32,80,193
2026-04-17T07:10:50,sandwich,35,30,0.0,correlation,15,0.1,euclidean,25,,leaf,euclidean,42,6,0.5888,25,46,79
2026-04-17T07:10:51,sandwich,35,30,0.0,correlation,15,0.1,cosine,25,,leaf,cosine,42,5,0.3743,30,75,228
2026-04-17T07:10:51,sandwich,35,30,0.0,correlation,15,0.1,euclidean,25,,leaf,cosine,42,5,0.3743,30,75,228
2026-04-17T07:10:51,sandwich,35,30,0.0,correlation,15,0.1,cosine,25,,leaf,euclidean,42,6,0.5888,25,46,79
2026-04-17T07:11:03,sandwich,35,30,0.05,cosine,15,0.1,euclidean,10,,eom,euclidean,42,2,0.0041,17,364,712
2026-04-17T07:11:04,sandwich,35,30,0.05,cosine,15,0.1,cosine,10,,eom,euclidean,42,2,0.0041,17,364,712
2026-04-17T07:11:04,sandwich,35,30,0.05,cosine,15,0.1,cosine,10,,eom,cosine,42,13,0.2855,13,20,236
2026-04-17T07:11:04,sandwich,35,30,0.05,cosine,15,0.1,euclidean,10,,eom,cosine,42,13,0.2855,13,20,236
2026-04-17T07:11:16,sandwich,35,30,0.05,euclidean,15,0.1,euclidean,10,,eom,euclidean,42,2,0.0,17,366,715
2026-04-17T07:11:16,sandwich,35,30,0.05,euclidean,15,0.1,euclidean,10,,eom,cosine,42,2,0.0,17,366,715
2026-04-17T07:11:16,sandwich,35,30,0.05,euclidean,15,0.1,cosine,10,,eom,euclidean,42,2,0.0,17,366,715
2026-04-17T07:11:16,sandwich,35,30,0.05,euclidean,15,0.1,cosine,10,,eom,cosine,42,2,0.0,17,366,715
2026-04-17T07:11:29,sandwich,35,30,0.05,correlation,15,0.1,euclidean,10,,eom,euclidean,42,2,0.0,17,366,715
2026-04-17T07:11:29,sandwich,35,30,0.05,correlation,15,0.1,cosine,10,,eom,euclidean,42,2,0.0,17,366,715
2026-04-17T07:11:29,sandwich,35,30,0.05,correlation,15,0.1,euclidean,10,,eom,cosine,42,13,0.2883,11,25,220
2026-04-17T07:11:29,sandwich,35,30,0.05,correlation,15,0.1,cosine,10,,eom,cosine,42,13,0.2883,11,25,220
2026-04-17T07:11:41,sandwich,35,30,0.05,cosine,15,0.1,euclidean,10,,leaf,euclidean,42,18,0.4508,10,19,52
2026-04-17T07:11:42,sandwich,35,30,0.05,cosine,15,0.1,euclidean,10,,leaf,cosine,42,18,0.444,12,18,53
2026-04-17T07:11:42,sandwich,35,30,0.05,cosine,15,0.1,cosine,10,,leaf,euclidean,42,18,0.4508,10,19,52
2026-04-17T07:11:42,sandwich,35,30,0.05,cosine,15,0.1,cosine,10,,leaf,cosine,42,18,0.444,12,18,53
2026-04-17T07:11:53,sandwich,35,30,0.05,euclidean,15,0.1,cosine,10,,leaf,euclidean,42,16,0.5246,13,20,36
2026-04-17T07:11:53,sandwich,35,30,0.05,euclidean,15,0.1,euclidean,10,,leaf,cosine,42,16,0.515,12,21,35
2026-04-17T07:11:53,sandwich,35,30,0.05,euclidean,15,0.1,euclidean,10,,leaf,euclidean,42,16,0.5246,13,20,36
2026-04-17T07:11:53,sandwich,35,30,0.05,euclidean,15,0.1,cosine,10,,leaf,cosine,42,16,0.515,12,21,35
2026-04-17T07:12:06,sandwich,35,30,0.05,correlation,15,0.1,cosine,10,,leaf,euclidean,42,17,0.4413,10,21,50
2026-04-17T07:12:07,sandwich,35,30,0.05,correlation,15,0.1,euclidean,10,,leaf,euclidean,42,17,0.4413,10,21,50
2026-04-17T07:12:07,sandwich,35,30,0.05,correlation,15,0.1,cosine,10,,leaf,cosine,42,17,0.4577,10,21,50
2026-04-17T07:12:07,sandwich,35,30,0.05,correlation,15,0.1,euclidean,10,,leaf,cosine,42,17,0.4577,10,21,50
2026-04-17T07:12:19,sandwich,35,30,0.05,cosine,15,0.1,cosine,15,,eom,euclidean,42,2,0.0164,17,360,703
2026-04-17T07:12:19,sandwich,35,30,0.05,cosine,15,0.1,euclidean,15,,eom,cosine,42,7,0.276,17,49,234
2026-04-17T07:12:19,sandwich,35,30,0.05,cosine,15,0.1,euclidean,15,,eom,euclidean,42,2,0.0164,17,360,703
2026-04-17T07:12:20,sandwich,35,30,0.05,cosine,15,0.1,cosine,15,,eom,cosine,42,7,0.276,17,49,234
2026-04-17T07:12:31,sandwich,35,30,0.05,euclidean,15,0.1,euclidean,15,,eom,euclidean,42,2,0.0,17,366,715
2026-04-17T07:12:31,sandwich,35,30,0.05,euclidean,15,0.1,cosine,15,,eom,euclidean,42,2,0.0,17,366,715
2026-04-17T07:12:31,sandwich,35,30,0.05,euclidean,15,0.1,euclidean,15,,eom,cosine,42,2,0.0,17,366,715
2026-04-17T07:12:31,sandwich,35,30,0.05,euclidean,15,0.1,cosine,15,,eom,cosine,42,2,0.0,17,366,715
2026-04-17T07:12:44,sandwich,35,30,0.05,correlation,15,0.1,cosine,15,,eom,euclidean,42,2,0.0,17,366,715
2026-04-17T07:12:44,sandwich,35,30,0.05,correlation,15,0.1,euclidean,15,,eom,cosine,42,8,0.2801,16,38,239
2026-04-17T07:12:44,sandwich,35,30,0.05,correlation,15,0.1,euclidean,15,,eom,euclidean,42,2,0.0,17,366,715
2026-04-17T07:12:44,sandwich,35,30,0.05,correlation,15,0.1,cosine,15,,eom,cosine,42,8,0.2801,16,38,239
2026-04-17T07:12:57,sandwich,35,30,0.05,cosine,15,0.1,euclidean,15,,leaf,euclidean,42,10,0.4877,17,31,86
2026-04-17T07:12:57,sandwich,35,30,0.05,cosine,15,0.1,euclidean,15,,leaf,cosine,42,11,0.5219,15,25,82
2026-04-17T07:12:57,sandwich,35,30,0.05,cosine,15,0.1,cosine,15,,leaf,cosine,42,11,0.5219,15,25,82
2026-04-17T07:12:57,sandwich,35,30,0.05,cosine,15,0.1,cosine,15,,leaf,euclidean,42,10,0.4877,17,31,86
2026-04-17T07:13:09,sandwich,35,30,0.05,euclidean,15,0.1,euclidean,15,,leaf,euclidean,42,9,0.4495,15,44,89
2026-04-17T07:13:10,sandwich,35,30,0.05,euclidean,15,0.1,euclidean,15,,leaf,cosine,42,10,0.5096,15,25,89
2026-04-17T07:13:10,sandwich,35,30,0.05,euclidean,15,0.1,cosine,15,,leaf,euclidean,42,9,0.4495,15,44,89
2026-04-17T07:13:10,sandwich,35,30,0.05,euclidean,15,0.1,cosine,15,,leaf,cosine,42,10,0.5096,15,25,89
2026-04-17T07:13:22,sandwich,35,30,0.05,correlation,15,0.1,cosine,15,,leaf,euclidean,42,11,0.5601,16,25,61
2026-04-17T07:13:22,sandwich,35,30,0.05,correlation,15,0.1,euclidean,15,,leaf,euclidean,42,11,0.5601,16,25,61
2026-04-17T07:13:22,sandwich,35,30,0.05,correlation,15,0.1,euclidean,15,,leaf,cosine,42,10,0.5178,16,25,75
2026-04-17T07:13:22,sandwich,35,30,0.05,correlation,15,0.1,cosine,15,,leaf,cosine,42,10,0.5178,16,25,75
2026-04-17T07:13:35,sandwich,35,30,0.05,cosine,15,0.1,euclidean,25,,eom,euclidean,42,5,0.373,32,77,224
2026-04-17T07:13:35,sandwich,35,30,0.05,cosine,15,0.1,euclidean,25,,eom,cosine,42,5,0.3798,29,74,221
2026-04-17T07:13:35,sandwich,35,30,0.05,cosine,15,0.1,cosine,25,,eom,euclidean,42,5,0.373,32,77,224
2026-04-17T07:13:35,sandwich,35,30,0.05,cosine,15,0.1,cosine,25,,eom,cosine,42,5,0.3798,29,74,221
2026-04-17T07:13:46,sandwich,35,30,0.05,euclidean,15,0.1,euclidean,25,,eom,euclidean,42,5,0.4085,33,79,179
2026-04-17T07:13:46,sandwich,35,30,0.05,euclidean,15,0.1,cosine,25,,eom,euclidean,42,5,0.4085,33,79,179
2026-04-17T07:13:46,sandwich,35,30,0.05,euclidean,15,0.1,euclidean,25,,eom,cosine,42,5,0.4057,30,78,187
2026-04-17T07:13:46,sandwich,35,30,0.05,euclidean,15,0.1,cosine,25,,eom,cosine,42,5,0.4057,30,78,187
2026-04-17T07:13:59,sandwich,35,30,0.05,correlation,15,0.1,cosine,25,,eom,euclidean,42,4,0.3306,32,118,221
2026-04-17T07:13:59,sandwich,35,30,0.05,correlation,15,0.1,euclidean,25,,eom,euclidean,42,4,0.3306,32,118,221
2026-04-17T07:13:59,sandwich,35,30,0.05,correlation,15,0.1,euclidean,25,,eom,cosine,42,4,0.332,31,118,222
2026-04-17T07:14:00,sandwich,35,30,0.05,correlation,15,0.1,cosine,25,,eom,cosine,42,4,0.332,31,118,222
2026-04-17T07:14:12,sandwich,35,30,0.05,cosine,15,0.1,cosine,25,,leaf,cosine,42,5,0.3798,29,74,221
2026-04-17T07:14:12,sandwich,35,30,0.05,cosine,15,0.1,cosine,25,,leaf,euclidean,42,5,0.373,32,77,224
2026-04-17T07:14:12,sandwich,35,30,0.05,cosine,15,0.1,euclidean,25,,leaf,cosine,42,5,0.3798,29,74,221
2026-04-17T07:14:12,sandwich,35,30,0.05,cosine,15,0.1,euclidean,25,,leaf,euclidean,42,5,0.373,32,77,224
2026-04-17T07:14:24,sandwich,35,30,0.05,euclidean,15,0.1,euclidean,25,,leaf,euclidean,42,5,0.4085,33,79,179
2026-04-17T07:14:24,sandwich,35,30,0.05,euclidean,15,0.1,euclidean,25,,leaf,cosine,42,5,0.4057,30,78,187
2026-04-17T07:14:24,sandwich,35,30,0.05,euclidean,15,0.1,cosine,25,,leaf,euclidean,42,5,0.4085,33,79,179
2026-04-17T07:14:24,sandwich,35,30,0.05,euclidean,15,0.1,cosine,25,,leaf,cosine,42,5,0.4057,30,78,187
2026-04-17T07:14:37,sandwich,35,30,0.05,correlation,15,0.1,euclidean,25,,leaf,euclidean,42,5,0.4016,32,70,221
2026-04-17T07:14:37,sandwich,35,30,0.05,correlation,15,0.1,euclidean,25,,leaf,cosine,42,5,0.4057,31,69,222
2026-04-17T07:14:38,sandwich,35,30,0.05,correlation,15,0.1,cosine,25,,leaf,cosine,42,5,0.4057,31,69,222
2026-04-17T07:14:38,sandwich,35,30,0.05,correlation,15,0.1,cosine,25,,leaf,euclidean,42,5,0.4016,32,70,221
2026-04-17T07:14:49,sandwich,40,10,0.0,cosine,15,0.1,cosine,10,,eom,cosine,42,15,0.179,10,22,243
2026-04-17T07:14:49,sandwich,40,10,0.0,cosine,15,0.1,euclidean,10,,eom,euclidean,42,13,0.1448,10,23,242
2026-04-17T07:14:49,sandwich,40,10,0.0,cosine,15,0.1,euclidean,10,,eom,cosine,42,15,0.179,10,22,243
2026-04-17T07:14:49,sandwich,40,10,0.0,cosine,15,0.1,cosine,10,,eom,euclidean,42,13,0.1448,10,23,242
2026-04-17T07:15:01,sandwich,40,10,0.0,euclidean,15,0.1,euclidean,10,,eom,cosine,42,17,0.3456,15,25,71
2026-04-17T07:15:01,sandwich,40,10,0.0,euclidean,15,0.1,euclidean,10,,eom,euclidean,42,2,0.0,17,366,715
2026-04-17T07:15:02,sandwich,40,10,0.0,euclidean,15,0.1,cosine,10,,eom,euclidean,42,2,0.0,17,366,715
2026-04-17T07:15:02,sandwich,40,10,0.0,euclidean,15,0.1,cosine,10,,eom,cosine,42,17,0.3456,15,25,71
2026-04-17T07:15:15,sandwich,40,10,0.0,correlation,15,0.1,cosine,10,,eom,euclidean,42,15,0.1995,11,34,106
2026-04-17T07:15:15,sandwich,40,10,0.0,correlation,15,0.1,euclidean,10,,eom,euclidean,42,15,0.1995,11,34,106
2026-04-17T07:15:15,sandwich,40,10,0.0,correlation,15,0.1,euclidean,10,,eom,cosine,42,17,0.2459,11,27,101
2026-04-17T07:15:15,sandwich,40,10,0.0,correlation,15,0.1,cosine,10,,eom,cosine,42,17,0.2459,11,27,101
2026-04-17T07:15:26,sandwich,40,10,0.0,cosine,15,0.1,euclidean,10,,leaf,euclidean,42,21,0.3224,10,22,43
2026-04-17T07:15:26,sandwich,40,10,0.0,cosine,15,0.1,cosine,10,,leaf,cosine,42,22,0.3525,10,18,43
2026-04-17T07:15:26,sandwich,40,10,0.0,cosine,15,0.1,euclidean,10,,leaf,cosine,42,22,0.3525,10,18,43
2026-04-17T07:15:26,sandwich,40,10,0.0,cosine,15,0.1,cosine,10,,leaf,euclidean,42,21,0.3224,10,22,43
2026-04-17T07:15:39,sandwich,40,10,0.0,euclidean,15,0.1,euclidean,10,,leaf,euclidean,42,19,0.3292,10,21,67
2026-04-17T07:15:39,sandwich,40,10,0.0,euclidean,15,0.1,euclidean,10,,leaf,cosine,42,18,0.3689,10,22,71
2026-04-17T07:15:39,sandwich,40,10,0.0,euclidean,15,0.1,cosine,10,,leaf,cosine,42,18,0.3689,10,22,71
2026-04-17T07:15:39,sandwich,40,10,0.0,euclidean,15,0.1,cosine,10,,leaf,euclidean,42,19,0.3292,10,21,67
2026-04-17T07:15:51,sandwich,40,10,0.0,correlation,15,0.1,cosine,10,,leaf,euclidean,42,20,0.3251,10,18,59
2026-04-17T07:15:51,sandwich,40,10,0.0,correlation,15,0.1,euclidean,10,,leaf,cosine,42,20,0.3292,10,18,59
2026-04-17T07:15:51,sandwich,40,10,0.0,correlation,15,0.1,euclidean,10,,leaf,euclidean,42,20,0.3251,10,18,59
2026-04-17T07:15:51,sandwich,40,10,0.0,correlation,15,0.1,cosine,10,,leaf,cosine,42,20,0.3292,10,18,59
2026-04-17T07:16:03,sandwich,40,10,0.0,cosine,15,0.1,cosine,15,,eom,euclidean,42,2,0.0,17,366,715
2026-04-17T07:16:03,sandwich,40,10,0.0,cosine,15,0.1,euclidean,15,,eom,euclidean,42,2,0.0,17,366,715
2026-04-17T07:16:04,sandwich,40,10,0.0,cosine,15,0.1,euclidean,15,,eom,cosine,42,10,0.2063,16,30,237
2026-04-17T07:16:04,sandwich,40,10,0.0,cosine,15,0.1,cosine,15,,eom,cosine,42,10,0.2063,16,30,237
2026-04-17T07:16:16,sandwich,40,10,0.0,euclidean,15,0.1,euclidean,15,,eom,cosine,42,2,0.0,17,366,715
2026-04-17T07:16:16,sandwich,40,10,0.0,euclidean,15,0.1,cosine,15,,eom,euclidean,42,2,0.0,17,366,715
2026-04-17T07:16:16,sandwich,40,10,0.0,euclidean,15,0.1,euclidean,15,,eom,euclidean,42,2,0.0,17,366,715
2026-04-17T07:16:16,sandwich,40,10,0.0,euclidean,15,0.1,cosine,15,,eom,cosine,42,2,0.0,17,366,715
2026-04-17T07:16:28,sandwich,40,10,0.0,correlation,15,0.1,cosine,15,,eom,cosine,42,10,0.1776,17,32,240
2026-04-17T07:16:28,sandwich,40,10,0.0,correlation,15,0.1,euclidean,15,,eom,euclidean,42,8,0.1257,17,58,240
2026-04-17T07:16:29,sandwich,40,10,0.0,correlation,15,0.1,euclidean,15,,eom,cosine,42,10,0.1776,17,32,240
2026-04-17T07:16:29,sandwich,40,10,0.0,correlation,15,0.1,cosine,15,,eom,euclidean,42,8,0.1257,17,58,240
2026-04-17T07:16:41,sandwich,40,10,0.0,cosine,15,0.1,cosine,15,,leaf,euclidean,42,13,0.3374,16,36,90
2026-04-17T07:16:41,sandwich,40,10,0.0,cosine,15,0.1,euclidean,15,,leaf,euclidean,42,13,0.3374,16,36,90
2026-04-17T07:16:41,sandwich,40,10,0.0,cosine,15,0.1,cosine,15,,leaf,cosine,42,13,0.347,16,33,89
2026-04-17T07:16:41,sandwich,40,10,0.0,cosine,15,0.1,euclidean,15,,leaf,cosine,42,13,0.347,16,33,89
2026-04-17T07:16:52,sandwich,40,10,0.0,euclidean,15,0.1,euclidean,15,,leaf,euclidean,42,12,0.4959,16,28,93
2026-04-17T07:16:53,sandwich,40,10,0.0,euclidean,15,0.1,euclidean,15,,leaf,cosine,42,12,0.4454,16,24,97
2026-04-17T07:16:53,sandwich,40,10,0.0,euclidean,15,0.1,cosine,15,,leaf,euclidean,42,12,0.4959,16,28,93
2026-04-17T07:16:53,sandwich,40,10,0.0,euclidean,15,0.1,cosine,15,,leaf,cosine,42,12,0.4454,16,24,97
2026-04-17T07:17:06,sandwich,40,10,0.0,correlation,15,0.1,euclidean,15,,leaf,euclidean,42,13,0.3265,17,32,90
2026-04-17T07:17:06,sandwich,40,10,0.0,correlation,15,0.1,cosine,15,,leaf,euclidean,42,13,0.3265,17,32,90
2026-04-17T07:17:06,sandwich,40,10,0.0,correlation,15,0.1,cosine,15,,leaf,cosine,42,13,0.3292,17,33,88
2026-04-17T07:17:06,sandwich,40,10,0.0,correlation,15,0.1,euclidean,15,,leaf,cosine,42,13,0.3292,17,33,88
2026-04-17T07:17:18,sandwich,40,10,0.0,cosine,15,0.1,euclidean,25,,eom,euclidean,42,4,0.2104,36,154,233
2026-04-17T07:17:18,sandwich,40,10,0.0,cosine,15,0.1,cosine,25,,eom,cosine,42,4,0.2145,36,153,232
2026-04-17T07:17:18,sandwich,40,10,0.0,cosine,15,0.1,euclidean,25,,eom,cosine,42,4,0.2145,36,153,232
2026-04-17T07:17:18,sandwich,40,10,0.0,cosine,15,0.1,cosine,25,,eom,euclidean,42,4,0.2104,36,154,233
2026-04-17T07:17:29,sandwich,40,10,0.0,euclidean,15,0.1,euclidean,25,,eom,cosine,42,5,0.3497,38,83,195
2026-04-17T07:17:30,sandwich,40,10,0.0,euclidean,15,0.1,euclidean,25,,eom,euclidean,42,5,0.3689,37,78,194
2026-04-17T07:17:30,sandwich,40,10,0.0,euclidean,15,0.1,cosine,25,,eom,euclidean,42,5,0.3689,37,78,194
2026-04-17T07:17:30,sandwich,40,10,0.0,euclidean,15,0.1,cosine,25,,eom,cosine,42,5,0.3497,38,83,195
2026-04-17T07:17:43,sandwich,40,10,0.0,correlation,15,0.1,euclidean,25,,eom,cosine,42,5,0.2773,33,96,224
2026-04-17T07:17:43,sandwich,40,10,0.0,correlation,15,0.1,cosine,25,,eom,euclidean,42,5,0.2773,33,97,224
2026-04-17T07:17:43,sandwich,40,10,0.0,correlation,15,0.1,euclidean,25,,eom,euclidean,42,5,0.2773,33,97,224
2026-04-17T07:17:43,sandwich,40,10,0.0,correlation,15,0.1,cosine,25,,eom,cosine,42,5,0.2773,33,96,224
2026-04-17T07:17:56,sandwich,40,10,0.0,cosine,15,0.1,cosine,25,,leaf,cosine,42,6,0.4016,36,70,127
2026-04-17T07:17:56,sandwich,40,10,0.0,cosine,15,0.1,cosine,25,,leaf,euclidean,42,6,0.4112,36,67,127
2026-04-17T07:17:56,sandwich,40,10,0.0,cosine,15,0.1,euclidean,25,,leaf,cosine,42,6,0.4016,36,70,127
2026-04-17T07:17:56,sandwich,40,10,0.0,cosine,15,0.1,euclidean,25,,leaf,euclidean,42,6,0.4112,36,67,127
2026-04-17T07:18:08,sandwich,40,10,0.0,euclidean,15,0.1,euclidean,25,,leaf,cosine,42,6,0.4645,38,66,86
2026-04-17T07:18:08,sandwich,40,10,0.0,euclidean,15,0.1,cosine,25,,leaf,euclidean,42,6,0.4918,37,63,83
2026-04-17T07:18:08,sandwich,40,10,0.0,euclidean,15,0.1,euclidean,25,,leaf,euclidean,42,6,0.4918,37,63,83
2026-04-17T07:18:08,sandwich,40,10,0.0,euclidean,15,0.1,cosine,25,,leaf,cosine,42,6,0.4645,38,66,86
2026-04-17T07:18:19,sandwich,40,10,0.0,correlation,15,0.1,euclidean,25,,leaf,euclidean,42,6,0.3907,33,70,114
2026-04-17T07:18:19,sandwich,40,10,0.0,correlation,15,0.1,cosine,25,,leaf,euclidean,42,6,0.3907,33,70,114
2026-04-17T07:18:20,sandwich,40,10,0.0,correlation,15,0.1,euclidean,25,,leaf,cosine,42,6,0.3962,33,68,111
2026-04-17T07:18:20,sandwich,40,10,0.0,correlation,15,0.1,cosine,25,,leaf,cosine,42,6,0.3962,33,68,111
2026-04-17T07:18:32,sandwich,40,10,0.05,cosine,15,0.1,euclidean,10,,eom,euclidean,42,16,0.2036,10,19,231
2026-04-17T07:18:32,sandwich,40,10,0.05,cosine,15,0.1,cosine,10,,eom,cosine,42,16,0.2063,11,19,229
2026-04-17T07:18:32,sandwich,40,10,0.05,cosine,15,0.1,euclidean,10,,eom,cosine,42,16,0.2063,11,19,229
2026-04-17T07:18:32,sandwich,40,10,0.05,cosine,15,0.1,cosine,10,,eom,euclidean,42,16,0.2036,10,19,231
2026-04-17T07:18:43,sandwich,40,10,0.05,euclidean,15,0.1,euclidean,10,,eom,cosine,42,15,0.2363,12,19,223
2026-04-17T07:18:44,sandwich,40,10,0.05,euclidean,15,0.1,euclidean,10,,eom,euclidean,42,2,0.0,17,366,715
2026-04-17T07:18:44,sandwich,40,10,0.05,euclidean,15,0.1,cosine,10,,eom,cosine,42,15,0.2363,12,19,223
2026-04-17T07:18:44,sandwich,40,10,0.05,euclidean,15,0.1,cosine,10,,eom,euclidean,42,2,0.0,17,366,715
2026-04-17T07:18:57,sandwich,40,10,0.05,correlation,15,0.1,euclidean,10,,eom,euclidean,42,2,0.0,17,366,715
2026-04-17T07:18:57,sandwich,40,10,0.05,correlation,15,0.1,euclidean,10,,eom,cosine,42,16,0.2691,11,26,94
2026-04-17T07:18:57,sandwich,40,10,0.05,correlation,15,0.1,cosine,10,,eom,cosine,42,16,0.2691,11,26,94
2026-04-17T07:18:57,sandwich,40,10,0.05,correlation,15,0.1,cosine,10,,eom,euclidean,42,2,0.0,17,366,715
2026-04-17T07:19:09,sandwich,40,10,0.05,cosine,15,0.1,euclidean,10,,leaf,euclidean,42,22,0.3443,10,19,36
2026-04-17T07:19:09,sandwich,40,10,0.05,cosine,15,0.1,cosine,10,,leaf,cosine,42,22,0.3361,11,19,38
2026-04-17T07:19:09,sandwich,40,10,0.05,cosine,15,0.1,euclidean,10,,leaf,cosine,42,22,0.3361,11,19,38
2026-04-17T07:19:09,sandwich,40,10,0.05,cosine,15,0.1,cosine,10,,leaf,euclidean,42,22,0.3443,10,19,36
2026-04-17T07:19:21,sandwich,40,10,0.05,euclidean,15,0.1,euclidean,10,,leaf,euclidean,42,19,0.3852,10,21,62
2026-04-17T07:19:21,sandwich,40,10,0.05,euclidean,15,0.1,cosine,10,,leaf,euclidean,42,19,0.3852,10,21,62
2026-04-17T07:19:21,sandwich,40,10,0.05,euclidean,15,0.1,euclidean,10,,leaf,cosine,42,19,0.3907,10,20,61
2026-04-17T07:19:21,sandwich,40,10,0.05,euclidean,15,0.1,cosine,10,,leaf,cosine,42,19,0.3907,10,20,61
2026-04-17T07:19:33,sandwich,40,10,0.05,correlation,15,0.1,euclidean,10,,leaf,euclidean,42,20,0.388,10,18,54
2026-04-17T07:19:34,sandwich,40,10,0.05,correlation,15,0.1,euclidean,10,,leaf,cosine,42,19,0.388,10,18,54
2026-04-17T07:19:34,sandwich,40,10,0.05,correlation,15,0.1,cosine,10,,leaf,euclidean,42,20,0.388,10,18,54
2026-04-17T07:19:34,sandwich,40,10,0.05,correlation,15,0.1,cosine,10,,leaf,cosine,42,19,0.388,10,18,54
2026-04-17T07:19:45,sandwich,40,10,0.05,cosine,15,0.1,euclidean,15,,eom,euclidean,42,2,0.0,17,366,715
2026-04-17T07:19:45,sandwich,40,10,0.05,cosine,15,0.1,cosine,15,,eom,euclidean,42,2,0.0,17,366,715
2026-04-17T07:19:45,sandwich,40,10,0.05,cosine,15,0.1,euclidean,15,,eom,cosine,42,8,0.2104,17,43,221
2026-04-17T07:19:45,sandwich,40,10,0.05,cosine,15,0.1,cosine,15,,eom,cosine,42,8,0.2104,17,43,221
2026-04-17T07:19:58,sandwich,40,10,0.05,euclidean,15,0.1,cosine,15,,eom,cosine,42,2,0.0,17,366,715
2026-04-17T07:19:58,sandwich,40,10,0.05,euclidean,15,0.1,euclidean,15,,eom,cosine,42,2,0.0,17,366,715
2026-04-17T07:19:58,sandwich,40,10,0.05,euclidean,15,0.1,euclidean,15,,eom,euclidean,42,2,0.0,17,366,715
2026-04-17T07:19:59,sandwich,40,10,0.05,euclidean,15,0.1,cosine,15,,eom,euclidean,42,2,0.0,17,366,715
2026-04-17T07:20:11,sandwich,40,10,0.05,correlation,15,0.1,cosine,15,,eom,euclidean,42,2,0.0,17,366,715
2026-04-17T07:20:11,sandwich,40,10,0.05,correlation,15,0.1,euclidean,15,,eom,euclidean,42,2,0.0,17,366,715
2026-04-17T07:20:11,sandwich,40,10,0.05,correlation,15,0.1,cosine,15,,eom,cosine,42,8,0.1667,17,50,234
2026-04-17T07:20:12,sandwich,40,10,0.05,correlation,15,0.1,euclidean,15,,eom,cosine,42,8,0.1667,17,50,234
2026-04-17T07:20:23,sandwich,40,10,0.05,cosine,15,0.1,cosine,15,,leaf,euclidean,42,13,0.403,17,30,85
2026-04-17T07:20:23,sandwich,40,10,0.05,cosine,15,0.1,euclidean,15,,leaf,euclidean,42,13,0.403,17,30,85
2026-04-17T07:20:23,sandwich,40,10,0.05,cosine,15,0.1,cosine,15,,leaf,cosine,42,13,0.4249,17,29,74
2026-04-17T07:20:23,sandwich,40,10,0.05,cosine,15,0.1,euclidean,15,,leaf,cosine,42,13,0.4249,17,29,74
2026-04-17T07:20:35,sandwich,40,10,0.05,euclidean,15,0.1,cosine,15,,leaf,euclidean,42,13,0.485,15,17,84
2026-04-17T07:20:35,sandwich,40,10,0.05,euclidean,15,0.1,euclidean,15,,leaf,euclidean,42,13,0.485,15,17,84
2026-04-17T07:20:35,sandwich,40,10,0.05,euclidean,15,0.1,euclidean,15,,leaf,cosine,42,12,0.5082,15,19,85
2026-04-17T07:20:35,sandwich,40,10,0.05,euclidean,15,0.1,cosine,15,,leaf,cosine,42,12,0.5082,15,19,85
2026-04-17T07:20:47,sandwich,40,10,0.05,correlation,15,0.1,cosine,15,,leaf,euclidean,42,13,0.3962,17,29,78
2026-04-17T07:20:47,sandwich,40,10,0.05,correlation,15,0.1,euclidean,15,,leaf,euclidean,42,13,0.3962,17,29,78
2026-04-17T07:20:47,sandwich,40,10,0.05,correlation,15,0.1,euclidean,15,,leaf,cosine,42,13,0.3962,17,30,76
2026-04-17T07:20:48,sandwich,40,10,0.05,correlation,15,0.1,cosine,15,,leaf,cosine,42,13,0.3962,17,30,76
2026-04-17T07:21:00,sandwich,40,10,0.05,cosine,15,0.1,cosine,25,,eom,euclidean,42,4,0.2705,35,139,220
2026-04-17T07:21:00,sandwich,40,10,0.05,cosine,15,0.1,euclidean,25,,eom,euclidean,42,4,0.2705,35,139,220
2026-04-17T07:21:00,sandwich,40,10,0.05,cosine,15,0.1,cosine,25,,eom,cosine,42,4,0.2746,35,138,219
2026-04-17T07:21:00,sandwich,40,10,0.05,cosine,15,0.1,euclidean,25,,eom,cosine,42,4,0.2746,35,138,219
2026-04-17T07:21:12,sandwich,40,10,0.05,euclidean,15,0.1,euclidean,25,,eom,euclidean,42,5,0.403,36,77,183
2026-04-17T07:21:12,sandwich,40,10,0.05,euclidean,15,0.1,euclidean,25,,eom,cosine,42,5,0.3975,36,77,183
2026-04-17T07:21:12,sandwich,40,10,0.05,euclidean,15,0.1,cosine,25,,eom,euclidean,42,5,0.403,36,77,183
2026-04-17T07:21:12,sandwich,40,10,0.05,euclidean,15,0.1,cosine,25,,eom,cosine,42,5,0.3975,36,77,183
2026-04-17T07:21:24,sandwich,40,10,0.05,correlation,15,0.1,euclidean,25,,eom,euclidean,42,5,0.3074,33,89,224
2026-04-17T07:21:24,sandwich,40,10,0.05,correlation,15,0.1,euclidean,25,,eom,cosine,42,5,0.3087,32,89,224
2026-04-17T07:21:24,sandwich,40,10,0.05,correlation,15,0.1,cosine,25,,eom,euclidean,42,5,0.3074,33,89,224
2026-04-17T07:21:24,sandwich,40,10,0.05,correlation,15,0.1,cosine,25,,eom,cosine,42,5,0.3087,32,89,224
2026-04-17T07:21:37,sandwich,40,10,0.05,cosine,15,0.1,cosine,25,,leaf,euclidean,42,6,0.4549,35,60,112
2026-04-17T07:21:37,sandwich,40,10,0.05,cosine,15,0.1,euclidean,25,,leaf,euclidean,42,6,0.4549,35,60,112
2026-04-17T07:21:37,sandwich,40,10,0.05,cosine,15,0.1,euclidean,25,,leaf,cosine,42,6,0.4795,35,55,110
2026-04-17T07:21:37,sandwich,40,10,0.05,cosine,15,0.1,cosine,25,,leaf,cosine,42,6,0.4795,35,55,110
2026-04-17T07:21:48,sandwich,40,10,0.05,euclidean,15,0.1,cosine,25,,leaf,cosine,42,6,0.526,36,57,83
2026-04-17T07:21:49,sandwich,40,10,0.05,euclidean,15,0.1,euclidean,25,,leaf,cosine,42,6,0.526,36,57,83
2026-04-17T07:21:49,sandwich,40,10,0.05,euclidean,15,0.1,euclidean,25,,leaf,euclidean,42,6,0.5314,36,57,80
2026-04-17T07:21:49,sandwich,40,10,0.05,euclidean,15,0.1,cosine,25,,leaf,euclidean,42,6,0.5314,36,57,80
2026-04-17T07:22:02,sandwich,40,10,0.05,correlation,15,0.1,euclidean,25,,leaf,euclidean,42,6,0.4754,33,52,109
2026-04-17T07:22:02,sandwich,40,10,0.05,correlation,15,0.1,cosine,25,,leaf,cosine,42,6,0.4713,32,54,108
2026-04-17T07:22:02,sandwich,40,10,0.05,correlation,15,0.1,cosine,25,,leaf,euclidean,42,6,0.4754,33,52,109
2026-04-17T07:22:02,sandwich,40,10,0.05,correlation,15,0.1,euclidean,25,,leaf,cosine,42,6,0.4713,32,54,108
2026-04-17T07:22:15,sandwich,40,15,0.0,cosine,15,0.1,cosine,10,,eom,euclidean,42,10,0.0915,12,28,237
2026-04-17T07:22:15,sandwich,40,15,0.0,cosine,15,0.1,euclidean,10,,eom,euclidean,42,10,0.0915,12,28,237
2026-04-17T07:22:15,sandwich,40,15,0.0,cosine,15,0.1,euclidean,10,,eom,cosine,42,14,0.1913,13,22,238
2026-04-17T07:22:15,sandwich,40,15,0.0,cosine,15,0.1,cosine,10,,eom,cosine,42,14,0.1913,13,22,238
2026-04-17T07:22:26,sandwich,40,15,0.0,euclidean,15,0.1,euclidean,10,,eom,euclidean,42,2,0.0,17,366,715
2026-04-17T07:22:26,sandwich,40,15,0.0,euclidean,15,0.1,euclidean,10,,eom,cosine,42,19,0.3087,11,18,68
2026-04-17T07:22:26,sandwich,40,15,0.0,euclidean,15,0.1,cosine,10,,eom,cosine,42,19,0.3087,11,18,68
2026-04-17T07:22:26,sandwich,40,15,0.0,euclidean,15,0.1,cosine,10,,eom,euclidean,42,2,0.0,17,366,715
2026-04-17T07:22:39,sandwich,40,15,0.0,correlation,15,0.1,cosine,10,,eom,euclidean,42,15,0.1735,11,20,239
2026-04-17T07:22:39,sandwich,40,15,0.0,correlation,15,0.1,euclidean,10,,eom,euclidean,42,15,0.1735,11,20,239
2026-04-17T07:22:39,sandwich,40,15,0.0,correlation,15,0.1,euclidean,10,,eom,cosine,42,15,0.1694,10,20,239
2026-04-17T07:22:40,sandwich,40,15,0.0,correlation,15,0.1,cosine,10,,eom,cosine,42,15,0.1694,10,20,239
2026-04-17T07:22:52,sandwich,40,15,0.0,cosine,15,0.1,euclidean,10,,leaf,euclidean,42,19,0.3183,12,20,79
2026-04-17T07:22:52,sandwich,40,15,0.0,cosine,15,0.1,cosine,10,,leaf,euclidean,42,19,0.3183,12,20,79
2026-04-17T07:22:51,sandwich,40,15,0.0,cosine,15,0.1,euclidean,10,,leaf,cosine,42,19,0.3224,12,20,79
2026-04-17T07:22:51,sandwich,40,15,0.0,cosine,15,0.1,cosine,10,,leaf,cosine,42,19,0.3224,12,20,79
2026-04-17T07:23:04,sandwich,40,15,0.0,euclidean,15,0.1,euclidean,10,,leaf,euclidean,42,20,0.3716,10,18,55
2026-04-17T07:23:04,sandwich,40,15,0.0,euclidean,15,0.1,euclidean,10,,leaf,cosine,42,20,0.347,11,18,55
2026-04-17T07:23:04,sandwich,40,15,0.0,euclidean,15,0.1,cosine,10,,leaf,euclidean,42,20,0.3716,10,18,55
2026-04-17T07:23:04,sandwich,40,15,0.0,euclidean,15,0.1,cosine,10,,leaf,cosine,42,20,0.347,11,18,55
2026-04-17T07:23:17,sandwich,40,15,0.0,correlation,15,0.1,euclidean,10,,leaf,euclidean,42,21,0.3538,11,20,39
2026-04-17T07:23:18,sandwich,40,15,0.0,correlation,15,0.1,euclidean,10,,leaf,cosine,42,21,0.3552,10,20,42
2026-04-17T07:23:18,sandwich,40,15,0.0,correlation,15,0.1,cosine,10,,leaf,cosine,42,21,0.3552,10,20,42
2026-04-17T07:23:18,sandwich,40,15,0.0,correlation,15,0.1,cosine,10,,leaf,euclidean,42,21,0.3538,11,20,39
2026-04-17T07:23:29,sandwich,40,15,0.0,cosine,15,0.1,cosine,15,,eom,euclidean,42,8,0.1735,17,48,234
2026-04-17T07:23:30,sandwich,40,15,0.0,cosine,15,0.1,euclidean,15,,eom,cosine,42,9,0.2268,17,34,233
2026-04-17T07:23:30,sandwich,40,15,0.0,cosine,15,0.1,euclidean,15,,eom,euclidean,42,8,0.1735,17,48,234
2026-04-17T07:23:30,sandwich,40,15,0.0,cosine,15,0.1,cosine,15,,eom,cosine,42,9,0.2268,17,34,233
2026-04-17T07:23:41,sandwich,40,15,0.0,euclidean,15,0.1,cosine,15,,eom,euclidean,42,2,0.0,17,366,715
2026-04-17T07:23:42,sandwich,40,15,0.0,euclidean,15,0.1,euclidean,15,,eom,euclidean,42,2,0.0,17,366,715
2026-04-17T07:23:42,sandwich,40,15,0.0,euclidean,15,0.1,cosine,15,,eom,cosine,42,7,0.2158,15,89,220
2026-04-17T07:23:42,sandwich,40,15,0.0,euclidean,15,0.1,euclidean,15,,eom,cosine,42,7,0.2158,15,89,220
2026-04-17T07:23:55,sandwich,40,15,0.0,correlation,15,0.1,cosine,15,,eom,euclidean,42,2,0.0,17,366,715
2026-04-17T07:23:54,sandwich,40,15,0.0,correlation,15,0.1,cosine,15,,eom,cosine,42,10,0.2391,17,26,234
2026-04-17T07:23:54,sandwich,40,15,0.0,correlation,15,0.1,euclidean,15,,eom,euclidean,42,2,0.0,17,366,715
2026-04-17T07:23:54,sandwich,40,15,0.0,correlation,15,0.1,euclidean,15,,eom,cosine,42,10,0.2391,17,26,234
2026-04-17T07:24:07,sandwich,40,15,0.0,cosine,15,0.1,cosine,15,,leaf,euclidean,42,13,0.4372,17,25,73
2026-04-17T07:24:07,sandwich,40,15,0.0,cosine,15,0.1,euclidean,15,,leaf,euclidean,42,13,0.4372,17,25,73
2026-04-17T07:24:07,sandwich,40,15,0.0,cosine,15,0.1,euclidean,15,,leaf,cosine,42,13,0.4358,17,26,74
2026-04-17T07:24:07,sandwich,40,15,0.0,cosine,15,0.1,cosine,15,,leaf,cosine,42,13,0.4358,17,26,74
2026-04-17T07:24:19,sandwich,40,15,0.0,euclidean,15,0.1,cosine,15,,leaf,euclidean,42,10,0.4631,16,24,100
2026-04-17T07:24:19,sandwich,40,15,0.0,euclidean,15,0.1,cosine,15,,leaf,cosine,42,9,0.4208,15,30,104
2026-04-17T07:24:19,sandwich,40,15,0.0,euclidean,15,0.1,euclidean,15,,leaf,euclidean,42,10,0.4631,16,24,100
2026-04-17T07:24:19,sandwich,40,15,0.0,euclidean,15,0.1,euclidean,15,,leaf,cosine,42,9,0.4208,15,30,104
2026-04-17T07:24:31,sandwich,40,15,0.0,correlation,15,0.1,cosine,15,,leaf,euclidean,42,14,0.4249,17,24,75
2026-04-17T07:24:31,sandwich,40,15,0.0,correlation,15,0.1,euclidean,15,,leaf,cosine,42,13,0.444,17,25,73
2026-04-17T07:24:31,sandwich,40,15,0.0,correlation,15,0.1,euclidean,15,,leaf,euclidean,42,14,0.4249,17,24,75
2026-04-17T07:24:32,sandwich,40,15,0.0,correlation,15,0.1,cosine,15,,leaf,cosine,42,13,0.444,17,25,73
2026-04-17T07:24:44,sandwich,40,15,0.0,cosine,15,0.1,cosine,25,,eom,euclidean,42,5,0.2814,34,89,232
2026-04-17T07:24:44,sandwich,40,15,0.0,cosine,15,0.1,euclidean,25,,eom,cosine,42,5,0.291,33,88,228
2026-04-17T07:24:44,sandwich,40,15,0.0,cosine,15,0.1,euclidean,25,,eom,euclidean,42,5,0.2814,34,89,232
2026-04-17T07:24:44,sandwich,40,15,0.0,cosine,15,0.1,cosine,25,,eom,cosine,42,5,0.291,33,88,228
2026-04-17T07:24:56,sandwich,40,15,0.0,euclidean,15,0.1,euclidean,25,,eom,euclidean,42,5,0.3593,35,78,200
2026-04-17T07:24:57,sandwich,40,15,0.0,euclidean,15,0.1,cosine,25,,eom,euclidean,42,5,0.3593,35,78,200
2026-04-17T07:24:57,sandwich,40,15,0.0,euclidean,15,0.1,euclidean,25,,eom,cosine,42,5,0.3811,33,75,189
2026-04-17T07:24:57,sandwich,40,15,0.0,euclidean,15,0.1,cosine,25,,eom,cosine,42,5,0.3811,33,75,189
2026-04-17T07:25:09,sandwich,40,15,0.0,correlation,15,0.1,cosine,25,,eom,euclidean,42,5,0.3183,30,92,222
2026-04-17T07:25:09,sandwich,40,15,0.0,correlation,15,0.1,cosine,25,,eom,cosine,42,5,0.3197,29,93,219
2026-04-17T07:25:09,sandwich,40,15,0.0,correlation,15,0.1,euclidean,25,,eom,euclidean,42,5,0.3183,30,92,222
2026-04-17T07:25:09,sandwich,40,15,0.0,correlation,15,0.1,euclidean,25,,eom,cosine,42,5,0.3197,29,93,219
2026-04-17T07:25:22,sandwich,40,15,0.0,cosine,15,0.1,cosine,25,,leaf,euclidean,42,6,0.4467,34,59,113
2026-04-17T07:25:22,sandwich,40,15,0.0,cosine,15,0.1,euclidean,25,,leaf,euclidean,42,6,0.4467,34,59,113
2026-04-17T07:25:22,sandwich,40,15,0.0,cosine,15,0.1,euclidean,25,,leaf,cosine,42,6,0.4522,33,59,112
2026-04-17T07:25:22,sandwich,40,15,0.0,cosine,15,0.1,cosine,25,,leaf,cosine,42,6,0.4522,33,59,112
2026-04-17T07:25:33,sandwich,40,15,0.0,euclidean,15,0.1,euclidean,25,,leaf,euclidean,42,5,0.3593,35,78,200
2026-04-17T07:25:33,sandwich,40,15,0.0,euclidean,15,0.1,euclidean,25,,leaf,cosine,42,6,0.5191,31,65,83
2026-04-17T07:25:34,sandwich,40,15,0.0,euclidean,15,0.1,cosine,25,,leaf,cosine,42,6,0.5191,31,65,83
2026-04-17T07:25:34,sandwich,40,15,0.0,euclidean,15,0.1,cosine,25,,leaf,euclidean,42,5,0.3593,35,78,200
2026-04-17T07:25:46,sandwich,40,15,0.0,correlation,15,0.1,cosine,25,,leaf,euclidean,42,6,0.4713,30,58,99
2026-04-17T07:25:47,sandwich,40,15,0.0,correlation,15,0.1,euclidean,25,,leaf,euclidean,42,6,0.4713,30,58,99
2026-04-17T07:25:47,sandwich,40,15,0.0,correlation,15,0.1,euclidean,25,,leaf,cosine,42,6,0.4727,29,60,99
2026-04-17T07:25:47,sandwich,40,15,0.0,correlation,15,0.1,cosine,25,,leaf,cosine,42,6,0.4727,29,60,99
2026-04-17T07:25:59,sandwich,40,15,0.05,cosine,15,0.1,cosine,10,,eom,euclidean,42,2,0.0,17,366,715
2026-04-17T07:25:59,sandwich,40,15,0.05,cosine,15,0.1,cosine,10,,eom,cosine,42,14,0.2268,10,22,230
2026-04-17T07:26:00,sandwich,40,15,0.05,cosine,15,0.1,euclidean,10,,eom,euclidean,42,2,0.0,17,366,715
2026-04-17T07:26:00,sandwich,40,15,0.05,cosine,15,0.1,euclidean,10,,eom,cosine,42,14,0.2268,10,22,230
2026-04-17T07:26:11,sandwich,40,15,0.05,euclidean,15,0.1,euclidean,10,,eom,euclidean,42,2,0.0,17,366,715
2026-04-17T07:26:11,sandwich,40,15,0.05,euclidean,15,0.1,cosine,10,,eom,euclidean,42,2,0.0,17,366,715
2026-04-17T07:26:11,sandwich,40,15,0.05,euclidean,15,0.1,cosine,10,,eom,cosine,42,2,0.0,17,366,715
2026-04-17T07:26:11,sandwich,40,15,0.05,euclidean,15,0.1,euclidean,10,,eom,cosine,42,2,0.0,17,366,715
2026-04-17T07:26:24,sandwich,40,15,0.05,correlation,15,0.1,euclidean,10,,eom,euclidean,42,2,0.0,17,366,715
2026-04-17T07:26:24,sandwich,40,15,0.05,correlation,15,0.1,cosine,10,,eom,euclidean,42,2,0.0,17,366,715
2026-04-17T07:26:24,sandwich,40,15,0.05,correlation,15,0.1,euclidean,10,,eom,cosine,42,15,0.2036,10,20,229
2026-04-17T07:26:24,sandwich,40,15,0.05,correlation,15,0.1,cosine,10,,eom,cosine,42,15,0.2036,10,20,229
2026-04-17T07:26:36,sandwich,40,15,0.05,cosine,15,0.1,cosine,10,,leaf,euclidean,42,20,0.3975,10,19,42
2026-04-17T07:26:36,sandwich,40,15,0.05,cosine,15,0.1,euclidean,10,,leaf,euclidean,42,20,0.3975,10,19,42
2026-04-17T07:26:37,sandwich,40,15,0.05,cosine,15,0.1,euclidean,10,,leaf,cosine,42,19,0.4016,10,20,42
2026-04-17T07:26:37,sandwich,40,15,0.05,cosine,15,0.1,cosine,10,,leaf,cosine,42,19,0.4016,10,20,42
2026-04-17T07:26:48,sandwich,40,15,0.05,euclidean,15,0.1,cosine,10,,leaf,euclidean,42,18,0.4153,12,17,58
2026-04-17T07:26:49,sandwich,40,15,0.05,euclidean,15,0.1,cosine,10,,leaf,cosine,42,18,0.403,12,17,58
2026-04-17T07:26:49,sandwich,40,15,0.05,euclidean,15,0.1,euclidean,10,,leaf,euclidean,42,18,0.4153,12,17,58
2026-04-17T07:26:49,sandwich,40,15,0.05,euclidean,15,0.1,euclidean,10,,leaf,cosine,42,18,0.403,12,17,58
2026-04-17T07:27:02,sandwich,40,15,0.05,correlation,15,0.1,cosine,10,,leaf,euclidean,42,20,0.4194,11,18,39
2026-04-17T07:27:02,sandwich,40,15,0.05,correlation,15,0.1,euclidean,10,,leaf,euclidean,42,20,0.4194,11,18,39
2026-04-17T07:27:02,sandwich,40,15,0.05,correlation,15,0.1,cosine,10,,leaf,cosine,42,21,0.4126,10,17,38
2026-04-17T07:27:02,sandwich,40,15,0.05,correlation,15,0.1,euclidean,10,,leaf,cosine,42,21,0.4126,10,17,38
2026-04-17T07:27:14,sandwich,40,15,0.05,cosine,15,0.1,cosine,15,,eom,euclidean,42,2,0.0,17,366,715
2026-04-17T07:27:14,sandwich,40,15,0.05,cosine,15,0.1,euclidean,15,,eom,euclidean,42,2,0.0,17,366,715
2026-04-17T07:27:14,sandwich,40,15,0.05,cosine,15,0.1,euclidean,15,,eom,cosine,42,2,0.0,17,366,715
2026-04-17T07:27:15,sandwich,40,15,0.05,cosine,15,0.1,cosine,15,,eom,cosine,42,2,0.0,17,366,715
2026-04-17T07:27:26,sandwich,40,15,0.05,euclidean,15,0.1,cosine,15,,eom,euclidean,42,2,0.0,17,366,715
2026-04-17T07:27:26,sandwich,40,15,0.05,euclidean,15,0.1,cosine,15,,eom,cosine,42,2,0.0,17,366,715
2026-04-17T07:27:27,sandwich,40,15,0.05,euclidean,15,0.1,euclidean,15,,eom,euclidean,42,2,0.0,17,366,715
2026-04-17T07:27:27,sandwich,40,15,0.05,euclidean,15,0.1,euclidean,15,,eom,cosine,42,2,0.0,17,366,715
2026-04-17T07:27:38,sandwich,40,15,0.05,correlation,15,0.1,cosine,15,,eom,euclidean,42,2,0.0,17,366,715
2026-04-17T07:27:39,sandwich,40,15,0.05,correlation,15,0.1,cosine,15,,eom,cosine,42,10,0.276,17,28,219
2026-04-17T07:27:39,sandwich,40,15,0.05,correlation,15,0.1,euclidean,15,,eom,euclidean,42,2,0.0,17,366,715
2026-04-17T07:27:39,sandwich,40,15,0.05,correlation,15,0.1,euclidean,15,,eom,cosine,42,10,0.276,17,28,219
2026-04-17T07:27:51,sandwich,40,15,0.05,cosine,15,0.1,cosine,15,,leaf,euclidean,42,12,0.5096,17,25,62
2026-04-17T07:27:51,sandwich,40,15,0.05,cosine,15,0.1,euclidean,15,,leaf,euclidean,42,12,0.5096,17,25,62
2026-04-17T07:27:51,sandwich,40,15,0.05,cosine,15,0.1,euclidean,15,,leaf,cosine,42,12,0.5,17,25,65
2026-04-17T07:27:52,sandwich,40,15,0.05,cosine,15,0.1,cosine,15,,leaf,cosine,42,12,0.5,17,25,65
2026-04-17T07:28:04,sandwich,40,15,0.05,euclidean,15,0.1,euclidean,15,,leaf,euclidean,42,8,0.4522,17,42,99
2026-04-17T07:28:04,sandwich,40,15,0.05,euclidean,15,0.1,cosine,15,,leaf,euclidean,42,8,0.4522,17,42,99
2026-04-17T07:28:04,sandwich,40,15,0.05,euclidean,15,0.1,euclidean,15,,leaf,cosine,42,8,0.4358,17,49,100
2026-04-17T07:28:04,sandwich,40,15,0.05,euclidean,15,0.1,cosine,15,,leaf,cosine,42,8,0.4358,17,49,100
2026-04-17T07:28:16,sandwich,40,15,0.05,correlation,15,0.1,euclidean,15,,leaf,cosine,42,13,0.4877,17,25,62
2026-04-17T07:28:16,sandwich,40,15,0.05,correlation,15,0.1,euclidean,15,,leaf,euclidean,42,13,0.4836,17,24,66
2026-04-17T07:28:16,sandwich,40,15,0.05,correlation,15,0.1,cosine,15,,leaf,cosine,42,13,0.4877,17,25,62
2026-04-17T07:28:16,sandwich,40,15,0.05,correlation,15,0.1,cosine,15,,leaf,euclidean,42,13,0.4836,17,24,66
2026-04-17T07:28:29,sandwich,40,15,0.05,cosine,15,0.1,euclidean,25,,eom,cosine,42,5,0.3443,32,89,203
2026-04-17T07:28:29,sandwich,40,15,0.05,cosine,15,0.1,cosine,25,,eom,cosine,42,5,0.3443,32,89,203
2026-04-17T07:28:29,sandwich,40,15,0.05,cosine,15,0.1,cosine,25,,eom,euclidean,42,5,0.332,32,87,218
2026-04-17T07:28:29,sandwich,40,15,0.05,cosine,15,0.1,euclidean,25,,eom,euclidean,42,5,0.332,32,87,218
2026-04-17T07:28:41,sandwich,40,15,0.05,euclidean,15,0.1,cosine,25,,eom,cosine,42,5,0.3907,36,76,192
2026-04-17T07:28:41,sandwich,40,15,0.05,euclidean,15,0.1,euclidean,25,,eom,cosine,42,5,0.3907,36,76,192
2026-04-17T07:28:41,sandwich,40,15,0.05,euclidean,15,0.1,euclidean,25,,eom,euclidean,42,5,0.3852,34,76,195
2026-04-17T07:28:41,sandwich,40,15,0.05,euclidean,15,0.1,cosine,25,,eom,euclidean,42,5,0.3852,34,76,195
2026-04-17T07:28:54,sandwich,40,15,0.05,correlation,15,0.1,cosine,25,,eom,euclidean,42,5,0.3702,30,83,212
2026-04-17T07:28:54,sandwich,40,15,0.05,correlation,15,0.1,euclidean,25,,eom,euclidean,42,5,0.3702,30,83,212
2026-04-17T07:28:54,sandwich,40,15,0.05,correlation,15,0.1,euclidean,25,,eom,cosine,42,5,0.3825,30,82,203
2026-04-17T07:28:54,sandwich,40,15,0.05,correlation,15,0.1,cosine,25,,eom,cosine,42,5,0.3825,30,82,203
2026-04-17T07:29:06,sandwich,40,15,0.05,cosine,15,0.1,cosine,25,,leaf,euclidean,42,6,0.4904,32,55,99
2026-04-17T07:29:07,sandwich,40,15,0.05,cosine,15,0.1,cosine,25,,leaf,cosine,42,6,0.5,32,53,103
2026-04-17T07:29:07,sandwich,40,15,0.05,cosine,15,0.1,euclidean,25,,leaf,euclidean,42,6,0.4904,32,55,99
2026-04-17T07:29:07,sandwich,40,15,0.05,cosine,15,0.1,euclidean,25,,leaf,cosine,42,6,0.5,32,53,103
2026-04-17T07:29:18,sandwich,40,15,0.05,euclidean,15,0.1,cosine,25,,leaf,euclidean,42,5,0.3852,34,76,195
2026-04-17T07:29:18,sandwich,40,15,0.05,euclidean,15,0.1,euclidean,25,,leaf,euclidean,42,5,0.3852,34,76,195
2026-04-17T07:29:18,sandwich,40,15,0.05,euclidean,15,0.1,euclidean,25,,leaf,cosine,42,5,0.3907,36,76,192
2026-04-17T07:29:18,sandwich,40,15,0.05,euclidean,15,0.1,cosine,25,,leaf,cosine,42,5,0.3907,36,76,192
2026-04-17T07:29:31,sandwich,40,15,0.05,correlation,15,0.1,cosine,25,,leaf,euclidean,42,5,0.3702,30,83,212
2026-04-17T07:29:31,sandwich,40,15,0.05,correlation,15,0.1,euclidean,25,,leaf,cosine,42,5,0.3825,30,82,203
2026-04-17T07:29:31,sandwich,40,15,0.05,correlation,15,0.1,euclidean,25,,leaf,euclidean,42,5,0.3702,30,83,212
2026-04-17T07:29:31,sandwich,40,15,0.05,correlation,15,0.1,cosine,25,,leaf,cosine,42,5,0.3825,30,82,203
2026-04-17T07:29:43,sandwich,40,30,0.0,cosine,15,0.1,euclidean,10,,eom,cosine,42,13,0.2814,10,21,244
2026-04-17T07:29:43,sandwich,40,30,0.0,cosine,15,0.1,euclidean,10,,eom,euclidean,42,2,0.0,17,366,715
2026-04-17T07:29:43,sandwich,40,30,0.0,cosine,15,0.1,cosine,10,,eom,cosine,42,13,0.2814,10,21,244
2026-04-17T07:29:43,sandwich,40,30,0.0,cosine,15,0.1,cosine,10,,eom,euclidean,42,2,0.0,17,366,715
2026-04-17T07:29:56,sandwich,40,30,0.0,euclidean,15,0.1,euclidean,10,,eom,euclidean,42,2,0.0,17,366,715
2026-04-17T07:29:56,sandwich,40,30,0.0,euclidean,15,0.1,euclidean,10,,eom,cosine,42,2,0.0,17,366,715
2026-04-17T07:29:56,sandwich,40,30,0.0,euclidean,15,0.1,cosine,10,,eom,euclidean,42,2,0.0,17,366,715
2026-04-17T07:29:56,sandwich,40,30,0.0,euclidean,15,0.1,cosine,10,,eom,cosine,42,2,0.0,17,366,715
2026-04-17T07:30:09,sandwich,40,30,0.0,correlation,15,0.1,euclidean,10,,eom,euclidean,42,2,0.0,17,366,715
2026-04-17T07:30:09,sandwich,40,30,0.0,correlation,15,0.1,cosine,10,,eom,euclidean,42,2,0.0,17,366,715
2026-04-17T07:30:09,sandwich,40,30,0.0,correlation,15,0.1,cosine,10,,eom,cosine,42,11,0.2254,12,28,233
2026-04-17T07:30:09,sandwich,40,30,0.0,correlation,15,0.1,euclidean,10,,eom,cosine,42,11,0.2254,12,28,233
2026-04-17T07:30:21,sandwich,40,30,0.0,cosine,15,0.1,cosine,10,,leaf,cosine,42,18,0.4617,10,18,47
2026-04-17T07:30:21,sandwich,40,30,0.0,cosine,15,0.1,euclidean,10,,leaf,euclidean,42,18,0.4276,11,20,47
2026-04-17T07:30:21,sandwich,40,30,0.0,cosine,15,0.1,euclidean,10,,leaf,cosine,42,18,0.4617,10,18,47
2026-04-17T07:30:22,sandwich,40,30,0.0,cosine,15,0.1,cosine,10,,leaf,euclidean,42,18,0.4276,11,20,47
2026-04-17T07:30:34,sandwich,40,30,0.0,euclidean,15,0.1,euclidean,10,,leaf,euclidean,42,17,0.4809,10,22,39
2026-04-17T07:30:34,sandwich,40,30,0.0,euclidean,15,0.1,euclidean,10,,leaf,cosine,42,18,0.4631,10,21,35
2026-04-17T07:30:34,sandwich,40,30,0.0,euclidean,15,0.1,cosine,10,,leaf,cosine,42,18,0.4631,10,21,35
2026-04-17T07:30:34,sandwich,40,30,0.0,euclidean,15,0.1,cosine,10,,leaf,euclidean,42,17,0.4809,10,22,39
2026-04-17T07:30:46,sandwich,40,30,0.0,correlation,15,0.1,euclidean,10,,leaf,euclidean,42,18,0.5178,10,18,34
2026-04-17T07:30:46,sandwich,40,30,0.0,correlation,15,0.1,cosine,10,,leaf,euclidean,42,18,0.5178,10,18,34
2026-04-17T07:30:46,sandwich,40,30,0.0,correlation,15,0.1,euclidean,10,,leaf,cosine,42,17,0.5014,12,18,51
2026-04-17T07:30:47,sandwich,40,30,0.0,correlation,15,0.1,cosine,10,,leaf,cosine,42,17,0.5014,12,18,51
2026-04-17T07:30:59,sandwich,40,30,0.0,cosine,15,0.1,euclidean,15,,eom,cosine,42,9,0.3005,17,29,243
2026-04-17T07:30:59,sandwich,40,30,0.0,cosine,15,0.1,euclidean,15,,eom,euclidean,42,2,0.0,17,366,715
2026-04-17T07:30:59,sandwich,40,30,0.0,cosine,15,0.1,cosine,15,,eom,cosine,42,9,0.3005,17,29,243
2026-04-17T07:31:00,sandwich,40,30,0.0,cosine,15,0.1,cosine,15,,eom,euclidean,42,2,0.0,17,366,715
2026-04-17T07:31:12,sandwich,40,30,0.0,euclidean,15,0.1,euclidean,15,,eom,euclidean,42,2,0.0,17,366,715
2026-04-17T07:31:12,sandwich,40,30,0.0,euclidean,15,0.1,euclidean,15,,eom,cosine,42,2,0.0,17,366,715
2026-04-17T07:31:12,sandwich,40,30,0.0,euclidean,15,0.1,cosine,15,,eom,euclidean,42,2,0.0,17,366,715
2026-04-17T07:31:12,sandwich,40,30,0.0,euclidean,15,0.1,cosine,15,,eom,cosine,42,2,0.0,17,366,715
2026-04-17T07:31:24,sandwich,40,30,0.0,correlation,15,0.1,euclidean,15,,eom,euclidean,42,2,0.0,17,366,715
2026-04-17T07:31:25,sandwich,40,30,0.0,correlation,15,0.1,euclidean,15,,eom,cosine,42,7,0.2104,17,60,249
2026-04-17T07:31:25,sandwich,40,30,0.0,correlation,15,0.1,cosine,15,,eom,euclidean,42,2,0.0,17,366,715
2026-04-17T07:31:25,sandwich,40,30,0.0,correlation,15,0.1,cosine,15,,eom,cosine,42,7,0.2104,17,60,249
2026-04-17T07:31:37,sandwich,40,30,0.0,cosine,15,0.1,cosine,15,,leaf,euclidean,42,12,0.5861,16,25,42
2026-04-17T07:31:37,sandwich,40,30,0.0,cosine,15,0.1,euclidean,15,,leaf,euclidean,42,12,0.5861,16,25,42
2026-04-17T07:31:38,sandwich,40,30,0.0,cosine,15,0.1,cosine,15,,leaf,cosine,42,11,0.541,17,25,79
2026-04-17T07:31:38,sandwich,40,30,0.0,cosine,15,0.1,euclidean,15,,leaf,cosine,42,11,0.541,17,25,79
2026-04-17T07:31:49,sandwich,40,30,0.0,euclidean,15,0.1,euclidean,15,,leaf,euclidean,42,10,0.4932,15,27,92
2026-04-17T07:31:49,sandwich,40,30,0.0,euclidean,15,0.1,euclidean,15,,leaf,cosine,42,10,0.3989,16,33,94
2026-04-17T07:31:49,sandwich,40,30,0.0,euclidean,15,0.1,cosine,15,,leaf,euclidean,42,10,0.4932,15,27,92
2026-04-17T07:31:49,sandwich,40,30,0.0,euclidean,15,0.1,cosine,15,,leaf,cosine,42,10,0.3989,16,33,94
2026-04-17T07:32:02,sandwich,40,30,0.0,correlation,15,0.1,euclidean,15,,leaf,euclidean,42,11,0.5219,16,27,70
2026-04-17T07:32:02,sandwich,40,30,0.0,correlation,15,0.1,euclidean,15,,leaf,cosine,42,11,0.5246,15,27,72
2026-04-17T07:32:03,sandwich,40,30,0.0,correlation,15,0.1,cosine,15,,leaf,cosine,42,11,0.5246,15,27,72
2026-04-17T07:32:03,sandwich,40,30,0.0,correlation,15,0.1,cosine,15,,leaf,euclidean,42,11,0.5219,16,27,70
2026-04-17T07:32:15,sandwich,40,30,0.0,cosine,15,0.1,euclidean,25,,eom,euclidean,42,5,0.3402,31,88,219
2026-04-17T07:32:15,sandwich,40,30,0.0,cosine,15,0.1,cosine,25,,eom,euclidean,42,5,0.3402,31,88,219
2026-04-17T07:32:15,sandwich,40,30,0.0,cosine,15,0.1,cosine,25,,eom,cosine,42,5,0.3292,37,86,226
2026-04-17T07:32:15,sandwich,40,30,0.0,cosine,15,0.1,euclidean,25,,eom,cosine,42,5,0.3292,37,86,226
2026-04-17T07:32:27,sandwich,40,30,0.0,euclidean,15,0.1,euclidean,25,,eom,euclidean,42,5,0.3347,33,92,192
2026-04-17T07:32:27,sandwich,40,30,0.0,euclidean,15,0.1,cosine,25,,eom,euclidean,42,5,0.3347,33,92,192
2026-04-17T07:32:27,sandwich,40,30,0.0,euclidean,15,0.1,euclidean,25,,eom,cosine,42,5,0.3361,33,86,196
2026-04-17T07:32:27,sandwich,40,30,0.0,euclidean,15,0.1,cosine,25,,eom,cosine,42,5,0.3361,33,86,196
2026-04-17T07:32:40,sandwich,40,30,0.0,correlation,15,0.1,euclidean,25,,eom,euclidean,42,4,0.2855,37,131,224
2026-04-17T07:32:40,sandwich,40,30,0.0,correlation,15,0.1,cosine,25,,eom,euclidean,42,4,0.2855,37,131,224
2026-04-17T07:32:40,sandwich,40,30,0.0,correlation,15,0.1,cosine,25,,eom,cosine,42,4,0.2814,38,131,225
2026-04-17T07:32:41,sandwich,40,30,0.0,correlation,15,0.1,euclidean,25,,eom,cosine,42,4,0.2814,38,131,225
2026-04-17T07:32:52,sandwich,40,30,0.0,cosine,15,0.1,cosine,25,,leaf,euclidean,42,5,0.3402,31,88,219
2026-04-17T07:32:53,sandwich,40,30,0.0,cosine,15,0.1,euclidean,25,,leaf,euclidean,42,5,0.3402,31,88,219
2026-04-17T07:32:53,sandwich,40,30,0.0,cosine,15,0.1,cosine,25,,leaf,cosine,42,5,0.3292,37,86,226
2026-04-17T07:32:53,sandwich,40,30,0.0,cosine,15,0.1,euclidean,25,,leaf,cosine,42,5,0.3292,37,86,226
2026-04-17T07:33:05,sandwich,40,30,0.0,euclidean,15,0.1,euclidean,25,,leaf,cosine,42,5,0.3361,33,86,196
2026-04-17T07:33:05,sandwich,40,30,0.0,euclidean,15,0.1,cosine,25,,leaf,euclidean,42,5,0.3347,33,92,192
2026-04-17T07:33:05,sandwich,40,30,0.0,euclidean,15,0.1,euclidean,25,,leaf,euclidean,42,5,0.3347,33,92,192
2026-04-17T07:33:06,sandwich,40,30,0.0,euclidean,15,0.1,cosine,25,,leaf,cosine,42,5,0.3361,33,86,196
2026-04-17T07:33:18,sandwich,40,30,0.0,correlation,15,0.1,cosine,25,,leaf,euclidean,42,5,0.3634,37,72,224
2026-04-17T07:33:18,sandwich,40,30,0.0,correlation,15,0.1,euclidean,25,,leaf,euclidean,42,5,0.3634,37,72,224
2026-04-17T07:33:19,sandwich,40,30,0.0,correlation,15,0.1,cosine,25,,leaf,cosine,42,5,0.3579,38,74,225
2026-04-17T07:33:19,sandwich,40,30,0.0,correlation,15,0.1,euclidean,25,,leaf,cosine,42,5,0.3579,38,74,225
2026-04-17T07:33:30,sandwich,40,30,0.05,cosine,15,0.1,cosine,10,,eom,cosine,42,12,0.3087,13,23,238
2026-04-17T07:33:31,sandwich,40,30,0.05,cosine,15,0.1,euclidean,10,,eom,euclidean,42,2,0.0,17,366,715
2026-04-17T07:33:31,sandwich,40,30,0.05,cosine,15,0.1,euclidean,10,,eom,cosine,42,12,0.3087,13,23,238
2026-04-17T07:33:31,sandwich,40,30,0.05,cosine,15,0.1,cosine,10,,eom,euclidean,42,2,0.0,17,366,715
2026-04-17T07:33:44,sandwich,40,30,0.05,euclidean,15,0.1,cosine,10,,eom,euclidean,42,2,0.0,17,366,715
2026-04-17T07:33:44,sandwich,40,30,0.05,euclidean,15,0.1,euclidean,10,,eom,cosine,42,14,0.3374,10,21,97
2026-04-17T07:33:44,sandwich,40,30,0.05,euclidean,15,0.1,euclidean,10,,eom,euclidean,42,2,0.0,17,366,715
2026-04-17T07:33:44,sandwich,40,30,0.05,euclidean,15,0.1,cosine,10,,eom,cosine,42,14,0.3374,10,21,97
2026-04-17T07:33:56,sandwich,40,30,0.05,correlation,15,0.1,cosine,10,,eom,euclidean,42,2,0.0,17,366,715
2026-04-17T07:33:56,sandwich,40,30,0.05,correlation,15,0.1,euclidean,10,,eom,euclidean,42,2,0.0,17,366,715
2026-04-17T07:33:57,sandwich,40,30,0.05,correlation,15,0.1,euclidean,10,,eom,cosine,42,2,0.0,17,366,715
2026-04-17T07:33:57,sandwich,40,30,0.05,correlation,15,0.1,cosine,10,,eom,cosine,42,2,0.0,17,366,715
2026-04-17T07:34:09,sandwich,40,30,0.05,cosine,15,0.1,cosine,10,,leaf,euclidean,42,16,0.4822,10,22,48
2026-04-17T07:34:09,sandwich,40,30,0.05,cosine,15,0.1,cosine,10,,leaf,cosine,42,14,0.4932,13,25,48
2026-04-17T07:34:09,sandwich,40,30,0.05,cosine,15,0.1,euclidean,10,,leaf,euclidean,42,16,0.4822,10,22,48
2026-04-17T07:34:09,sandwich,40,30,0.05,cosine,15,0.1,euclidean,10,,leaf,cosine,42,14,0.4932,13,25,48
2026-04-17T07:34:22,sandwich,40,30,0.05,euclidean,15,0.1,cosine,10,,leaf,euclidean,42,17,0.5383,10,20,36
2026-04-17T07:34:22,sandwich,40,30,0.05,euclidean,15,0.1,euclidean,10,,leaf,cosine,42,18,0.5082,10,19,37
2026-04-17T07:34:22,sandwich,40,30,0.05,euclidean,15,0.1,cosine,10,,leaf,cosine,42,18,0.5082,10,19,37
2026-04-17T07:34:22,sandwich,40,30,0.05,euclidean,15,0.1,euclidean,10,,leaf,euclidean,42,17,0.5383,10,20,36
2026-04-17T07:34:34,sandwich,40,30,0.05,correlation,15,0.1,euclidean,10,,leaf,euclidean,42,16,0.5273,10,21,48
2026-04-17T07:34:34,sandwich,40,30,0.05,correlation,15,0.1,cosine,10,,leaf,euclidean,42,16,0.5273,10,21,48
2026-04-17T07:34:34,sandwich,40,30,0.05,correlation,15,0.1,euclidean,10,,leaf,cosine,42,16,0.5342,10,19,49
2026-04-17T07:34:34,sandwich,40,30,0.05,correlation,15,0.1,cosine,10,,leaf,cosine,42,16,0.5342,10,19,49
2026-04-17T07:34:47,sandwich,40,30,0.05,cosine,15,0.1,cosine,15,,eom,euclidean,42,2,0.0,17,366,715
2026-04-17T07:34:47,sandwich,40,30,0.05,cosine,15,0.1,cosine,15,,eom,cosine,42,2,0.0,17,366,715
2026-04-17T07:34:47,sandwich,40,30,0.05,cosine,15,0.1,euclidean,15,,eom,cosine,42,2,0.0,17,366,715
2026-04-17T07:34:47,sandwich,40,30,0.05,cosine,15,0.1,euclidean,15,,eom,euclidean,42,2,0.0,17,366,715
2026-04-17T07:34:59,sandwich,40,30,0.05,euclidean,15,0.1,cosine,15,,eom,euclidean,42,2,0.0,17,366,715
2026-04-17T07:34:59,sandwich,40,30,0.05,euclidean,15,0.1,euclidean,15,,eom,cosine,42,2,0.0014,17,365,714
2026-04-17T07:34:59,sandwich,40,30,0.05,euclidean,15,0.1,euclidean,15,,eom,euclidean,42,2,0.0,17,366,715
2026-04-17T07:35:00,sandwich,40,30,0.05,euclidean,15,0.1,cosine,15,,eom,cosine,42,2,0.0014,17,365,714
2026-04-17T07:35:13,sandwich,40,30,0.05,correlation,15,0.1,euclidean,15,,eom,euclidean,42,2,0.0,17,366,715
2026-04-17T07:35:13,sandwich,40,30,0.05,correlation,15,0.1,cosine,15,,eom,euclidean,42,2,0.0,17,366,715
2026-04-17T07:35:13,sandwich,40,30,0.05,correlation,15,0.1,cosine,15,,eom,cosine,42,2,0.0,17,366,715
2026-04-17T07:35:13,sandwich,40,30,0.05,correlation,15,0.1,euclidean,15,,eom,cosine,42,2,0.0,17,366,715
2026-04-17T07:35:25,sandwich,40,30,0.05,cosine,15,0.1,cosine,15,,leaf,euclidean,42,12,0.6011,15,24,42
2026-04-17T07:35:25,sandwich,40,30,0.05,cosine,15,0.1,cosine,15,,leaf,cosine,42,12,0.6148,15,23,40
2026-04-17T07:35:25,sandwich,40,30,0.05,cosine,15,0.1,euclidean,15,,leaf,euclidean,42,12,0.6011,15,24,42
2026-04-17T07:35:25,sandwich,40,30,0.05,cosine,15,0.1,euclidean,15,,leaf,cosine,42,12,0.6148,15,23,40
2026-04-17T07:35:37,sandwich,40,30,0.05,euclidean,15,0.1,euclidean,15,,leaf,euclidean,42,10,0.4945,16,27,87
2026-04-17T07:35:37,sandwich,40,30,0.05,euclidean,15,0.1,euclidean,15,,leaf,cosine,42,10,0.4932,16,27,86
2026-04-17T07:35:37,sandwich,40,30,0.05,euclidean,15,0.1,cosine,15,,leaf,euclidean,42,10,0.4945,16,27,87
2026-04-17T07:35:37,sandwich,40,30,0.05,euclidean,15,0.1,cosine,15,,leaf,cosine,42,10,0.4932,16,27,86
2026-04-17T07:35:50,sandwich,40,30,0.05,correlation,15,0.1,euclidean,15,,leaf,euclidean,42,10,0.5314,17,28,65
2026-04-17T07:35:51,sandwich,40,30,0.05,correlation,15,0.1,cosine,15,,leaf,euclidean,42,10,0.5314,17,28,65
2026-04-17T07:35:51,sandwich,40,30,0.05,correlation,15,0.1,euclidean,15,,leaf,cosine,42,10,0.5287,17,27,68
2026-04-17T07:35:51,sandwich,40,30,0.05,correlation,15,0.1,cosine,15,,leaf,cosine,42,10,0.5287,17,27,68
2026-04-17T07:36:03,sandwich,40,30,0.05,cosine,15,0.1,cosine,25,,eom,euclidean,42,4,0.3388,34,123,204
2026-04-17T07:36:03,sandwich,40,30,0.05,cosine,15,0.1,euclidean,25,,eom,cosine,42,5,0.3962,34,78,203
2026-04-17T07:36:03,sandwich,40,30,0.05,cosine,15,0.1,euclidean,25,,eom,euclidean,42,4,0.3388,34,123,204
2026-04-17T07:36:03,sandwich,40,30,0.05,cosine,15,0.1,cosine,25,,eom,cosine,42,5,0.3962,34,78,203
2026-04-17T07:36:15,sandwich,40,30,0.05,euclidean,15,0.1,cosine,25,,eom,euclidean,42,5,0.3675,33,80,194
2026-04-17T07:36:16,sandwich,40,30,0.05,euclidean,15,0.1,euclidean,25,,eom,euclidean,42,5,0.3675,33,80,194
2026-04-17T07:36:16,sandwich,40,30,0.05,euclidean,15,0.1,euclidean,25,,eom,cosine,42,5,0.3757,33,76,193
2026-04-17T07:36:16,sandwich,40,30,0.05,euclidean,15,0.1,cosine,25,,eom,cosine,42,5,0.3757,33,76,193
2026-04-17T07:36:28,sandwich,40,30,0.05,correlation,15,0.1,cosine,25,,eom,euclidean,42,4,0.2828,34,129,233
2026-04-17T07:36:28,sandwich,40,30,0.05,correlation,15,0.1,euclidean,25,,eom,euclidean,42,4,0.2828,34,129,233
2026-04-17T07:36:28,sandwich,40,30,0.05,correlation,15,0.1,euclidean,25,,eom,cosine,42,4,0.3238,36,118,223
2026-04-17T07:36:28,sandwich,40,30,0.05,correlation,15,0.1,cosine,25,,eom,cosine,42,4,0.3238,36,118,223
2026-04-17T07:36:41,sandwich,40,30,0.05,cosine,15,0.1,cosine,25,,leaf,euclidean,42,5,0.4044,34,71,204
2026-04-17T07:36:41,sandwich,40,30,0.05,cosine,15,0.1,euclidean,25,,leaf,cosine,42,5,0.3962,34,78,203
2026-04-17T07:36:41,sandwich,40,30,0.05,cosine,15,0.1,euclidean,25,,leaf,euclidean,42,5,0.4044,34,71,204
2026-04-17T07:36:41,sandwich,40,30,0.05,cosine,15,0.1,cosine,25,,leaf,cosine,42,5,0.3962,34,78,203
2026-04-17T07:36:53,sandwich,40,30,0.05,euclidean,15,0.1,euclidean,25,,leaf,euclidean,42,5,0.3675,33,80,194
2026-04-17T07:36:53,sandwich,40,30,0.05,euclidean,15,0.1,cosine,25,,leaf,euclidean,42,5,0.3675,33,80,194
2026-04-17T07:36:54,sandwich,40,30,0.05,euclidean,15,0.1,cosine,25,,leaf,cosine,42,5,0.3757,33,76,193
2026-04-17T07:36:54,sandwich,40,30,0.05,euclidean,15,0.1,euclidean,25,,leaf,cosine,42,5,0.3757,33,76,193
2026-04-17T07:37:06,sandwich,40,30,0.05,correlation,15,0.1,cosine,25,,leaf,euclidean,42,5,0.3975,34,58,233
2026-04-17T07:37:06,sandwich,40,30,0.05,correlation,15,0.1,euclidean,25,,leaf,cosine,42,5,0.4044,36,57,223
2026-04-17T07:37:06,sandwich,40,30,0.05,correlation,15,0.1,euclidean,25,,leaf,euclidean,42,5,0.3975,34,58,233
2026-04-17T07:37:06,sandwich,40,30,0.05,correlation,15,0.1,cosine,25,,leaf,cosine,42,5,0.4044,36,57,223
2026-04-17T07:37:18,audio,10,10,0.0,cosine,15,0.1,euclidean,10,,eom,euclidean,42,2,0.0109,11,362,713
2026-04-17T07:37:18,audio,10,10,0.0,cosine,15,0.1,cosine,10,,eom,euclidean,42,2,0.0109,11,362,713
2026-04-17T07:37:18,audio,10,10,0.0,cosine,15,0.1,euclidean,10,,eom,cosine,42,14,0.4617,10,20,81
2026-04-17T07:37:18,audio,10,10,0.0,cosine,15,0.1,cosine,10,,eom,cosine,42,14,0.4617,10,20,81
2026-04-17T07:37:31,audio,10,10,0.0,euclidean,15,0.1,cosine,10,,eom,euclidean,42,2,0.0273,11,356,701
2026-04-17T07:37:31,audio,10,10,0.0,euclidean,15,0.1,euclidean,10,,eom,cosine,42,13,0.4577,10,19,109
2026-04-17T07:37:31,audio,10,10,0.0,euclidean,15,0.1,cosine,10,,eom,cosine,42,13,0.4577,10,19,109
2026-04-17T07:37:30,audio,10,10,0.0,euclidean,15,0.1,euclidean,10,,eom,euclidean,42,2,0.0273,11,356,701
2026-04-17T07:37:43,audio,10,10,0.0,correlation,15,0.1,euclidean,10,,eom,euclidean,42,2,0.0806,11,336,662
2026-04-17T07:37:43,audio,10,10,0.0,correlation,15,0.1,euclidean,10,,eom,cosine,42,12,0.3989,10,23,85
2026-04-17T07:37:43,audio,10,10,0.0,correlation,15,0.1,cosine,10,,eom,cosine,42,12,0.3989,10,23,85
2026-04-17T07:37:43,audio,10,10,0.0,correlation,15,0.1,cosine,10,,eom,euclidean,42,2,0.0806,11,336,662
2026-04-17T07:37:55,audio,10,10,0.0,cosine,15,0.1,euclidean,10,,leaf,euclidean,42,15,0.5888,10,13,68
2026-04-17T07:37:55,audio,10,10,0.0,cosine,15,0.1,cosine,10,,leaf,euclidean,42,15,0.5888,10,13,68
2026-04-17T07:37:55,audio,10,10,0.0,cosine,15,0.1,euclidean,10,,leaf,cosine,42,16,0.5328,10,15,81
2026-04-17T07:37:55,audio,10,10,0.0,cosine,15,0.1,cosine,10,,leaf,cosine,42,16,0.5328,10,15,81
2026-04-17T07:38:06,audio,10,10,0.0,euclidean,15,0.1,euclidean,10,,leaf,euclidean,42,16,0.5861,10,18,39
2026-04-17T07:38:06,audio,10,10,0.0,euclidean,15,0.1,euclidean,10,,leaf,cosine,42,16,0.5656,10,17,40
2026-04-17T07:38:07,audio,10,10,0.0,euclidean,15,0.1,cosine,10,,leaf,euclidean,42,16,0.5861,10,18,39
2026-04-17T07:38:07,audio,10,10,0.0,euclidean,15,0.1,cosine,10,,leaf,cosine,42,16,0.5656,10,17,40
2026-04-17T07:38:19,audio,10,10,0.0,correlation,15,0.1,euclidean,10,,leaf,euclidean,42,16,0.5779,11,15,65
2026-04-17T07:38:20,audio,10,10,0.0,correlation,15,0.1,cosine,10,,leaf,euclidean,42,16,0.5779,11,15,65
2026-04-17T07:38:20,audio,10,10,0.0,correlation,15,0.1,cosine,10,,leaf,cosine,42,15,0.556,10,17,60
2026-04-17T07:38:20,audio,10,10,0.0,correlation,15,0.1,euclidean,10,,leaf,cosine,42,15,0.556,10,17,60
2026-04-17T07:38:32,audio,10,10,0.0,cosine,15,0.1,cosine,15,,eom,euclidean,42,2,0.1954,29,294,560
2026-04-17T07:38:32,audio,10,10,0.0,cosine,15,0.1,euclidean,15,,eom,cosine,42,8,0.5423,16,37,90
2026-04-17T07:38:32,audio,10,10,0.0,cosine,15,0.1,euclidean,15,,eom,euclidean,42,2,0.1954,29,294,560
2026-04-17T07:38:32,audio,10,10,0.0,cosine,15,0.1,cosine,15,,eom,cosine,42,8,0.5423,16,37,90
2026-04-17T07:38:43,audio,10,10,0.0,euclidean,15,0.1,euclidean,15,,eom,euclidean,42,5,0.4249,23,62,218
2026-04-17T07:38:43,audio,10,10,0.0,euclidean,15,0.1,euclidean,15,,eom,cosine,42,5,0.4344,24,70,216
2026-04-17T07:38:43,audio,10,10,0.0,euclidean,15,0.1,cosine,15,,eom,euclidean,42,5,0.4249,23,62,218
2026-04-17T07:38:44,audio,10,10,0.0,euclidean,15,0.1,cosine,15,,eom,cosine,42,5,0.4344,24,70,216
2026-04-17T07:38:56,audio,10,10,0.0,correlation,15,0.1,euclidean,15,,eom,euclidean,42,6,0.485,20,64,96
2026-04-17T07:38:56,audio,10,10,0.0,correlation,15,0.1,euclidean,15,,eom,cosine,42,6,0.5164,26,56,107
2026-04-17T07:38:57,audio,10,10,0.0,correlation,15,0.1,cosine,15,,eom,cosine,42,6,0.5164,26,56,107
2026-04-17T07:38:57,audio,10,10,0.0,correlation,15,0.1,cosine,15,,eom,euclidean,42,6,0.485,20,64,96
2026-04-17T07:39:08,audio,10,10,0.0,cosine,15,0.1,cosine,15,,leaf,euclidean,42,7,0.5396,16,57,62
2026-04-17T07:39:08,audio,10,10,0.0,cosine,15,0.1,euclidean,15,,leaf,euclidean,42,7,0.5396,16,57,62
2026-04-17T07:39:08,audio,10,10,0.0,cosine,15,0.1,euclidean,15,,leaf,cosine,42,8,0.5423,16,37,90
2026-04-17T07:39:08,audio,10,10,0.0,cosine,15,0.1,cosine,15,,leaf,cosine,42,8,0.5423,16,37,90
2026-04-17T07:39:20,audio,10,10,0.0,euclidean,15,0.1,euclidean,15,,leaf,euclidean,42,10,0.623,15,27,62
2026-04-17T07:39:20,audio,10,10,0.0,euclidean,15,0.1,cosine,15,,leaf,euclidean,42,10,0.623,15,27,62
2026-04-17T07:39:20,audio,10,10,0.0,euclidean,15,0.1,euclidean,15,,leaf,cosine,42,8,0.5847,20,28,76
2026-04-17T07:39:21,audio,10,10,0.0,euclidean,15,0.1,cosine,15,,leaf,cosine,42,8,0.5847,20,28,76
2026-04-17T07:39:33,audio,10,10,0.0,correlation,15,0.1,cosine,15,,leaf,euclidean,42,6,0.485,20,64,96
2026-04-17T07:39:33,audio,10,10,0.0,correlation,15,0.1,euclidean,15,,leaf,euclidean,42,6,0.485,20,64,96
2026-04-17T07:39:33,audio,10,10,0.0,correlation,15,0.1,euclidean,15,,leaf,cosine,42,6,0.5164,26,56,107
2026-04-17T07:39:34,audio,10,10,0.0,correlation,15,0.1,cosine,15,,leaf,cosine,42,6,0.5164,26,56,107
2026-04-17T07:39:45,audio,10,10,0.0,cosine,15,0.1,euclidean,25,,eom,euclidean,42,4,0.6366,27,49,140
2026-04-17T07:39:45,audio,10,10,0.0,cosine,15,0.1,cosine,25,,eom,euclidean,42,4,0.6366,27,49,140
2026-04-17T07:39:45,audio,10,10,0.0,cosine,15,0.1,cosine,25,,eom,cosine,42,3,0.5956,77,81,138
2026-04-17T07:39:45,audio,10,10,0.0,cosine,15,0.1,euclidean,25,,eom,cosine,42,3,0.5956,77,81,138
2026-04-17T07:39:57,audio,10,10,0.0,euclidean,15,0.1,euclidean,25,,eom,euclidean,42,4,0.5546,27,49,200
2026-04-17T07:39:57,audio,10,10,0.0,euclidean,15,0.1,euclidean,25,,eom,cosine,42,4,0.5041,38,53,218
2026-04-17T07:39:57,audio,10,10,0.0,euclidean,15,0.1,cosine,25,,eom,euclidean,42,4,0.5546,27,49,200
2026-04-17T07:39:57,audio,10,10,0.0,euclidean,15,0.1,cosine,25,,eom,cosine,42,4,0.5041,38,53,218
2026-04-17T07:40:09,audio,10,10,0.0,correlation,15,0.1,euclidean,25,,eom,cosine,42,4,0.6298,27,60,124
2026-04-17T07:40:09,audio,10,10,0.0,correlation,15,0.1,euclidean,25,,eom,euclidean,42,4,0.5219,43,74,159
2026-04-17T07:40:09,audio,10,10,0.0,correlation,15,0.1,cosine,25,,eom,euclidean,42,4,0.5219,43,74,159
2026-04-17T07:40:10,audio,10,10,0.0,correlation,15,0.1,cosine,25,,eom,cosine,42,4,0.6298,27,60,124
2026-04-17T07:40:22,audio,10,10,0.0,cosine,15,0.1,euclidean,25,,leaf,euclidean,42,5,0.694,27,36,64
2026-04-17T07:40:22,audio,10,10,0.0,cosine,15,0.1,cosine,25,,leaf,cosine,42,4,0.6407,31,75,81
2026-04-17T07:40:22,audio,10,10,0.0,cosine,15,0.1,cosine,25,,leaf,euclidean,42,5,0.694,27,36,64
2026-04-17T07:40:22,audio,10,10,0.0,cosine,15,0.1,euclidean,25,,leaf,cosine,42,4,0.6407,31,75,81
2026-04-17T07:40:34,audio,10,10,0.0,euclidean,15,0.1,euclidean,25,,leaf,cosine,42,4,0.5041,38,53,218
2026-04-17T07:40:34,audio,10,10,0.0,euclidean,15,0.1,euclidean,25,,leaf,euclidean,42,4,0.5546,27,49,200
2026-04-17T07:40:34,audio,10,10,0.0,euclidean,15,0.1,cosine,25,,leaf,euclidean,42,4,0.5546,27,49,200
2026-04-17T07:40:34,audio,10,10,0.0,euclidean,15,0.1,cosine,25,,leaf,cosine,42,4,0.5041,38,53,218
2026-04-17T07:40:46,audio,10,10,0.0,correlation,15,0.1,euclidean,25,,leaf,euclidean,42,5,0.5997,41,59,89
2026-04-17T07:40:46,audio,10,10,0.0,correlation,15,0.1,cosine,25,,leaf,euclidean,42,5,0.5997,41,59,89
2026-04-17T07:40:46,audio,10,10,0.0,correlation,15,0.1,euclidean,25,,leaf,cosine,42,4,0.6298,27,60,124
2026-04-17T07:40:47,audio,10,10,0.0,correlation,15,0.1,cosine,25,,leaf,cosine,42,4,0.6298,27,60,124
2026-04-17T07:40:59,audio,10,10,0.05,cosine,15,0.1,cosine,10,,eom,euclidean,42,2,0.0178,11,359,708
2026-04-17T07:40:59,audio,10,10,0.05,cosine,15,0.1,euclidean,10,,eom,euclidean,42,2,0.0178,11,359,708
2026-04-17T07:40:59,audio,10,10,0.05,cosine,15,0.1,euclidean,10,,eom,cosine,42,13,0.5123,10,18,74
2026-04-17T07:40:59,audio,10,10,0.05,cosine,15,0.1,cosine,10,,eom,cosine,42,13,0.5123,10,18,74
2026-04-17T07:41:10,audio,10,10,0.05,euclidean,15,0.1,cosine,10,,eom,euclidean,42,2,0.0342,11,353,696
2026-04-17T07:41:10,audio,10,10,0.05,euclidean,15,0.1,euclidean,10,,eom,euclidean,42,2,0.0342,11,353,696
2026-04-17T07:41:10,audio,10,10,0.05,euclidean,15,0.1,euclidean,10,,eom,cosine,42,2,0.026,11,356,702
2026-04-17T07:41:10,audio,10,10,0.05,euclidean,15,0.1,cosine,10,,eom,cosine,42,2,0.026,11,356,702
2026-04-17T07:41:23,audio,10,10,0.05,correlation,15,0.1,cosine,10,,eom,euclidean,42,2,0.1107,10,325,641
2026-04-17T07:41:23,audio,10,10,0.05,correlation,15,0.1,euclidean,10,,eom,euclidean,42,2,0.1107,10,325,641
2026-04-17T07:41:23,audio,10,10,0.05,correlation,15,0.1,euclidean,10,,eom,cosine,42,2,0.0178,10,359,709
2026-04-17T07:41:23,audio,10,10,0.05,correlation,15,0.1,cosine,10,,eom,cosine,42,2,0.0178,10,359,709
2026-04-17T07:41:36,audio,10,10,0.05,cosine,15,0.1,euclidean,10,,leaf,euclidean,42,13,0.597,10,13,63
2026-04-17T07:41:36,audio,10,10,0.05,cosine,15,0.1,euclidean,10,,leaf,cosine,42,15,0.5984,10,15,62
2026-04-17T07:41:36,audio,10,10,0.05,cosine,15,0.1,cosine,10,,leaf,euclidean,42,13,0.597,10,13,63
2026-04-17T07:41:36,audio,10,10,0.05,cosine,15,0.1,cosine,10,,leaf,cosine,42,15,0.5984,10,15,62
2026-04-17T07:41:47,audio,10,10,0.05,euclidean,15,0.1,cosine,10,,leaf,euclidean,42,13,0.5615,10,22,73
2026-04-17T07:41:47,audio,10,10,0.05,euclidean,15,0.1,euclidean,10,,leaf,euclidean,42,13,0.5615,10,22,73
2026-04-17T07:41:47,audio,10,10,0.05,euclidean,15,0.1,euclidean,10,,leaf,cosine,42,14,0.6202,10,19,36
2026-04-17T07:41:47,audio,10,10,0.05,euclidean,15,0.1,cosine,10,,leaf,cosine,42,14,0.6202,10,19,36
2026-04-17T07:42:00,audio,10,10,0.05,correlation,15,0.1,euclidean,10,,leaf,euclidean,42,14,0.6093,10,15,66
2026-04-17T07:42:00,audio,10,10,0.05,correlation,15,0.1,cosine,10,,leaf,euclidean,42,14,0.6093,10,15,66
2026-04-17T07:42:00,audio,10,10,0.05,correlation,15,0.1,euclidean,10,,leaf,cosine,42,16,0.6352,10,13,38
2026-04-17T07:42:00,audio,10,10,0.05,correlation,15,0.1,cosine,10,,leaf,cosine,42,16,0.6352,10,13,38
2026-04-17T07:42:12,audio,10,10,0.05,cosine,15,0.1,euclidean,15,,eom,euclidean,42,2,0.1981,29,293,558
2026-04-17T07:42:13,audio,10,10,0.05,cosine,15,0.1,cosine,15,,eom,euclidean,42,2,0.1981,29,293,558
2026-04-17T07:42:13,audio,10,10,0.05,cosine,15,0.1,cosine,15,,eom,cosine,42,2,0.1885,31,297,563
2026-04-17T07:42:13,audio,10,10,0.05,cosine,15,0.1,euclidean,15,,eom,cosine,42,2,0.1885,31,297,563
2026-04-17T07:42:24,audio,10,10,0.05,euclidean,15,0.1,euclidean,15,,eom,cosine,42,3,0.3538,19,209,245
2026-04-17T07:42:24,audio,10,10,0.05,euclidean,15,0.1,euclidean,15,,eom,euclidean,42,5,0.4932,19,52,206
2026-04-17T07:42:24,audio,10,10,0.05,euclidean,15,0.1,cosine,15,,eom,euclidean,42,5,0.4932,19,52,206
2026-04-17T07:42:24,audio,10,10,0.05,euclidean,15,0.1,cosine,15,,eom,cosine,42,3,0.3538,19,209,245
2026-04-17T07:42:37,audio,10,10,0.05,correlation,15,0.1,euclidean,15,,eom,euclidean,42,5,0.5642,39,67,91
2026-04-17T07:42:37,audio,10,10,0.05,correlation,15,0.1,cosine,15,,eom,euclidean,42,5,0.5642,39,67,91
2026-04-17T07:42:37,audio,10,10,0.05,correlation,15,0.1,euclidean,15,,eom,cosine,42,2,0.3566,64,235,407
2026-04-17T07:42:37,audio,10,10,0.05,correlation,15,0.1,cosine,15,,eom,cosine,42,2,0.3566,64,235,407
2026-04-17T07:42:49,audio,10,10,0.05,cosine,15,0.1,euclidean,15,,leaf,cosine,42,6,0.6052,29,50,64
2026-04-17T07:42:49,audio,10,10,0.05,cosine,15,0.1,euclidean,15,,leaf,euclidean,42,6,0.627,21,43,80
2026-04-17T07:42:49,audio,10,10,0.05,cosine,15,0.1,cosine,15,,leaf,euclidean,42,6,0.627,21,43,80
2026-04-17T07:42:49,audio,10,10,0.05,cosine,15,0.1,cosine,15,,leaf,cosine,42,6,0.6052,29,50,64
2026-04-17T07:43:01,audio,10,10,0.05,euclidean,15,0.1,euclidean,15,,leaf,euclidean,42,8,0.6475,18,28,64
2026-04-17T07:43:01,audio,10,10,0.05,euclidean,15,0.1,euclidean,15,,leaf,cosine,42,8,0.6598,15,28,62
2026-04-17T07:43:01,audio,10,10,0.05,euclidean,15,0.1,cosine,15,,leaf,euclidean,42,8,0.6475,18,28,64
2026-04-17T07:43:01,audio,10,10,0.05,euclidean,15,0.1,cosine,15,,leaf,cosine,42,8,0.6598,15,28,62
2026-04-17T07:43:14,audio,10,10,0.05,correlation,15,0.1,euclidean,15,,leaf,euclidean,42,5,0.5642,39,67,91
2026-04-17T07:43:14,audio,10,10,0.05,correlation,15,0.1,euclidean,15,,leaf,cosine,42,7,0.7077,15,30,50
2026-04-17T07:43:14,audio,10,10,0.05,correlation,15,0.1,cosine,15,,leaf,euclidean,42,5,0.5642,39,67,91
2026-04-17T07:43:14,audio,10,10,0.05,correlation,15,0.1,cosine,15,,leaf,cosine,42,7,0.7077,15,30,50
2026-04-17T07:43:25,audio,10,10,0.05,cosine,15,0.1,euclidean,25,,eom,euclidean,42,4,0.6352,27,55,129
2026-04-17T07:43:25,audio,10,10,0.05,cosine,15,0.1,euclidean,25,,eom,cosine,42,3,0.5765,34,66,210
2026-04-17T07:43:26,audio,10,10,0.05,cosine,15,0.1,cosine,25,,eom,euclidean,42,4,0.6352,27,55,129
2026-04-17T07:43:26,audio,10,10,0.05,cosine,15,0.1,cosine,25,,eom,cosine,42,3,0.5765,34,66,210
2026-04-17T07:43:38,audio,10,10,0.05,euclidean,15,0.1,euclidean,25,,eom,euclidean,42,2,0.4508,195,201,207
2026-04-17T07:43:38,audio,10,10,0.05,euclidean,15,0.1,euclidean,25,,eom,cosine,42,2,0.4344,196,207,218
2026-04-17T07:43:38,audio,10,10,0.05,euclidean,15,0.1,cosine,25,,eom,euclidean,42,2,0.4508,195,201,207
2026-04-17T07:43:38,audio,10,10,0.05,euclidean,15,0.1,cosine,25,,eom,cosine,42,2,0.4344,196,207,218
2026-04-17T07:43:50,audio,10,10,0.05,correlation,15,0.1,cosine,25,,eom,euclidean,42,4,0.6352,33,50,134
2026-04-17T07:43:50,audio,10,10,0.05,correlation,15,0.1,euclidean,25,,eom,cosine,42,2,0.6052,26,144,263
2026-04-17T07:43:50,audio,10,10,0.05,correlation,15,0.1,cosine,25,,eom,cosine,42,2,0.6052,26,144,263
2026-04-17T07:43:50,audio,10,10,0.05,correlation,15,0.1,euclidean,25,,eom,euclidean,42,4,0.6352,33,50,134
2026-04-17T07:44:02,audio,10,10,0.05,cosine,15,0.1,cosine,25,,leaf,euclidean,42,5,0.6899,27,38,73
2026-04-17T07:44:03,audio,10,10,0.05,cosine,15,0.1,cosine,25,,leaf,cosine,42,4,0.7486,34,42,66
2026-04-17T07:44:03,audio,10,10,0.05,cosine,15,0.1,euclidean,25,,leaf,cosine,42,4,0.7486,34,42,66
2026-04-17T07:44:03,audio,10,10,0.05,cosine,15,0.1,euclidean,25,,leaf,euclidean,42,5,0.6899,27,38,73
2026-04-17T07:44:15,audio,10,10,0.05,euclidean,15,0.1,cosine,25,,leaf,euclidean,42,3,0.6038,39,56,195
2026-04-17T07:44:15,audio,10,10,0.05,euclidean,15,0.1,euclidean,25,,leaf,euclidean,42,3,0.6038,39,56,195
2026-04-17T07:44:15,audio,10,10,0.05,euclidean,15,0.1,euclidean,25,,leaf,cosine,42,4,0.597,27,36,196
2026-04-17T07:44:15,audio,10,10,0.05,euclidean,15,0.1,cosine,25,,leaf,cosine,42,4,0.597,27,36,196
2026-04-17T07:44:27,audio,10,10,0.05,correlation,15,0.1,cosine,25,,leaf,euclidean,42,5,0.7213,31,40,56
2026-04-17T07:44:27,audio,10,10,0.05,correlation,15,0.1,euclidean,25,,leaf,euclidean,42,5,0.7213,31,40,56
2026-04-17T07:44:27,audio,10,10,0.05,correlation,15,0.1,euclidean,25,,leaf,cosine,42,5,0.7691,26,33,46
2026-04-17T07:44:27,audio,10,10,0.05,correlation,15,0.1,cosine,25,,leaf,cosine,42,5,0.7691,26,33,46
2026-04-17T07:44:39,audio,10,15,0.0,cosine,15,0.1,cosine,10,,eom,cosine,42,8,0.4604,15,38,95
2026-04-17T07:44:39,audio,10,15,0.0,cosine,15,0.1,euclidean,10,,eom,euclidean,42,5,0.3251,13,73,306
2026-04-17T07:44:39,audio,10,15,0.0,cosine,15,0.1,cosine,10,,eom,euclidean,42,5,0.3251,13,73,306
2026-04-17T07:44:40,audio,10,15,0.0,cosine,15,0.1,euclidean,10,,eom,cosine,42,8,0.4604,15,38,95
2026-04-17T07:44:51,audio,10,15,0.0,euclidean,15,0.1,euclidean,10,,eom,euclidean,42,2,0.0751,11,338,666
2026-04-17T07:44:51,audio,10,15,0.0,euclidean,15,0.1,cosine,10,,eom,cosine,42,13,0.5014,12,21,62
2026-04-17T07:44:51,audio,10,15,0.0,euclidean,15,0.1,euclidean,10,,eom,cosine,42,13,0.5014,12,21,62
2026-04-17T07:44:51,audio,10,15,0.0,euclidean,15,0.1,cosine,10,,eom,euclidean,42,2,0.0751,11,338,666
2026-04-17T07:45:04,audio,10,15,0.0,correlation,15,0.1,cosine,10,,eom,euclidean,42,8,0.3757,10,18,285
2026-04-17T07:45:04,audio,10,15,0.0,correlation,15,0.1,euclidean,10,,eom,euclidean,42,8,0.3757,10,18,285
2026-04-17T07:45:04,audio,10,15,0.0,correlation,15,0.1,euclidean,10,,eom,cosine,42,2,0.1475,43,312,581
2026-04-17T07:45:04,audio,10,15,0.0,correlation,15,0.1,cosine,10,,eom,cosine,42,2,0.1475,43,312,581
2026-04-17T07:45:17,audio,10,15,0.0,cosine,15,0.1,cosine,10,,leaf,euclidean,42,11,0.571,12,20,73
2026-04-17T07:45:17,audio,10,15,0.0,cosine,15,0.1,euclidean,10,,leaf,euclidean,42,11,0.571,12,20,73
2026-04-17T07:45:17,audio,10,15,0.0,cosine,15,0.1,cosine,10,,leaf,cosine,42,10,0.515,15,22,91
2026-04-17T07:45:17,audio,10,15,0.0,cosine,15,0.1,euclidean,10,,leaf,cosine,42,10,0.515,15,22,91
2026-04-17T07:45:28,audio,10,15,0.0,euclidean,15,0.1,euclidean,10,,leaf,cosine,42,14,0.541,12,18,62
2026-04-17T07:45:28,audio,10,15,0.0,euclidean,15,0.1,euclidean,10,,leaf,euclidean,42,13,0.5738,11,19,69
2026-04-17T07:45:28,audio,10,15,0.0,euclidean,15,0.1,cosine,10,,leaf,euclidean,42,13,0.5738,11,19,69
2026-04-17T07:45:28,audio,10,15,0.0,euclidean,15,0.1,cosine,10,,leaf,cosine,42,14,0.541,12,18,62
2026-04-17T07:45:41,audio,10,15,0.0,correlation,15,0.1,cosine,10,,leaf,euclidean,42,14,0.638,10,14,48
2026-04-17T07:45:41,audio,10,15,0.0,correlation,15,0.1,euclidean,10,,leaf,euclidean,42,14,0.638,10,14,48
2026-04-17T07:45:41,audio,10,15,0.0,correlation,15,0.1,euclidean,10,,leaf,cosine,42,14,0.6079,10,16,50
2026-04-17T07:45:41,audio,10,15,0.0,correlation,15,0.1,cosine,10,,leaf,cosine,42,14,0.6079,10,16,50
2026-04-17T07:45:53,audio,10,15,0.0,cosine,15,0.1,euclidean,15,,eom,euclidean,42,4,0.3825,64,65,257
2026-04-17T07:45:53,audio,10,15,0.0,cosine,15,0.1,cosine,15,,eom,euclidean,42,4,0.3825,64,65,257
2026-04-17T07:45:53,audio,10,15,0.0,cosine,15,0.1,cosine,15,,eom,cosine,42,7,0.5464,16,50,78
2026-04-17T07:45:53,audio,10,15,0.0,cosine,15,0.1,euclidean,15,,eom,cosine,42,7,0.5464,16,50,78
2026-04-17T07:46:05,audio,10,15,0.0,euclidean,15,0.1,euclidean,15,,eom,euclidean,42,6,0.5956,21,55,81
2026-04-17T07:46:05,audio,10,15,0.0,euclidean,15,0.1,euclidean,15,,eom,cosine,42,2,0.3716,59,230,401
2026-04-17T07:46:05,audio,10,15,0.0,euclidean,15,0.1,cosine,15,,eom,euclidean,42,6,0.5956,21,55,81
2026-04-17T07:46:05,audio,10,15,0.0,euclidean,15,0.1,cosine,15,,eom,cosine,42,2,0.3716,59,230,401
2026-04-17T07:46:18,audio,10,15,0.0,correlation,15,0.1,cosine,15,,eom,euclidean,42,6,0.5123,18,59,97
2026-04-17T07:46:18,audio,10,15,0.0,correlation,15,0.1,euclidean,15,,eom,cosine,42,7,0.5492,18,52,65
2026-04-17T07:46:18,audio,10,15,0.0,correlation,15,0.1,euclidean,15,,eom,euclidean,42,6,0.5123,18,59,97
2026-04-17T07:46:19,audio,10,15,0.0,correlation,15,0.1,cosine,15,,eom,cosine,42,7,0.5492,18,52,65
2026-04-17T07:46:30,audio,10,15,0.0,cosine,15,0.1,euclidean,15,,leaf,euclidean,42,7,0.5396,18,57,66
2026-04-17T07:46:30,audio,10,15,0.0,cosine,15,0.1,cosine,15,,leaf,euclidean,42,7,0.5396,18,57,66
2026-04-17T07:46:30,audio,10,15,0.0,cosine,15,0.1,cosine,15,,leaf,cosine,42,8,0.5943,16,32,78
2026-04-17T07:46:30,audio,10,15,0.0,cosine,15,0.1,euclidean,15,,leaf,cosine,42,8,0.5943,16,32,78
2026-04-17T07:46:42,audio,10,15,0.0,euclidean,15,0.1,cosine,15,,leaf,euclidean,42,8,0.638,17,23,81
2026-04-17T07:46:42,audio,10,15,0.0,euclidean,15,0.1,euclidean,15,,leaf,euclidean,42,8,0.638,17,23,81
2026-04-17T07:46:42,audio,10,15,0.0,euclidean,15,0.1,cosine,15,,leaf,cosine,42,6,0.6708,19,40,59
2026-04-17T07:46:42,audio,10,15,0.0,euclidean,15,0.1,euclidean,15,,leaf,cosine,42,6,0.6708,19,40,59
2026-04-17T07:46:55,audio,10,15,0.0,correlation,15,0.1,euclidean,15,,leaf,cosine,42,8,0.5806,16,35,64
2026-04-17T07:46:55,audio,10,15,0.0,correlation,15,0.1,euclidean,15,,leaf,euclidean,42,7,0.5601,15,55,69
2026-04-17T07:46:55,audio,10,15,0.0,correlation,15,0.1,cosine,15,,leaf,euclidean,42,7,0.5601,15,55,69
2026-04-17T07:46:55,audio,10,15,0.0,correlation,15,0.1,cosine,15,,leaf,cosine,42,8,0.5806,16,35,64
2026-04-17T07:47:07,audio,10,15,0.0,cosine,15,0.1,cosine,25,,eom,euclidean,42,2,0.5273,140,173,206
2026-04-17T07:47:07,audio,10,15,0.0,cosine,15,0.1,cosine,25,,eom,cosine,42,3,0.4549,27,91,281
2026-04-17T07:47:07,audio,10,15,0.0,cosine,15,0.1,euclidean,25,,eom,euclidean,42,2,0.5273,140,173,206
2026-04-17T07:47:07,audio,10,15,0.0,cosine,15,0.1,euclidean,25,,eom,cosine,42,3,0.4549,27,91,281
2026-04-17T07:47:19,audio,10,15,0.0,euclidean,15,0.1,euclidean,25,,eom,euclidean,42,4,0.5587,33,49,191
2026-04-17T07:47:19,audio,10,15,0.0,euclidean,15,0.1,euclidean,25,,eom,cosine,42,2,0.4727,66,193,320
2026-04-17T07:47:20,audio,10,15,0.0,euclidean,15,0.1,cosine,25,,eom,euclidean,42,4,0.5587,33,49,191
2026-04-17T07:47:20,audio,10,15,0.0,euclidean,15,0.1,cosine,25,,eom,cosine,42,2,0.4727,66,193,320
2026-04-17T07:47:31,audio,10,15,0.0,correlation,15,0.1,cosine,25,,eom,euclidean,42,2,0.3907,172,223,274
2026-04-17T07:47:31,audio,10,15,0.0,correlation,15,0.1,euclidean,25,,eom,euclidean,42,2,0.3907,172,223,274
2026-04-17T07:47:32,audio,10,15,0.0,correlation,15,0.1,cosine,25,,eom,cosine,42,4,0.5478,26,60,185
2026-04-17T07:47:32,audio,10,15,0.0,correlation,15,0.1,euclidean,25,,eom,cosine,42,4,0.5478,26,60,185
2026-04-17T07:47:44,audio,10,15,0.0,cosine,15,0.1,cosine,25,,leaf,euclidean,42,4,0.75,31,46,60
2026-04-17T07:47:44,audio,10,15,0.0,cosine,15,0.1,cosine,25,,leaf,cosine,42,5,0.6544,27,35,91
2026-04-17T07:47:44,audio,10,15,0.0,cosine,15,0.1,euclidean,25,,leaf,cosine,42,5,0.6544,27,35,91
2026-04-17T07:47:44,audio,10,15,0.0,cosine,15,0.1,euclidean,25,,leaf,euclidean,42,4,0.75,31,46,60
2026-04-17T07:47:57,audio,10,15,0.0,euclidean,15,0.1,euclidean,25,,leaf,euclidean,42,4,0.5587,33,49,191
2026-04-17T07:47:57,audio,10,15,0.0,euclidean,15,0.1,euclidean,25,,leaf,cosine,42,4,0.7268,34,50,66
2026-04-17T07:47:57,audio,10,15,0.0,euclidean,15,0.1,cosine,25,,leaf,euclidean,42,4,0.5587,33,49,191
2026-04-17T07:47:57,audio,10,15,0.0,euclidean,15,0.1,cosine,25,,leaf,cosine,42,4,0.7268,34,50,66
2026-04-17T07:48:09,audio,10,15,0.0,correlation,15,0.1,cosine,25,,leaf,euclidean,42,5,0.6639,33,41,73
2026-04-17T07:48:09,audio,10,15,0.0,correlation,15,0.1,euclidean,25,,leaf,euclidean,42,5,0.6639,33,41,73
2026-04-17T07:48:09,audio,10,15,0.0,correlation,15,0.1,cosine,25,,leaf,cosine,42,5,0.6844,26,53,67
2026-04-17T07:48:09,audio,10,15,0.0,correlation,15,0.1,euclidean,25,,leaf,cosine,42,5,0.6844,26,53,67
2026-04-17T07:48:21,audio,10,15,0.05,cosine,15,0.1,cosine,10,,eom,euclidean,42,9,0.5328,12,29,72
2026-04-17T07:48:21,audio,10,15,0.05,cosine,15,0.1,euclidean,10,,eom,euclidean,42,9,0.5328,12,29,72
2026-04-17T07:48:21,audio,10,15,0.05,cosine,15,0.1,euclidean,10,,eom,cosine,42,8,0.5205,18,42,72
2026-04-17T07:48:22,audio,10,15,0.05,cosine,15,0.1,cosine,10,,eom,cosine,42,8,0.5205,18,42,72
2026-04-17T07:48:33,audio,10,15,0.05,euclidean,15,0.1,euclidean,10,,eom,euclidean,42,2,0.1202,11,322,633
2026-04-17T07:48:33,audio,10,15,0.05,euclidean,15,0.1,euclidean,10,,eom,cosine,42,5,0.4563,11,55,240
2026-04-17T07:48:33,audio,10,15,0.05,euclidean,15,0.1,cosine,10,,eom,euclidean,42,2,0.1202,11,322,633
2026-04-17T07:48:33,audio,10,15,0.05,euclidean,15,0.1,cosine,10,,eom,cosine,42,5,0.4563,11,55,240
2026-04-17T07:48:46,audio,10,15,0.05,correlation,15,0.1,cosine,10,,eom,euclidean,42,11,0.5464,10,27,73
2026-04-17T07:48:46,audio,10,15,0.05,correlation,15,0.1,euclidean,10,,eom,cosine,42,12,0.5546,12,21,72
2026-04-17T07:48:46,audio,10,15,0.05,correlation,15,0.1,cosine,10,,eom,cosine,42,12,0.5546,12,21,72
2026-04-17T07:48:46,audio,10,15,0.05,correlation,15,0.1,euclidean,10,,eom,euclidean,42,11,0.5464,10,27,73
2026-04-17T07:48:58,audio,10,15,0.05,cosine,15,0.1,euclidean,10,,leaf,euclidean,42,10,0.5902,11,20,62
2026-04-17T07:48:58,audio,10,15,0.05,cosine,15,0.1,cosine,10,,leaf,euclidean,42,10,0.5902,11,20,62
2026-04-17T07:48:59,audio,10,15,0.05,cosine,15,0.1,euclidean,10,,leaf,cosine,42,9,0.5587,12,25,72
2026-04-17T07:48:59,audio,10,15,0.05,cosine,15,0.1,cosine,10,,leaf,cosine,42,9,0.5587,12,25,72
2026-04-17T07:49:10,audio,10,15,0.05,euclidean,15,0.1,euclidean,10,,leaf,euclidean,42,10,0.6817,11,20,60
2026-04-17T07:49:10,audio,10,15,0.05,euclidean,15,0.1,euclidean,10,,leaf,cosine,42,11,0.5997,11,20,72
2026-04-17T07:49:10,audio,10,15,0.05,euclidean,15,0.1,cosine,10,,leaf,euclidean,42,10,0.6817,11,20,60
2026-04-17T07:49:10,audio,10,15,0.05,euclidean,15,0.1,cosine,10,,leaf,cosine,42,11,0.5997,11,20,72
2026-04-17T07:49:23,audio,10,15,0.05,correlation,15,0.1,euclidean,10,,leaf,euclidean,42,12,0.5943,10,14,73
2026-04-17T07:49:23,audio,10,15,0.05,correlation,15,0.1,euclidean,10,,leaf,cosine,42,13,0.6011,12,17,45
2026-04-17T07:49:23,audio,10,15,0.05,correlation,15,0.1,cosine,10,,leaf,euclidean,42,12,0.5943,10,14,73
2026-04-17T07:49:23,audio,10,15,0.05,correlation,15,0.1,cosine,10,,leaf,cosine,42,13,0.6011,12,17,45
2026-04-17T07:49:34,audio,10,15,0.05,cosine,15,0.1,euclidean,15,,eom,cosine,42,2,0.2883,21,260,500
2026-04-17T07:49:35,audio,10,15,0.05,cosine,15,0.1,cosine,15,,eom,euclidean,42,7,0.6025,16,49,58
2026-04-17T07:49:35,audio,10,15,0.05,cosine,15,0.1,euclidean,15,,eom,euclidean,42,7,0.6025,16,49,58
2026-04-17T07:49:35,audio,10,15,0.05,cosine,15,0.1,cosine,15,,eom,cosine,42,2,0.2883,21,260,500
2026-04-17T07:49:47,audio,10,15,0.05,euclidean,15,0.1,euclidean,15,,eom,euclidean,42,3,0.4563,49,73,276
2026-04-17T07:49:47,audio,10,15,0.05,euclidean,15,0.1,euclidean,15,,eom,cosine,42,3,0.5328,49,60,233
2026-04-17T07:49:47,audio,10,15,0.05,euclidean,15,0.1,cosine,15,,eom,euclidean,42,3,0.4563,49,73,276
2026-04-17T07:49:47,audio,10,15,0.05,euclidean,15,0.1,cosine,15,,eom,cosine,42,3,0.5328,49,60,233
2026-04-17T07:50:00,audio,10,15,0.05,correlation,15,0.1,cosine,15,,eom,euclidean,42,5,0.679,22,47,74
2026-04-17T07:50:00,audio,10,15,0.05,correlation,15,0.1,euclidean,15,,eom,euclidean,42,5,0.679,22,47,74
2026-04-17T07:50:00,audio,10,15,0.05,correlation,15,0.1,euclidean,15,,eom,cosine,42,4,0.6025,27,47,169
2026-04-17T07:50:00,audio,10,15,0.05,correlation,15,0.1,cosine,15,,eom,cosine,42,4,0.6025,27,47,169
2026-04-17T07:50:12,audio,10,15,0.05,cosine,15,0.1,euclidean,15,,leaf,euclidean,42,7,0.6025,16,49,58
2026-04-17T07:50:12,audio,10,15,0.05,cosine,15,0.1,cosine,15,,leaf,euclidean,42,7,0.6025,16,49,58
2026-04-17T07:50:12,audio,10,15,0.05,cosine,15,0.1,euclidean,15,,leaf,cosine,42,7,0.638,21,37,56
2026-04-17T07:50:12,audio,10,15,0.05,cosine,15,0.1,cosine,15,,leaf,cosine,42,7,0.638,21,37,56
2026-04-17T07:50:24,audio,10,15,0.05,euclidean,15,0.1,cosine,15,,leaf,euclidean,42,6,0.6544,20,42,73
2026-04-17T07:50:24,audio,10,15,0.05,euclidean,15,0.1,euclidean,15,,leaf,euclidean,42,6,0.6544,20,42,73
2026-04-17T07:50:24,audio,10,15,0.05,euclidean,15,0.1,euclidean,15,,leaf,cosine,42,6,0.6735,22,39,60
2026-04-17T07:50:24,audio,10,15,0.05,euclidean,15,0.1,cosine,15,,leaf,cosine,42,6,0.6735,22,39,60
2026-04-17T07:50:36,audio,10,15,0.05,correlation,15,0.1,cosine,15,,leaf,euclidean,42,5,0.679,22,47,74
2026-04-17T07:50:36,audio,10,15,0.05,correlation,15,0.1,euclidean,15,,leaf,euclidean,42,5,0.679,22,47,74
2026-04-17T07:50:36,audio,10,15,0.05,correlation,15,0.1,euclidean,15,,leaf,cosine,42,5,0.7104,27,34,61
2026-04-17T07:50:37,audio,10,15,0.05,correlation,15,0.1,cosine,15,,leaf,cosine,42,5,0.7104,27,34,61
2026-04-17T07:50:49,audio,10,15,0.05,cosine,15,0.1,euclidean,25,,eom,euclidean,42,2,0.6093,121,143,165
2026-04-17T07:50:49,audio,10,15,0.05,cosine,15,0.1,cosine,25,,eom,euclidean,42,2,0.6093,121,143,165
2026-04-17T07:50:49,audio,10,15,0.05,cosine,15,0.1,euclidean,25,,eom,cosine,42,2,0.5464,134,166,198
2026-04-17T07:50:49,audio,10,15,0.05,cosine,15,0.1,cosine,25,,eom,cosine,42,2,0.5464,134,166,198
2026-04-17T07:51:01,audio,10,15,0.05,euclidean,15,0.1,euclidean,25,,eom,euclidean,42,4,0.6038,29,42,176
2026-04-17T07:51:01,audio,10,15,0.05,euclidean,15,0.1,euclidean,25,,eom,cosine,42,4,0.6352,28,41,156
2026-04-17T07:51:01,audio,10,15,0.05,euclidean,15,0.1,cosine,25,,eom,euclidean,42,4,0.6038,29,42,176
2026-04-17T07:51:01,audio,10,15,0.05,euclidean,15,0.1,cosine,25,,eom,cosine,42,4,0.6352,28,41,156
2026-04-17T07:51:13,audio,10,15,0.05,correlation,15,0.1,euclidean,25,,eom,euclidean,42,3,0.6202,39,60,179
2026-04-17T07:51:13,audio,10,15,0.05,correlation,15,0.1,euclidean,25,,eom,cosine,42,3,0.5656,40,131,147
2026-04-17T07:51:14,audio,10,15,0.05,correlation,15,0.1,cosine,25,,eom,euclidean,42,3,0.6202,39,60,179
2026-04-17T07:51:14,audio,10,15,0.05,correlation,15,0.1,cosine,25,,eom,cosine,42,3,0.5656,40,131,147
2026-04-17T07:51:26,audio,10,15,0.05,cosine,15,0.1,cosine,25,,leaf,euclidean,42,5,0.7527,26,36,52
2026-04-17T07:51:26,audio,10,15,0.05,cosine,15,0.1,cosine,25,,leaf,cosine,42,3,0.6161,30,53,198
2026-04-17T07:51:26,audio,10,15,0.05,cosine,15,0.1,euclidean,25,,leaf,euclidean,42,5,0.7527,26,36,52
2026-04-17T07:51:26,audio,10,15,0.05,cosine,15,0.1,euclidean,25,,leaf,cosine,42,3,0.6161,30,53,198
2026-04-17T07:51:38,audio,10,15,0.05,euclidean,15,0.1,euclidean,25,,leaf,cosine,42,4,0.6352,28,41,156
2026-04-17T07:51:38,audio,10,15,0.05,euclidean,15,0.1,euclidean,25,,leaf,euclidean,42,4,0.6038,29,42,176
2026-04-17T07:51:38,audio,10,15,0.05,euclidean,15,0.1,cosine,25,,leaf,cosine,42,4,0.6352,28,41,156
2026-04-17T07:51:38,audio,10,15,0.05,euclidean,15,0.1,cosine,25,,leaf,euclidean,42,4,0.6038,29,42,176
2026-04-17T07:51:51,audio,10,15,0.05,correlation,15,0.1,euclidean,25,,leaf,cosine,42,4,0.6107,29,54,147
2026-04-17T07:51:51,audio,10,15,0.05,correlation,15,0.1,cosine,25,,leaf,euclidean,42,5,0.7008,27,39,60
2026-04-17T07:51:51,audio,10,15,0.05,correlation,15,0.1,euclidean,25,,leaf,euclidean,42,5,0.7008,27,39,60
2026-04-17T07:51:51,audio,10,15,0.05,correlation,15,0.1,cosine,25,,leaf,cosine,42,4,0.6107,29,54,147
2026-04-17T07:52:03,audio,10,30,0.0,cosine,15,0.1,euclidean,10,,eom,euclidean,42,5,0.4836,11,52,240
2026-04-17T07:52:04,audio,10,30,0.0,cosine,15,0.1,euclidean,10,,eom,cosine,42,7,0.5574,10,44,111
2026-04-17T07:52:04,audio,10,30,0.0,cosine,15,0.1,cosine,10,,eom,euclidean,42,5,0.4836,11,52,240
2026-04-17T07:52:04,audio,10,30,0.0,cosine,15,0.1,cosine,10,,eom,cosine,42,7,0.5574,10,44,111
2026-04-17T07:52:15,audio,10,30,0.0,euclidean,15,0.1,euclidean,10,,eom,euclidean,42,2,0.2158,12,287,562
2026-04-17T07:52:15,audio,10,30,0.0,euclidean,15,0.1,euclidean,10,,eom,cosine,42,7,0.6189,10,29,96
2026-04-17T07:52:15,audio,10,30,0.0,euclidean,15,0.1,cosine,10,,eom,euclidean,42,2,0.2158,12,287,562
2026-04-17T07:52:15,audio,10,30,0.0,euclidean,15,0.1,cosine,10,,eom,cosine,42,7,0.6189,10,29,96
2026-04-17T07:52:28,audio,10,30,0.0,correlation,15,0.1,cosine,10,,eom,euclidean,42,7,0.5765,11,46,74
2026-04-17T07:52:28,audio,10,30,0.0,correlation,15,0.1,euclidean,10,,eom,euclidean,42,7,0.5765,11,46,74
2026-04-17T07:52:28,audio,10,30,0.0,correlation,15,0.1,euclidean,10,,eom,cosine,42,8,0.5943,10,34,80
2026-04-17T07:52:28,audio,10,30,0.0,correlation,15,0.1,cosine,10,,eom,cosine,42,8,0.5943,10,34,80
2026-04-17T07:52:40,audio,10,30,0.0,cosine,15,0.1,euclidean,10,,leaf,cosine,42,8,0.6107,10,33,64
2026-04-17T07:52:40,audio,10,30,0.0,cosine,15,0.1,euclidean,10,,leaf,euclidean,42,8,0.6189,11,37,54
2026-04-17T07:52:40,audio,10,30,0.0,cosine,15,0.1,cosine,10,,leaf,euclidean,42,8,0.6189,11,37,54
2026-04-17T07:52:40,audio,10,30,0.0,cosine,15,0.1,cosine,10,,leaf,cosine,42,8,0.6107,10,33,64
2026-04-17T07:52:53,audio,10,30,0.0,euclidean,15,0.1,euclidean,10,,leaf,cosine,42,8,0.668,10,14,96
2026-04-17T07:52:53,audio,10,30,0.0,euclidean,15,0.1,euclidean,10,,leaf,euclidean,42,10,0.6667,11,16,42
2026-04-17T07:52:53,audio,10,30,0.0,euclidean,15,0.1,cosine,10,,leaf,euclidean,42,10,0.6667,11,16,42
2026-04-17T07:52:53,audio,10,30,0.0,euclidean,15,0.1,cosine,10,,leaf,cosine,42,8,0.668,10,14,96
2026-04-17T07:53:06,audio,10,30,0.0,correlation,15,0.1,euclidean,10,,leaf,euclidean,42,9,0.6667,10,17,50
2026-04-17T07:53:06,audio,10,30,0.0,correlation,15,0.1,euclidean,10,,leaf,cosine,42,8,0.5943,10,34,80
2026-04-17T07:53:06,audio,10,30,0.0,correlation,15,0.1,cosine,10,,leaf,euclidean,42,9,0.6667,10,17,50
2026-04-17T07:53:06,audio,10,30,0.0,correlation,15,0.1,cosine,10,,leaf,cosine,42,8,0.5943,10,34,80
2026-04-17T07:53:18,audio,10,30,0.0,cosine,15,0.1,euclidean,15,,eom,euclidean,42,3,0.5082,49,66,245
2026-04-17T07:53:18,audio,10,30,0.0,cosine,15,0.1,euclidean,15,,eom,cosine,42,5,0.6093,19,63,79
2026-04-17T07:53:18,audio,10,30,0.0,cosine,15,0.1,cosine,15,,eom,cosine,42,5,0.6093,19,63,79
2026-04-17T07:53:18,audio,10,30,0.0,cosine,15,0.1,cosine,15,,eom,euclidean,42,3,0.5082,49,66,245
2026-04-17T07:53:30,audio,10,30,0.0,euclidean,15,0.1,euclidean,15,,eom,euclidean,42,4,0.5314,15,41,246
2026-04-17T07:53:30,audio,10,30,0.0,euclidean,15,0.1,euclidean,15,,eom,cosine,42,2,0.5287,29,172,316
2026-04-17T07:53:30,audio,10,30,0.0,euclidean,15,0.1,cosine,15,,eom,euclidean,42,4,0.5314,15,41,246
2026-04-17T07:53:30,audio,10,30,0.0,euclidean,15,0.1,cosine,15,,eom,cosine,42,2,0.5287,29,172,316
2026-04-17T07:53:42,audio,10,30,0.0,correlation,15,0.1,euclidean,15,,eom,cosine,42,3,0.5342,41,55,245
2026-04-17T07:53:43,audio,10,30,0.0,correlation,15,0.1,euclidean,15,,eom,euclidean,42,3,0.5123,56,68,233
2026-04-17T07:53:43,audio,10,30,0.0,correlation,15,0.1,cosine,15,,eom,euclidean,42,3,0.5123,56,68,233
2026-04-17T07:53:43,audio,10,30,0.0,correlation,15,0.1,cosine,15,,eom,cosine,42,3,0.5342,41,55,245
2026-04-17T07:53:55,audio,10,30,0.0,cosine,15,0.1,euclidean,15,,leaf,euclidean,42,7,0.627,16,43,66
2026-04-17T07:53:55,audio,10,30,0.0,cosine,15,0.1,cosine,15,,leaf,euclidean,42,7,0.627,16,43,66
2026-04-17T07:53:55,audio,10,30,0.0,cosine,15,0.1,cosine,15,,leaf,cosine,42,6,0.6475,18,42,74
2026-04-17T07:53:56,audio,10,30,0.0,cosine,15,0.1,euclidean,15,,leaf,cosine,42,6,0.6475,18,42,74
2026-04-17T07:54:08,audio,10,30,0.0,euclidean,15,0.1,cosine,15,,leaf,euclidean,42,7,0.7309,15,26,43
2026-04-17T07:54:08,audio,10,30,0.0,euclidean,15,0.1,euclidean,15,,leaf,euclidean,42,7,0.7309,15,26,43
2026-04-17T07:54:08,audio,10,30,0.0,euclidean,15,0.1,euclidean,15,,leaf,cosine,42,4,0.7609,29,40,65
2026-04-17T07:54:08,audio,10,30,0.0,euclidean,15,0.1,cosine,15,,leaf,cosine,42,4,0.7609,29,40,65
2026-04-17T07:54:20,audio,10,30,0.0,correlation,15,0.1,euclidean,15,,leaf,euclidean,42,6,0.6598,19,43,68
2026-04-17T07:54:20,audio,10,30,0.0,correlation,15,0.1,cosine,15,,leaf,cosine,42,5,0.7022,33,41,55
2026-04-17T07:54:20,audio,10,30,0.0,correlation,15,0.1,cosine,15,,leaf,euclidean,42,6,0.6598,19,43,68
2026-04-17T07:54:20,audio,10,30,0.0,correlation,15,0.1,euclidean,15,,leaf,cosine,42,5,0.7022,33,41,55
2026-04-17T07:54:33,audio,10,30,0.0,cosine,15,0.1,euclidean,25,,eom,cosine,42,3,0.6708,32,62,147
2026-04-17T07:54:33,audio,10,30,0.0,cosine,15,0.1,cosine,25,,eom,euclidean,42,5,0.7077,28,31,71
2026-04-17T07:54:33,audio,10,30,0.0,cosine,15,0.1,euclidean,25,,eom,euclidean,42,5,0.7077,28,31,71
2026-04-17T07:54:33,audio,10,30,0.0,cosine,15,0.1,cosine,25,,eom,cosine,42,3,0.6708,32,62,147
2026-04-17T07:54:44,audio,10,30,0.0,euclidean,15,0.1,euclidean,25,,eom,euclidean,42,4,0.6926,28,46,105
2026-04-17T07:54:44,audio,10,30,0.0,euclidean,15,0.1,euclidean,25,,eom,cosine,42,2,0.6284,25,136,247
2026-04-17T07:54:45,audio,10,30,0.0,euclidean,15,0.1,cosine,25,,eom,euclidean,42,4,0.6926,28,46,105
2026-04-17T07:54:45,audio,10,30,0.0,euclidean,15,0.1,cosine,25,,eom,cosine,42,2,0.6284,25,136,247
2026-04-17T07:54:57,audio,10,30,0.0,correlation,15,0.1,euclidean,25,,eom,euclidean,42,4,0.6721,25,45,125
2026-04-17T07:54:57,audio,10,30,0.0,correlation,15,0.1,euclidean,25,,eom,cosine,42,4,0.7322,30,50,65
2026-04-17T07:54:58,audio,10,30,0.0,correlation,15,0.1,cosine,25,,eom,euclidean,42,4,0.6721,25,45,125
2026-04-17T07:54:58,audio,10,30,0.0,correlation,15,0.1,cosine,25,,eom,cosine,42,4,0.7322,30,50,65
2026-04-17T07:55:10,audio,10,30,0.0,cosine,15,0.1,cosine,25,,leaf,cosine,42,4,0.7609,27,43,62
2026-04-17T07:55:10,audio,10,30,0.0,cosine,15,0.1,euclidean,25,,leaf,euclidean,42,5,0.7077,28,31,71
2026-04-17T07:55:10,audio,10,30,0.0,cosine,15,0.1,cosine,25,,leaf,euclidean,42,5,0.7077,28,31,71
2026-04-17T07:55:10,audio,10,30,0.0,cosine,15,0.1,euclidean,25,,leaf,cosine,42,4,0.7609,27,43,62
2026-04-17T07:55:22,audio,10,30,0.0,euclidean,15,0.1,euclidean,25,,leaf,cosine,42,4,0.8074,25,36,44
2026-04-17T07:55:22,audio,10,30,0.0,euclidean,15,0.1,euclidean,25,,leaf,euclidean,42,4,0.6926,28,46,105
2026-04-17T07:55:22,audio,10,30,0.0,euclidean,15,0.1,cosine,25,,leaf,euclidean,42,4,0.6926,28,46,105
2026-04-17T07:55:22,audio,10,30,0.0,euclidean,15,0.1,cosine,25,,leaf,cosine,42,4,0.8074,25,36,44
2026-04-17T07:55:35,audio,10,30,0.0,correlation,15,0.1,euclidean,25,,leaf,cosine,42,4,0.7322,30,50,65
2026-04-17T07:55:35,audio,10,30,0.0,correlation,15,0.1,cosine,25,,leaf,euclidean,42,5,0.7445,25,33,58
2026-04-17T07:55:35,audio,10,30,0.0,correlation,15,0.1,euclidean,25,,leaf,euclidean,42,5,0.7445,25,33,58
2026-04-17T07:55:35,audio,10,30,0.0,correlation,15,0.1,cosine,25,,leaf,cosine,42,4,0.7322,30,50,65
2026-04-17T07:55:47,audio,10,30,0.05,cosine,15,0.1,euclidean,10,,eom,euclidean,42,7,0.5833,10,44,120
2026-04-17T07:55:47,audio,10,30,0.05,cosine,15,0.1,euclidean,10,,eom,cosine,42,6,0.5301,11,50,127
2026-04-17T07:55:47,audio,10,30,0.05,cosine,15,0.1,cosine,10,,eom,cosine,42,6,0.5301,11,50,127
2026-04-17T07:55:47,audio,10,30,0.05,cosine,15,0.1,cosine,10,,eom,euclidean,42,7,0.5833,10,44,120
2026-04-17T07:56:00,audio,10,30,0.05,euclidean,15,0.1,euclidean,10,,eom,euclidean,42,5,0.5492,10,45,212
2026-04-17T07:56:00,audio,10,30,0.05,euclidean,15,0.1,euclidean,10,,eom,cosine,42,6,0.6995,13,25,76
2026-04-17T07:56:00,audio,10,30,0.05,euclidean,15,0.1,cosine,10,,eom,euclidean,42,5,0.5492,10,45,212
2026-04-17T07:56:00,audio,10,30,0.05,euclidean,15,0.1,cosine,10,,eom,cosine,42,6,0.6995,13,25,76
2026-04-17T07:56:13,audio,10,30,0.05,correlation,15,0.1,euclidean,10,,eom,euclidean,42,7,0.6148,15,43,64
2026-04-17T07:56:13,audio,10,30,0.05,correlation,15,0.1,cosine,10,,eom,euclidean,42,7,0.6148,15,43,64
2026-04-17T07:56:13,audio,10,30,0.05,correlation,15,0.1,euclidean,10,,eom,cosine,42,7,0.6052,10,36,71
2026-04-17T07:56:13,audio,10,30,0.05,correlation,15,0.1,cosine,10,,eom,cosine,42,7,0.6052,10,36,71
2026-04-17T07:56:25,audio,10,30,0.05,cosine,15,0.1,euclidean,10,,leaf,cosine,42,8,0.6571,11,29,53
2026-04-17T07:56:25,audio,10,30,0.05,cosine,15,0.1,euclidean,10,,leaf,euclidean,42,8,0.6749,10,28,50
2026-04-17T07:56:25,audio,10,30,0.05,cosine,15,0.1,cosine,10,,leaf,cosine,42,8,0.6571,11,29,53
2026-04-17T07:56:25,audio,10,30,0.05,cosine,15,0.1,cosine,10,,leaf,euclidean,42,8,0.6749,10,28,50
2026-04-17T07:56:37,audio,10,30,0.05,euclidean,15,0.1,euclidean,10,,leaf,euclidean,42,8,0.7145,10,23,45
2026-04-17T07:56:37,audio,10,30,0.05,euclidean,15,0.1,euclidean,10,,leaf,cosine,42,6,0.6995,13,25,76
2026-04-17T07:56:37,audio,10,30,0.05,euclidean,15,0.1,cosine,10,,leaf,cosine,42,6,0.6995,13,25,76
2026-04-17T07:56:37,audio,10,30,0.05,euclidean,15,0.1,cosine,10,,leaf,euclidean,42,8,0.7145,10,23,45
2026-04-17T07:56:49,audio,10,30,0.05,correlation,15,0.1,euclidean,10,,leaf,cosine,42,7,0.6052,10,36,71
2026-04-17T07:56:50,audio,10,30,0.05,correlation,15,0.1,cosine,10,,leaf,cosine,42,7,0.6052,10,36,71
2026-04-17T07:56:50,audio,10,30,0.05,correlation,15,0.1,euclidean,10,,leaf,euclidean,42,7,0.6148,15,43,64
2026-04-17T07:56:50,audio,10,30,0.05,correlation,15,0.1,cosine,10,,leaf,euclidean,42,7,0.6148,15,43,64
2026-04-17T07:57:02,audio,10,30,0.05,cosine,15,0.1,euclidean,15,,eom,cosine,42,3,0.5642,51,52,216
2026-04-17T07:57:02,audio,10,30,0.05,cosine,15,0.1,cosine,15,,eom,euclidean,42,5,0.6639,26,46,82
2026-04-17T07:57:02,audio,10,30,0.05,cosine,15,0.1,euclidean,15,,eom,euclidean,42,5,0.6639,26,46,82
2026-04-17T07:57:03,audio,10,30,0.05,cosine,15,0.1,cosine,15,,eom,cosine,42,3,0.5642,51,52,216
2026-04-17T07:57:15,audio,10,30,0.05,euclidean,15,0.1,euclidean,15,,eom,euclidean,42,3,0.5738,46,63,203
2026-04-17T07:57:15,audio,10,30,0.05,euclidean,15,0.1,euclidean,15,,eom,cosine,42,4,0.7172,20,55,77
2026-04-17T07:57:15,audio,10,30,0.05,euclidean,15,0.1,cosine,15,,eom,euclidean,42,3,0.5738,46,63,203
2026-04-17T07:57:15,audio,10,30,0.05,euclidean,15,0.1,cosine,15,,eom,cosine,42,4,0.7172,20,55,77
2026-04-17T07:57:27,audio,10,30,0.05,correlation,15,0.1,euclidean,15,,eom,euclidean,42,5,0.694,26,50,56
2026-04-17T07:57:27,audio,10,30,0.05,correlation,15,0.1,euclidean,15,,eom,cosine,42,4,0.5574,17,43,220
2026-04-17T07:57:27,audio,10,30,0.05,correlation,15,0.1,cosine,15,,eom,euclidean,42,5,0.694,26,50,56
2026-04-17T07:57:27,audio,10,30,0.05,correlation,15,0.1,cosine,15,,eom,cosine,42,4,0.5574,17,43,220
2026-04-17T07:57:40,audio,10,30,0.05,cosine,15,0.1,euclidean,15,,leaf,euclidean,42,5,0.6639,26,46,82
2026-04-17T07:57:40,audio,10,30,0.05,cosine,15,0.1,cosine,15,,leaf,euclidean,42,5,0.6639,26,46,82
2026-04-17T07:57:40,audio,10,30,0.05,cosine,15,0.1,cosine,15,,leaf,cosine,42,4,0.6585,51,62,75
2026-04-17T07:57:40,audio,10,30,0.05,cosine,15,0.1,euclidean,15,,leaf,cosine,42,4,0.6585,51,62,75
2026-04-17T07:57:52,audio,10,30,0.05,euclidean,15,0.1,euclidean,15,,leaf,euclidean,42,5,0.7036,16,46,63
2026-04-17T07:57:52,audio,10,30,0.05,euclidean,15,0.1,euclidean,15,,leaf,cosine,42,4,0.7172,20,55,77
2026-04-17T07:57:52,audio,10,30,0.05,euclidean,15,0.1,cosine,15,,leaf,euclidean,42,5,0.7036,16,46,63
2026-04-17T07:57:53,audio,10,30,0.05,euclidean,15,0.1,cosine,15,,leaf,cosine,42,4,0.7172,20,55,77
2026-04-17T07:58:05,audio,10,30,0.05,correlation,15,0.1,euclidean,15,,leaf,euclidean,42,5,0.694,26,50,56
2026-04-17T07:58:05,audio,10,30,0.05,correlation,15,0.1,euclidean,15,,leaf,cosine,42,6,0.679,17,43,54
2026-04-17T07:58:05,audio,10,30,0.05,correlation,15,0.1,cosine,15,,leaf,cosine,42,6,0.679,17,43,54
2026-04-17T07:58:05,audio,10,30,0.05,correlation,15,0.1,cosine,15,,leaf,euclidean,42,5,0.694,26,50,56
2026-04-17T07:58:17,audio,10,30,0.05,cosine,15,0.1,euclidean,25,,eom,cosine,42,4,0.724,34,52,63
2026-04-17T07:58:17,audio,10,30,0.05,cosine,15,0.1,cosine,25,,eom,euclidean,42,2,0.5929,88,149,210
2026-04-17T07:58:17,audio,10,30,0.05,cosine,15,0.1,euclidean,25,,eom,euclidean,42,2,0.5929,88,149,210
2026-04-17T07:58:18,audio,10,30,0.05,cosine,15,0.1,cosine,25,,eom,cosine,42,4,0.724,34,52,63
2026-04-17T07:58:29,audio,10,30,0.05,euclidean,15,0.1,euclidean,25,,eom,euclidean,42,4,0.6653,26,47,125
2026-04-17T07:58:29,audio,10,30,0.05,euclidean,15,0.1,euclidean,25,,eom,cosine,42,3,0.724,28,81,93
2026-04-17T07:58:29,audio,10,30,0.05,euclidean,15,0.1,cosine,25,,eom,cosine,42,3,0.724,28,81,93
2026-04-17T07:58:29,audio,10,30,0.05,euclidean,15,0.1,cosine,25,,eom,euclidean,42,4,0.6653,26,47,125
2026-04-17T07:58:42,audio,10,30,0.05,correlation,15,0.1,cosine,25,,eom,euclidean,42,2,0.668,104,121,139
2026-04-17T07:58:42,audio,10,30,0.05,correlation,15,0.1,euclidean,25,,eom,euclidean,42,2,0.668,104,121,139
2026-04-17T07:58:42,audio,10,30,0.05,correlation,15,0.1,euclidean,25,,eom,cosine,42,4,0.7664,35,41,53
2026-04-17T07:58:42,audio,10,30,0.05,correlation,15,0.1,cosine,25,,eom,cosine,42,4,0.7664,35,41,53
2026-04-17T07:58:55,audio,10,30,0.05,cosine,15,0.1,cosine,25,,leaf,euclidean,42,4,0.6735,35,58,88
2026-04-17T07:58:55,audio,10,30,0.05,cosine,15,0.1,euclidean,25,,leaf,euclidean,42,4,0.6735,35,58,88
2026-04-17T07:58:55,audio,10,30,0.05,cosine,15,0.1,euclidean,25,,leaf,cosine,42,4,0.724,34,52,63
2026-04-17T07:58:54,audio,10,30,0.05,cosine,15,0.1,cosine,25,,leaf,cosine,42,4,0.724,34,52,63
2026-04-17T07:59:06,audio,10,30,0.05,euclidean,15,0.1,cosine,25,,leaf,euclidean,42,4,0.6653,26,47,125
2026-04-17T07:59:06,audio,10,30,0.05,euclidean,15,0.1,euclidean,25,,leaf,euclidean,42,4,0.6653,26,47,125
2026-04-17T07:59:07,audio,10,30,0.05,euclidean,15,0.1,euclidean,25,,leaf,cosine,42,3,0.724,28,81,93
2026-04-17T07:59:07,audio,10,30,0.05,euclidean,15,0.1,cosine,25,,leaf,cosine,42,3,0.724,28,81,93
2026-04-17T07:59:20,audio,10,30,0.05,correlation,15,0.1,euclidean,25,,leaf,euclidean,42,4,0.806,25,34,48
2026-04-17T07:59:20,audio,10,30,0.05,correlation,15,0.1,cosine,25,,leaf,euclidean,42,4,0.806,25,34,48
2026-04-17T07:59:20,audio,10,30,0.05,correlation,15,0.1,euclidean,25,,leaf,cosine,42,4,0.7664,35,41,53
2026-04-17T07:59:20,audio,10,30,0.05,correlation,15,0.1,cosine,25,,leaf,cosine,42,4,0.7664,35,41,53
2026-04-17T07:59:31,audio,15,10,0.0,cosine,15,0.1,euclidean,10,,eom,cosine,42,13,0.4016,11,20,131
2026-04-17T07:59:31,audio,15,10,0.0,cosine,15,0.1,euclidean,10,,eom,euclidean,42,2,0.015,11,360,710
2026-04-17T07:59:31,audio,15,10,0.0,cosine,15,0.1,cosine,10,,eom,euclidean,42,2,0.015,11,360,710
2026-04-17T07:59:32,audio,15,10,0.0,cosine,15,0.1,cosine,10,,eom,cosine,42,13,0.4016,11,20,131
2026-04-17T07:59:44,audio,15,10,0.0,euclidean,15,0.1,euclidean,10,,eom,euclidean,42,9,0.3893,10,31,222
2026-04-17T07:59:44,audio,15,10,0.0,euclidean,15,0.1,euclidean,10,,eom,cosine,42,10,0.3934,11,17,223
2026-04-17T07:59:44,audio,15,10,0.0,euclidean,15,0.1,cosine,10,,eom,euclidean,42,9,0.3893,10,31,222
2026-04-17T07:59:44,audio,15,10,0.0,euclidean,15,0.1,cosine,10,,eom,cosine,42,10,0.3934,11,17,223
2026-04-17T07:59:57,audio,15,10,0.0,correlation,15,0.1,cosine,10,,eom,euclidean,42,2,0.0109,11,362,713
2026-04-17T07:59:57,audio,15,10,0.0,correlation,15,0.1,euclidean,10,,eom,euclidean,42,2,0.0109,11,362,713
2026-04-17T07:59:57,audio,15,10,0.0,correlation,15,0.1,euclidean,10,,eom,cosine,42,2,0.0068,11,363,716
2026-04-17T07:59:57,audio,15,10,0.0,correlation,15,0.1,cosine,10,,eom,cosine,42,2,0.0068,11,363,716
2026-04-17T08:00:09,audio,15,10,0.0,cosine,15,0.1,euclidean,10,,leaf,cosine,42,16,0.5287,11,18,56
2026-04-17T08:00:10,audio,15,10,0.0,cosine,15,0.1,cosine,10,,leaf,cosine,42,16,0.5287,11,18,56
2026-04-17T08:00:10,audio,15,10,0.0,cosine,15,0.1,euclidean,10,,leaf,euclidean,42,16,0.5287,11,19,54
2026-04-17T08:00:10,audio,15,10,0.0,cosine,15,0.1,cosine,10,,leaf,euclidean,42,16,0.5287,11,19,54
2026-04-17T08:00:20,audio,15,10,0.0,euclidean,15,0.1,euclidean,10,,leaf,euclidean,42,15,0.5492,10,14,56
2026-04-17T08:00:20,audio,15,10,0.0,euclidean,15,0.1,euclidean,10,,leaf,cosine,42,14,0.5587,11,15,57
2026-04-17T08:00:21,audio,15,10,0.0,euclidean,15,0.1,cosine,10,,leaf,euclidean,42,15,0.5492,10,14,56
2026-04-17T08:00:21,audio,15,10,0.0,euclidean,15,0.1,cosine,10,,leaf,cosine,42,14,0.5587,11,15,57
2026-04-17T08:00:33,audio,15,10,0.0,correlation,15,0.1,euclidean,10,,leaf,euclidean,42,14,0.5246,11,17,66
2026-04-17T08:00:33,audio,15,10,0.0,correlation,15,0.1,cosine,10,,leaf,euclidean,42,14,0.5246,11,17,66
2026-04-17T08:00:33,audio,15,10,0.0,correlation,15,0.1,euclidean,10,,leaf,cosine,42,13,0.4016,10,21,124
2026-04-17T08:00:34,audio,15,10,0.0,correlation,15,0.1,cosine,10,,leaf,cosine,42,13,0.4016,10,21,124
2026-04-17T08:00:45,audio,15,10,0.0,cosine,15,0.1,euclidean,15,,eom,euclidean,42,2,0.2227,29,284,540
2026-04-17T08:00:45,audio,15,10,0.0,cosine,15,0.1,euclidean,15,,eom,cosine,42,8,0.5287,15,49,61
2026-04-17T08:00:45,audio,15,10,0.0,cosine,15,0.1,cosine,15,,eom,euclidean,42,2,0.2227,29,284,540
2026-04-17T08:00:46,audio,15,10,0.0,cosine,15,0.1,cosine,15,,eom,cosine,42,8,0.5287,15,49,61
2026-04-17T08:00:57,audio,15,10,0.0,euclidean,15,0.1,euclidean,15,,eom,euclidean,42,6,0.4358,25,33,239
2026-04-17T08:00:57,audio,15,10,0.0,euclidean,15,0.1,cosine,15,,eom,euclidean,42,6,0.4358,25,33,239
2026-04-17T08:00:58,audio,15,10,0.0,euclidean,15,0.1,euclidean,15,,eom,cosine,42,6,0.4413,27,35,230
2026-04-17T08:00:58,audio,15,10,0.0,euclidean,15,0.1,cosine,15,,eom,cosine,42,6,0.4413,27,35,230
2026-04-17T08:01:11,audio,15,10,0.0,correlation,15,0.1,euclidean,15,,eom,euclidean,42,5,0.4522,28,68,194
2026-04-17T08:01:11,audio,15,10,0.0,correlation,15,0.1,euclidean,15,,eom,cosine,42,6,0.4713,24,66,115
2026-04-17T08:01:11,audio,15,10,0.0,correlation,15,0.1,cosine,15,,eom,euclidean,42,5,0.4522,28,68,194
2026-04-17T08:01:11,audio,15,10,0.0,correlation,15,0.1,cosine,15,,eom,cosine,42,6,0.4713,24,66,115
2026-04-17T08:01:22,audio,15,10,0.0,cosine,15,0.1,euclidean,15,,leaf,cosine,42,8,0.5287,15,49,61
2026-04-17T08:01:22,audio,15,10,0.0,cosine,15,0.1,cosine,15,,leaf,euclidean,42,8,0.5328,15,47,64
2026-04-17T08:01:22,audio,15,10,0.0,cosine,15,0.1,cosine,15,,leaf,cosine,42,8,0.5287,15,49,61
2026-04-17T08:01:22,audio,15,10,0.0,cosine,15,0.1,euclidean,15,,leaf,euclidean,42,8,0.5328,15,47,64
2026-04-17T08:01:35,audio,15,10,0.0,euclidean,15,0.1,euclidean,15,,leaf,euclidean,42,8,0.6284,18,31,53
2026-04-17T08:01:35,audio,15,10,0.0,euclidean,15,0.1,euclidean,15,,leaf,cosine,42,8,0.612,19,31,57
2026-04-17T08:01:35,audio,15,10,0.0,euclidean,15,0.1,cosine,15,,leaf,cosine,42,8,0.612,19,31,57
2026-04-17T08:01:35,audio,15,10,0.0,euclidean,15,0.1,cosine,15,,leaf,euclidean,42,8,0.6284,18,31,53
2026-04-17T08:01:47,audio,15,10,0.0,correlation,15,0.1,euclidean,15,,leaf,euclidean,42,7,0.5615,19,38,76
2026-04-17T08:01:47,audio,15,10,0.0,correlation,15,0.1,euclidean,15,,leaf,cosine,42,6,0.4713,24,66,115
2026-04-17T08:01:47,audio,15,10,0.0,correlation,15,0.1,cosine,15,,leaf,euclidean,42,7,0.5615,19,38,76
2026-04-17T08:01:47,audio,15,10,0.0,correlation,15,0.1,cosine,15,,leaf,cosine,42,6,0.4713,24,66,115
2026-04-17T08:01:59,audio,15,10,0.0,cosine,15,0.1,euclidean,25,,eom,euclidean,42,5,0.6667,33,41,80
2026-04-17T08:01:59,audio,15,10,0.0,cosine,15,0.1,cosine,25,,eom,euclidean,42,5,0.6667,33,41,80
2026-04-17T08:02:00,audio,15,10,0.0,cosine,15,0.1,euclidean,25,,eom,cosine,42,5,0.6694,31,41,79
2026-04-17T08:02:00,audio,15,10,0.0,cosine,15,0.1,cosine,25,,eom,cosine,42,5,0.6694,31,41,79
2026-04-17T08:02:12,audio,15,10,0.0,euclidean,15,0.1,euclidean,25,,eom,euclidean,42,3,0.429,28,191,199
2026-04-17T08:02:12,audio,15,10,0.0,euclidean,15,0.1,cosine,25,,eom,euclidean,42,3,0.429,28,191,199
2026-04-17T08:02:12,audio,15,10,0.0,euclidean,15,0.1,euclidean,25,,eom,cosine,42,4,0.5383,31,48,210
2026-04-17T08:02:12,audio,15,10,0.0,euclidean,15,0.1,cosine,25,,eom,cosine,42,4,0.5383,31,48,210
2026-04-17T08:02:24,audio,15,10,0.0,correlation,15,0.1,cosine,25,,eom,euclidean,42,4,0.5478,47,58,168
2026-04-17T08:02:24,audio,15,10,0.0,correlation,15,0.1,cosine,25,,eom,cosine,42,5,0.5915,37,61,89
2026-04-17T08:02:24,audio,15,10,0.0,correlation,15,0.1,euclidean,25,,eom,cosine,42,5,0.5915,37,61,89
2026-04-17T08:02:24,audio,15,10,0.0,correlation,15,0.1,euclidean,25,,eom,euclidean,42,4,0.5478,47,58,168
2026-04-17T08:02:36,audio,15,10,0.0,cosine,15,0.1,euclidean,25,,leaf,euclidean,42,5,0.6667,33,41,80
2026-04-17T08:02:37,audio,15,10,0.0,cosine,15,0.1,cosine,25,,leaf,euclidean,42,5,0.6667,33,41,80
2026-04-17T08:02:37,audio,15,10,0.0,cosine,15,0.1,euclidean,25,,leaf,cosine,42,5,0.6694,31,41,79
2026-04-17T08:02:37,audio,15,10,0.0,cosine,15,0.1,cosine,25,,leaf,cosine,42,5,0.6694,31,41,79
2026-04-17T08:02:49,audio,15,10,0.0,euclidean,15,0.1,euclidean,25,,leaf,euclidean,42,5,0.6995,28,40,61
2026-04-17T08:02:49,audio,15,10,0.0,euclidean,15,0.1,euclidean,25,,leaf,cosine,42,5,0.7254,31,36,61
2026-04-17T08:02:49,audio,15,10,0.0,euclidean,15,0.1,cosine,25,,leaf,euclidean,42,5,0.6995,28,40,61
2026-04-17T08:02:49,audio,15,10,0.0,euclidean,15,0.1,cosine,25,,leaf,cosine,42,5,0.7254,31,36,61
2026-04-17T08:03:01,audio,15,10,0.0,correlation,15,0.1,euclidean,25,,leaf,euclidean,42,6,0.6407,29,41,68
2026-04-17T08:03:01,audio,15,10,0.0,correlation,15,0.1,euclidean,25,,leaf,cosine,42,5,0.5915,37,61,89
2026-04-17T08:03:01,audio,15,10,0.0,correlation,15,0.1,cosine,25,,leaf,cosine,42,5,0.5915,37,61,89
2026-04-17T08:03:01,audio,15,10,0.0,correlation,15,0.1,cosine,25,,leaf,euclidean,42,6,0.6407,29,41,68
2026-04-17T08:03:13,audio,15,10,0.05,cosine,15,0.1,cosine,10,,eom,cosine,42,3,0.1626,11,26,576
2026-04-17T08:03:14,audio,15,10,0.05,cosine,15,0.1,euclidean,10,,eom,cosine,42,3,0.1626,11,26,576
2026-04-17T08:03:14,audio,15,10,0.05,cosine,15,0.1,cosine,10,,eom,euclidean,42,2,0.0519,11,347,683
2026-04-17T08:03:14,audio,15,10,0.05,cosine,15,0.1,euclidean,10,,eom,euclidean,42,2,0.0519,11,347,683
2026-04-17T08:03:25,audio,15,10,0.05,euclidean,15,0.1,euclidean,10,,eom,euclidean,42,2,0.082,11,336,661
2026-04-17T08:03:25,audio,15,10,0.05,euclidean,15,0.1,cosine,10,,eom,euclidean,42,2,0.082,11,336,661
2026-04-17T08:03:25,audio,15,10,0.05,euclidean,15,0.1,euclidean,10,,eom,cosine,42,8,0.4249,11,34,205
2026-04-17T08:03:25,audio,15,10,0.05,euclidean,15,0.1,cosine,10,,eom,cosine,42,8,0.4249,11,34,205
2026-04-17T08:03:38,audio,15,10,0.05,correlation,15,0.1,euclidean,10,,eom,euclidean,42,2,0.0984,11,330,649
2026-04-17T08:03:38,audio,15,10,0.05,correlation,15,0.1,cosine,10,,eom,euclidean,42,2,0.0984,11,330,649
2026-04-17T08:03:38,audio,15,10,0.05,correlation,15,0.1,cosine,10,,eom,cosine,42,12,0.5068,10,22,77
2026-04-17T08:03:38,audio,15,10,0.05,correlation,15,0.1,euclidean,10,,eom,cosine,42,12,0.5068,10,22,77
2026-04-17T08:03:50,audio,15,10,0.05,cosine,15,0.1,euclidean,10,,leaf,cosine,42,15,0.597,10,15,47
2026-04-17T08:03:50,audio,15,10,0.05,cosine,15,0.1,euclidean,10,,leaf,euclidean,42,14,0.5697,10,16,53
2026-04-17T08:03:51,audio,15,10,0.05,cosine,15,0.1,cosine,10,,leaf,euclidean,42,14,0.5697,10,16,53
2026-04-17T08:03:51,audio,15,10,0.05,cosine,15,0.1,cosine,10,,leaf,cosine,42,15,0.597,10,15,47
2026-04-17T08:04:02,audio,15,10,0.05,euclidean,15,0.1,euclidean,10,,leaf,euclidean,42,13,0.5765,11,17,59
2026-04-17T08:04:02,audio,15,10,0.05,euclidean,15,0.1,cosine,10,,leaf,euclidean,42,13,0.5765,11,17,59
2026-04-17T08:04:02,audio,15,10,0.05,euclidean,15,0.1,euclidean,10,,leaf,cosine,42,12,0.5328,11,27,53
2026-04-17T08:04:02,audio,15,10,0.05,euclidean,15,0.1,cosine,10,,leaf,cosine,42,12,0.5328,11,27,53
2026-04-17T08:04:15,audio,15,10,0.05,correlation,15,0.1,euclidean,10,,leaf,euclidean,42,13,0.5383,10,21,67
2026-04-17T08:04:15,audio,15,10,0.05,correlation,15,0.1,cosine,10,,leaf,euclidean,42,13,0.5383,10,21,67
2026-04-17T08:04:15,audio,15,10,0.05,correlation,15,0.1,euclidean,10,,leaf,cosine,42,12,0.5068,10,22,77
2026-04-17T08:04:15,audio,15,10,0.05,correlation,15,0.1,cosine,10,,leaf,cosine,42,12,0.5068,10,22,77
2026-04-17T08:04:27,audio,15,10,0.05,cosine,15,0.1,euclidean,15,,eom,euclidean,42,2,0.2063,32,290,549
2026-04-17T08:04:27,audio,15,10,0.05,cosine,15,0.1,euclidean,15,,eom,cosine,42,6,0.556,24,52,89
2026-04-17T08:04:27,audio,15,10,0.05,cosine,15,0.1,cosine,15,,eom,euclidean,42,2,0.2063,32,290,549
2026-04-17T08:04:27,audio,15,10,0.05,cosine,15,0.1,cosine,15,,eom,cosine,42,6,0.556,24,52,89
2026-04-17T08:04:39,audio,15,10,0.05,euclidean,15,0.1,euclidean,15,,eom,euclidean,42,6,0.5137,25,30,192
2026-04-17T08:04:39,audio,15,10,0.05,euclidean,15,0.1,euclidean,15,,eom,cosine,42,6,0.4891,20,31,216
2026-04-17T08:04:39,audio,15,10,0.05,euclidean,15,0.1,cosine,15,,eom,euclidean,42,6,0.5137,25,30,192
2026-04-17T08:04:39,audio,15,10,0.05,euclidean,15,0.1,cosine,15,,eom,cosine,42,6,0.4891,20,31,216
2026-04-17T08:04:52,audio,15,10,0.05,correlation,15,0.1,cosine,15,,eom,euclidean,42,2,0.25,25,274,524
2026-04-17T08:04:52,audio,15,10,0.05,correlation,15,0.1,euclidean,15,,eom,euclidean,42,2,0.25,25,274,524
2026-04-17T08:04:52,audio,15,10,0.05,correlation,15,0.1,cosine,15,,eom,cosine,42,6,0.5765,24,51,93
2026-04-17T08:04:52,audio,15,10,0.05,correlation,15,0.1,euclidean,15,,eom,cosine,42,6,0.5765,24,51,93
2026-04-17T08:05:04,audio,15,10,0.05,cosine,15,0.1,euclidean,15,,leaf,euclidean,42,7,0.5984,19,42,62
2026-04-17T08:05:04,audio,15,10,0.05,cosine,15,0.1,euclidean,15,,leaf,cosine,42,6,0.556,24,52,89
2026-04-17T08:05:04,audio,15,10,0.05,cosine,15,0.1,cosine,15,,leaf,cosine,42,6,0.556,24,52,89
2026-04-17T08:05:04,audio,15,10,0.05,cosine,15,0.1,cosine,15,,leaf,euclidean,42,7,0.5984,19,42,62
2026-04-17T08:05:16,audio,15,10,0.05,euclidean,15,0.1,euclidean,15,,leaf,euclidean,42,8,0.6585,16,27,51
2026-04-17T08:05:16,audio,15,10,0.05,euclidean,15,0.1,euclidean,15,,leaf,cosine,42,8,0.653,16,29,51
2026-04-17T08:05:16,audio,15,10,0.05,euclidean,15,0.1,cosine,15,,leaf,cosine,42,8,0.653,16,29,51
2026-04-17T08:05:16,audio,15,10,0.05,euclidean,15,0.1,cosine,15,,leaf,euclidean,42,8,0.6585,16,27,51
2026-04-17T08:05:28,audio,15,10,0.05,correlation,15,0.1,cosine,15,,leaf,euclidean,42,6,0.5847,25,52,76
2026-04-17T08:05:28,audio,15,10,0.05,correlation,15,0.1,euclidean,15,,leaf,euclidean,42,6,0.5847,25,52,76
2026-04-17T08:05:28,audio,15,10,0.05,correlation,15,0.1,cosine,15,,leaf,cosine,42,6,0.5765,24,51,93
2026-04-17T08:05:28,audio,15,10,0.05,correlation,15,0.1,euclidean,15,,leaf,cosine,42,6,0.5765,24,51,93
2026-04-17T08:05:41,audio,15,10,0.05,cosine,15,0.1,euclidean,25,,eom,euclidean,42,2,0.5355,135,170,205
2026-04-17T08:05:41,audio,15,10,0.05,cosine,15,0.1,euclidean,25,,eom,cosine,42,4,0.6448,26,48,137
2026-04-17T08:05:41,audio,15,10,0.05,cosine,15,0.1,cosine,25,,eom,euclidean,42,2,0.5355,135,170,205
2026-04-17T08:05:41,audio,15,10,0.05,cosine,15,0.1,cosine,25,,eom,cosine,42,4,0.6448,26,48,137
2026-04-17T08:05:53,audio,15,10,0.05,euclidean,15,0.1,euclidean,25,,eom,cosine,42,3,0.5191,27,153,172
2026-04-17T08:05:53,audio,15,10,0.05,euclidean,15,0.1,euclidean,25,,eom,euclidean,42,3,0.4904,25,171,177
2026-04-17T08:05:53,audio,15,10,0.05,euclidean,15,0.1,cosine,25,,eom,euclidean,42,3,0.4904,25,171,177
2026-04-17T08:05:53,audio,15,10,0.05,euclidean,15,0.1,cosine,25,,eom,cosine,42,3,0.5191,27,153,172
2026-04-17T08:06:05,audio,15,10,0.05,correlation,15,0.1,cosine,25,,eom,euclidean,42,4,0.6079,33,58,137
2026-04-17T08:06:05,audio,15,10,0.05,correlation,15,0.1,euclidean,25,,eom,euclidean,42,4,0.6079,33,58,137
2026-04-17T08:06:05,audio,15,10,0.05,correlation,15,0.1,euclidean,25,,eom,cosine,42,5,0.6653,27,55,66
2026-04-17T08:06:05,audio,15,10,0.05,correlation,15,0.1,cosine,25,,eom,cosine,42,5,0.6653,27,55,66
2026-04-17T08:06:18,audio,15,10,0.05,cosine,15,0.1,euclidean,25,,leaf,cosine,42,5,0.7404,26,32,66
2026-04-17T08:06:18,audio,15,10,0.05,cosine,15,0.1,cosine,25,,leaf,euclidean,42,4,0.7664,31,44,52
2026-04-17T08:06:18,audio,15,10,0.05,cosine,15,0.1,euclidean,25,,leaf,euclidean,42,4,0.7664,31,44,52
2026-04-17T08:06:18,audio,15,10,0.05,cosine,15,0.1,cosine,25,,leaf,cosine,42,5,0.7404,26,32,66
2026-04-17T08:06:29,audio,15,10,0.05,euclidean,15,0.1,euclidean,25,,leaf,euclidean,42,4,0.597,25,49,171
2026-04-17T08:06:29,audio,15,10,0.05,euclidean,15,0.1,euclidean,25,,leaf,cosine,42,5,0.7377,27,43,46
2026-04-17T08:06:29,audio,15,10,0.05,euclidean,15,0.1,cosine,25,,leaf,euclidean,42,4,0.597,25,49,171
2026-04-17T08:06:30,audio,15,10,0.05,euclidean,15,0.1,cosine,25,,leaf,cosine,42,5,0.7377,27,43,46
2026-04-17T08:06:43,audio,15,10,0.05,correlation,15,0.1,cosine,25,,leaf,euclidean,42,5,0.6735,33,55,62
2026-04-17T08:06:43,audio,15,10,0.05,correlation,15,0.1,euclidean,25,,leaf,euclidean,42,5,0.6735,33,55,62
2026-04-17T08:06:43,audio,15,10,0.05,correlation,15,0.1,euclidean,25,,leaf,cosine,42,5,0.6653,27,55,66
2026-04-17T08:06:43,audio,15,10,0.05,correlation,15,0.1,cosine,25,,leaf,cosine,42,5,0.6653,27,55,66
2026-04-17T08:06:55,audio,15,15,0.0,cosine,15,0.1,cosine,10,,eom,euclidean,42,6,0.485,14,67,86
2026-04-17T08:06:55,audio,15,15,0.0,cosine,15,0.1,cosine,10,,eom,cosine,42,8,0.5219,13,42,83
2026-04-17T08:06:55,audio,15,15,0.0,cosine,15,0.1,euclidean,10,,eom,euclidean,42,6,0.485,14,67,86
2026-04-17T08:06:56,audio,15,15,0.0,cosine,15,0.1,euclidean,10,,eom,cosine,42,8,0.5219,13,42,83
2026-04-17T08:07:07,audio,15,15,0.0,euclidean,15,0.1,euclidean,10,,eom,cosine,42,9,0.5601,12,35,76
2026-04-17T08:07:07,audio,15,15,0.0,euclidean,15,0.1,euclidean,10,,eom,euclidean,42,10,0.5519,10,30,76
2026-04-17T08:07:07,audio,15,15,0.0,euclidean,15,0.1,cosine,10,,eom,euclidean,42,10,0.5519,10,30,76
2026-04-17T08:07:07,audio,15,15,0.0,euclidean,15,0.1,cosine,10,,eom,cosine,42,9,0.5601,12,35,76
2026-04-17T08:07:20,audio,15,15,0.0,correlation,15,0.1,cosine,10,,eom,euclidean,42,6,0.4276,16,59,190
2026-04-17T08:07:20,audio,15,15,0.0,correlation,15,0.1,euclidean,10,,eom,cosine,42,9,0.5437,10,24,88
2026-04-17T08:07:20,audio,15,15,0.0,correlation,15,0.1,euclidean,10,,eom,euclidean,42,6,0.4276,16,59,190
2026-04-17T08:07:20,audio,15,15,0.0,correlation,15,0.1,cosine,10,,eom,cosine,42,9,0.5437,10,24,88
2026-04-17T08:07:32,audio,15,15,0.0,cosine,15,0.1,euclidean,10,,leaf,euclidean,42,8,0.5287,10,41,85
2026-04-17T08:07:32,audio,15,15,0.0,cosine,15,0.1,cosine,10,,leaf,cosine,42,8,0.5219,13,42,83
2026-04-17T08:07:32,audio,15,15,0.0,cosine,15,0.1,cosine,10,,leaf,euclidean,42,8,0.5287,10,41,85
2026-04-17T08:07:32,audio,15,15,0.0,cosine,15,0.1,euclidean,10,,leaf,cosine,42,8,0.5219,13,42,83
2026-04-17T08:07:44,audio,15,15,0.0,euclidean,15,0.1,euclidean,10,,leaf,euclidean,42,11,0.6038,10,27,53
2026-04-17T08:07:45,audio,15,15,0.0,euclidean,15,0.1,euclidean,10,,leaf,cosine,42,10,0.612,12,24,53
2026-04-17T08:07:45,audio,15,15,0.0,euclidean,15,0.1,cosine,10,,leaf,euclidean,42,11,0.6038,10,27,53
2026-04-17T08:07:45,audio,15,15,0.0,euclidean,15,0.1,cosine,10,,leaf,cosine,42,10,0.612,12,24,53
2026-04-17T08:07:57,audio,15,15,0.0,correlation,15,0.1,cosine,10,,leaf,euclidean,42,12,0.6489,10,15,72
2026-04-17T08:07:58,audio,15,15,0.0,correlation,15,0.1,euclidean,10,,leaf,euclidean,42,12,0.6489,10,15,72
2026-04-17T08:07:58,audio,15,15,0.0,correlation,15,0.1,euclidean,10,,leaf,cosine,42,12,0.6134,10,16,88
2026-04-17T08:07:58,audio,15,15,0.0,correlation,15,0.1,cosine,10,,leaf,cosine,42,12,0.6134,10,16,88
2026-04-17T08:08:09,audio,15,15,0.0,cosine,15,0.1,cosine,15,,eom,euclidean,42,5,0.5697,50,63,81
2026-04-17T08:08:09,audio,15,15,0.0,cosine,15,0.1,euclidean,15,,eom,euclidean,42,5,0.5697,50,63,81
2026-04-17T08:08:09,audio,15,15,0.0,cosine,15,0.1,cosine,15,,eom,cosine,42,5,0.4727,15,61,190
2026-04-17T08:08:10,audio,15,15,0.0,cosine,15,0.1,euclidean,15,,eom,cosine,42,5,0.4727,15,61,190
2026-04-17T08:08:22,audio,15,15,0.0,euclidean,15,0.1,cosine,15,,eom,euclidean,42,5,0.5615,16,48,156
2026-04-17T08:08:22,audio,15,15,0.0,euclidean,15,0.1,euclidean,15,,eom,euclidean,42,5,0.5615,16,48,156
2026-04-17T08:08:22,audio,15,15,0.0,euclidean,15,0.1,euclidean,15,,eom,cosine,42,4,0.5314,33,60,190
2026-04-17T08:08:22,audio,15,15,0.0,euclidean,15,0.1,cosine,15,,eom,cosine,42,4,0.5314,33,60,190
2026-04-17T08:08:34,audio,15,15,0.0,correlation,15,0.1,euclidean,15,,eom,euclidean,42,5,0.5191,17,53,168
2026-04-17T08:08:34,audio,15,15,0.0,correlation,15,0.1,euclidean,15,,eom,cosine,42,6,0.5123,23,61,93
2026-04-17T08:08:34,audio,15,15,0.0,correlation,15,0.1,cosine,15,,eom,cosine,42,6,0.5123,23,61,93
2026-04-17T08:08:34,audio,15,15,0.0,correlation,15,0.1,cosine,15,,eom,euclidean,42,5,0.5191,17,53,168
2026-04-17T08:08:46,audio,15,15,0.0,cosine,15,0.1,euclidean,15,,leaf,euclidean,42,5,0.5697,50,63,81
2026-04-17T08:08:47,audio,15,15,0.0,cosine,15,0.1,euclidean,15,,leaf,cosine,42,6,0.582,15,59,79
2026-04-17T08:08:47,audio,15,15,0.0,cosine,15,0.1,cosine,15,,leaf,euclidean,42,5,0.5697,50,63,81
2026-04-17T08:08:47,audio,15,15,0.0,cosine,15,0.1,cosine,15,,leaf,cosine,42,6,0.582,15,59,79
2026-04-17T08:08:59,audio,15,15,0.0,euclidean,15,0.1,euclidean,15,,leaf,euclidean,42,7,0.6721,16,35,66
2026-04-17T08:08:59,audio,15,15,0.0,euclidean,15,0.1,euclidean,15,,leaf,cosine,42,6,0.679,18,36,69
2026-04-17T08:08:59,audio,15,15,0.0,euclidean,15,0.1,cosine,15,,leaf,euclidean,42,7,0.6721,16,35,66
2026-04-17T08:08:59,audio,15,15,0.0,euclidean,15,0.1,cosine,15,,leaf,cosine,42,6,0.679,18,36,69
2026-04-17T08:09:11,audio,15,15,0.0,correlation,15,0.1,euclidean,15,,leaf,euclidean,42,7,0.5833,17,47,62
2026-04-17T08:09:11,audio,15,15,0.0,correlation,15,0.1,euclidean,15,,leaf,cosine,42,6,0.5123,23,61,93
2026-04-17T08:09:11,audio,15,15,0.0,correlation,15,0.1,cosine,15,,leaf,cosine,42,6,0.5123,23,61,93
2026-04-17T08:09:11,audio,15,15,0.0,correlation,15,0.1,cosine,15,,leaf,euclidean,42,7,0.5833,17,47,62
2026-04-17T08:09:24,audio,15,15,0.0,cosine,15,0.1,cosine,25,,eom,euclidean,42,3,0.4904,44,148,181
2026-04-17T08:09:24,audio,15,15,0.0,cosine,15,0.1,euclidean,25,,eom,euclidean,42,3,0.4904,44,148,181
2026-04-17T08:09:24,audio,15,15,0.0,cosine,15,0.1,euclidean,25,,eom,cosine,42,3,0.4945,48,155,167
2026-04-17T08:09:24,audio,15,15,0.0,cosine,15,0.1,cosine,25,,eom,cosine,42,3,0.4945,48,155,167
2026-04-17T08:09:36,audio,15,15,0.0,euclidean,15,0.1,euclidean,25,,eom,euclidean,42,3,0.5123,29,137,191
2026-04-17T08:09:36,audio,15,15,0.0,euclidean,15,0.1,euclidean,25,,eom,cosine,42,3,0.4918,31,131,210
2026-04-17T08:09:36,audio,15,15,0.0,euclidean,15,0.1,cosine,25,,eom,cosine,42,3,0.4918,31,131,210
2026-04-17T08:09:35,audio,15,15,0.0,euclidean,15,0.1,cosine,25,,eom,euclidean,42,3,0.5123,29,137,191
2026-04-17T08:09:48,audio,15,15,0.0,correlation,15,0.1,euclidean,25,,eom,euclidean,42,3,0.4932,42,155,174
2026-04-17T08:09:48,audio,15,15,0.0,correlation,15,0.1,euclidean,25,,eom,cosine,42,3,0.5492,41,58,231
2026-04-17T08:09:49,audio,15,15,0.0,correlation,15,0.1,cosine,25,,eom,euclidean,42,3,0.4932,42,155,174
2026-04-17T08:09:49,audio,15,15,0.0,correlation,15,0.1,cosine,25,,eom,cosine,42,3,0.5492,41,58,231
2026-04-17T08:10:01,audio,15,15,0.0,cosine,15,0.1,cosine,25,,leaf,euclidean,42,5,0.653,35,45,71
2026-04-17T08:10:01,audio,15,15,0.0,cosine,15,0.1,cosine,25,,leaf,cosine,42,5,0.694,40,42,54
2026-04-17T08:10:01,audio,15,15,0.0,cosine,15,0.1,euclidean,25,,leaf,euclidean,42,5,0.653,35,45,71
2026-04-17T08:10:02,audio,15,15,0.0,cosine,15,0.1,euclidean,25,,leaf,cosine,42,5,0.694,40,42,54
2026-04-17T08:10:13,audio,15,15,0.0,euclidean,15,0.1,euclidean,25,,leaf,euclidean,42,4,0.5806,29,43,191
2026-04-17T08:10:13,audio,15,15,0.0,euclidean,15,0.1,cosine,25,,leaf,cosine,42,4,0.556,31,42,210
2026-04-17T08:10:13,audio,15,15,0.0,euclidean,15,0.1,cosine,25,,leaf,euclidean,42,4,0.5806,29,43,191
2026-04-17T08:10:13,audio,15,15,0.0,euclidean,15,0.1,euclidean,25,,leaf,cosine,42,4,0.556,31,42,210
2026-04-17T08:10:26,audio,15,15,0.0,correlation,15,0.1,cosine,25,,leaf,euclidean,42,5,0.6899,30,42,65
2026-04-17T08:10:26,audio,15,15,0.0,correlation,15,0.1,euclidean,25,,leaf,euclidean,42,5,0.6899,30,42,65
2026-04-17T08:10:26,audio,15,15,0.0,correlation,15,0.1,cosine,25,,leaf,cosine,42,5,0.6776,27,41,71
2026-04-17T08:10:26,audio,15,15,0.0,correlation,15,0.1,euclidean,25,,leaf,cosine,42,5,0.6776,27,41,71
2026-04-17T08:10:39,audio,15,15,0.05,cosine,15,0.1,euclidean,10,,eom,euclidean,42,8,0.5779,10,44,75
2026-04-17T08:10:39,audio,15,15,0.05,cosine,15,0.1,euclidean,10,,eom,cosine,42,8,0.5792,10,44,77
2026-04-17T08:10:39,audio,15,15,0.05,cosine,15,0.1,cosine,10,,eom,euclidean,42,8,0.5779,10,44,75
2026-04-17T08:10:39,audio,15,15,0.05,cosine,15,0.1,cosine,10,,eom,cosine,42,8,0.5792,10,44,77
2026-04-17T08:10:50,audio,15,15,0.05,euclidean,15,0.1,euclidean,10,,eom,euclidean,42,8,0.5765,21,28,91
2026-04-17T08:10:50,audio,15,15,0.05,euclidean,15,0.1,cosine,10,,eom,euclidean,42,8,0.5765,21,28,91
2026-04-17T08:10:50,audio,15,15,0.05,euclidean,15,0.1,euclidean,10,,eom,cosine,42,10,0.6216,10,23,65
2026-04-17T08:10:50,audio,15,15,0.05,euclidean,15,0.1,cosine,10,,eom,cosine,42,10,0.6216,10,23,65
2026-04-17T08:11:03,audio,15,15,0.05,correlation,15,0.1,euclidean,10,,eom,euclidean,42,8,0.6079,12,37,61
2026-04-17T08:11:03,audio,15,15,0.05,correlation,15,0.1,cosine,10,,eom,euclidean,42,8,0.6079,12,37,61
2026-04-17T08:11:03,audio,15,15,0.05,correlation,15,0.1,euclidean,10,,eom,cosine,42,7,0.5109,15,56,83
2026-04-17T08:11:04,audio,15,15,0.05,correlation,15,0.1,cosine,10,,eom,cosine,42,7,0.5109,15,56,83
2026-04-17T08:11:15,audio,15,15,0.05,cosine,15,0.1,euclidean,10,,leaf,euclidean,42,8,0.5779,10,44,75
2026-04-17T08:11:15,audio,15,15,0.05,cosine,15,0.1,cosine,10,,leaf,cosine,42,8,0.5792,10,44,77
2026-04-17T08:11:15,audio,15,15,0.05,cosine,15,0.1,cosine,10,,leaf,euclidean,42,8,0.5779,10,44,75
2026-04-17T08:11:15,audio,15,15,0.05,cosine,15,0.1,euclidean,10,,leaf,cosine,42,8,0.5792,10,44,77
2026-04-17T08:11:27,audio,15,15,0.05,euclidean,15,0.1,euclidean,10,,leaf,cosine,42,10,0.6216,10,23,65
2026-04-17T08:11:27,audio,15,15,0.05,euclidean,15,0.1,euclidean,10,,leaf,euclidean,42,9,0.6503,12,23,57
2026-04-17T08:11:27,audio,15,15,0.05,euclidean,15,0.1,cosine,10,,leaf,euclidean,42,9,0.6503,12,23,57
2026-04-17T08:11:28,audio,15,15,0.05,euclidean,15,0.1,cosine,10,,leaf,cosine,42,10,0.6216,10,23,65
2026-04-17T08:11:40,audio,15,15,0.05,correlation,15,0.1,euclidean,10,,leaf,euclidean,42,9,0.623,12,25,61
2026-04-17T08:11:41,audio,15,15,0.05,correlation,15,0.1,cosine,10,,leaf,euclidean,42,9,0.623,12,25,61
2026-04-17T08:11:41,audio,15,15,0.05,correlation,15,0.1,cosine,10,,leaf,cosine,42,11,0.6202,10,16,83
2026-04-17T08:11:41,audio,15,15,0.05,correlation,15,0.1,euclidean,10,,leaf,cosine,42,11,0.6202,10,16,83
2026-04-17T08:11:52,audio,15,15,0.05,cosine,15,0.1,cosine,15,,eom,euclidean,42,2,0.3634,225,233,241
2026-04-17T08:11:52,audio,15,15,0.05,cosine,15,0.1,euclidean,15,,eom,euclidean,42,2,0.3634,225,233,241
2026-04-17T08:11:53,audio,15,15,0.05,cosine,15,0.1,euclidean,15,,eom,cosine,42,5,0.5765,39,59,94
2026-04-17T08:11:53,audio,15,15,0.05,cosine,15,0.1,cosine,15,,eom,cosine,42,5,0.5765,39,59,94
2026-04-17T08:12:05,audio,15,15,0.05,euclidean,15,0.1,cosine,15,,eom,euclidean,42,4,0.5915,29,58,153
2026-04-17T08:12:05,audio,15,15,0.05,euclidean,15,0.1,euclidean,15,,eom,cosine,42,4,0.5669,29,50,187
2026-04-17T08:12:05,audio,15,15,0.05,euclidean,15,0.1,euclidean,15,,eom,euclidean,42,4,0.5915,29,58,153
2026-04-17T08:12:05,audio,15,15,0.05,euclidean,15,0.1,cosine,15,,eom,cosine,42,4,0.5669,29,50,187
2026-04-17T08:12:17,audio,15,15,0.05,correlation,15,0.1,euclidean,15,,eom,euclidean,42,4,0.5615,47,56,161
2026-04-17T08:12:17,audio,15,15,0.05,correlation,15,0.1,cosine,15,,eom,cosine,42,6,0.6311,18,46,61
2026-04-17T08:12:17,audio,15,15,0.05,correlation,15,0.1,euclidean,15,,eom,cosine,42,6,0.6311,18,46,61
2026-04-17T08:12:17,audio,15,15,0.05,correlation,15,0.1,cosine,15,,eom,euclidean,42,4,0.5615,47,56,161
2026-04-17T08:12:30,audio,15,15,0.05,cosine,15,0.1,cosine,15,,leaf,euclidean,42,5,0.5929,41,55,85
2026-04-17T08:12:30,audio,15,15,0.05,cosine,15,0.1,euclidean,15,,leaf,cosine,42,5,0.5765,39,59,94
2026-04-17T08:12:30,audio,15,15,0.05,cosine,15,0.1,euclidean,15,,leaf,euclidean,42,5,0.5929,41,55,85
2026-04-17T08:12:30,audio,15,15,0.05,cosine,15,0.1,cosine,15,,leaf,cosine,42,5,0.5765,39,59,94
2026-04-17T08:12:42,audio,15,15,0.05,euclidean,15,0.1,euclidean,15,,leaf,euclidean,42,7,0.7145,15,29,50
2026-04-17T08:12:42,audio,15,15,0.05,euclidean,15,0.1,euclidean,15,,leaf,cosine,42,5,0.6872,18,49,81
2026-04-17T08:12:42,audio,15,15,0.05,euclidean,15,0.1,cosine,15,,leaf,euclidean,42,7,0.7145,15,29,50
2026-04-17T08:12:42,audio,15,15,0.05,euclidean,15,0.1,cosine,15,,leaf,cosine,42,5,0.6872,18,49,81
2026-04-17T08:12:54,audio,15,15,0.05,correlation,15,0.1,cosine,15,,leaf,euclidean,42,6,0.6448,23,43,62
2026-04-17T08:12:54,audio,15,15,0.05,correlation,15,0.1,euclidean,15,,leaf,euclidean,42,6,0.6448,23,43,62
2026-04-17T08:12:55,audio,15,15,0.05,correlation,15,0.1,euclidean,15,,leaf,cosine,42,6,0.6311,18,46,61
2026-04-17T08:12:55,audio,15,15,0.05,correlation,15,0.1,cosine,15,,leaf,cosine,42,6,0.6311,18,46,61
2026-04-17T08:13:07,audio,15,15,0.05,cosine,15,0.1,cosine,25,,eom,euclidean,42,4,0.5888,35,48,169
2026-04-17T08:13:07,audio,15,15,0.05,cosine,15,0.1,euclidean,25,,eom,euclidean,42,4,0.5888,35,48,169
2026-04-17T08:13:07,audio,15,15,0.05,cosine,15,0.1,cosine,25,,eom,cosine,42,3,0.5615,38,139,144
2026-04-17T08:13:07,audio,15,15,0.05,cosine,15,0.1,euclidean,25,,eom,cosine,42,3,0.5615,38,139,144
2026-04-17T08:13:19,audio,15,15,0.05,euclidean,15,0.1,euclidean,25,,eom,euclidean,42,3,0.541,28,127,181
2026-04-17T08:13:19,audio,15,15,0.05,euclidean,15,0.1,euclidean,25,,eom,cosine,42,4,0.5765,25,50,184
2026-04-17T08:13:19,audio,15,15,0.05,euclidean,15,0.1,cosine,25,,eom,euclidean,42,3,0.541,28,127,181
2026-04-17T08:13:19,audio,15,15,0.05,euclidean,15,0.1,cosine,25,,eom,cosine,42,4,0.5765,25,50,184
2026-04-17T08:13:32,audio,15,15,0.05,correlation,15,0.1,euclidean,25,,eom,euclidean,42,3,0.5984,25,126,143
2026-04-17T08:13:32,audio,15,15,0.05,correlation,15,0.1,cosine,25,,eom,euclidean,42,3,0.5984,25,126,143
2026-04-17T08:13:32,audio,15,15,0.05,correlation,15,0.1,cosine,25,,eom,cosine,42,3,0.5888,38,59,204
2026-04-17T08:13:32,audio,15,15,0.05,correlation,15,0.1,euclidean,25,,eom,cosine,42,3,0.5888,38,59,204
2026-04-17T08:13:44,audio,15,15,0.05,cosine,15,0.1,euclidean,25,,leaf,euclidean,42,5,0.7227,28,39,58
2026-04-17T08:13:44,audio,15,15,0.05,cosine,15,0.1,cosine,25,,leaf,euclidean,42,5,0.7227,28,39,58
2026-04-17T08:13:44,audio,15,15,0.05,cosine,15,0.1,euclidean,25,,leaf,cosine,42,5,0.7281,34,41,44
2026-04-17T08:13:45,audio,15,15,0.05,cosine,15,0.1,cosine,25,,leaf,cosine,42,5,0.7281,34,41,44
2026-04-17T08:13:56,audio,15,15,0.05,euclidean,15,0.1,euclidean,25,,leaf,cosine,42,4,0.5765,25,50,184
2026-04-17T08:13:56,audio,15,15,0.05,euclidean,15,0.1,euclidean,25,,leaf,euclidean,42,4,0.6107,28,38,181
2026-04-17T08:13:56,audio,15,15,0.05,euclidean,15,0.1,cosine,25,,leaf,euclidean,42,4,0.6107,28,38,181
2026-04-17T08:13:56,audio,15,15,0.05,euclidean,15,0.1,cosine,25,,leaf,cosine,42,4,0.5765,25,50,184
2026-04-17T08:14:09,audio,15,15,0.05,correlation,15,0.1,cosine,25,,leaf,euclidean,42,5,0.7158,25,40,55
2026-04-17T08:14:09,audio,15,15,0.05,correlation,15,0.1,cosine,25,,leaf,cosine,42,4,0.6858,38,53,86
2026-04-17T08:14:09,audio,15,15,0.05,correlation,15,0.1,euclidean,25,,leaf,euclidean,42,5,0.7158,25,40,55
2026-04-17T08:14:09,audio,15,15,0.05,correlation,15,0.1,euclidean,25,,leaf,cosine,42,4,0.6858,38,53,86
2026-04-17T08:14:21,audio,15,30,0.0,cosine,15,0.1,euclidean,10,,eom,euclidean,42,3,0.2432,16,198,340
2026-04-17T08:14:21,audio,15,30,0.0,cosine,15,0.1,euclidean,10,,eom,cosine,42,6,0.5615,11,54,115
2026-04-17T08:14:21,audio,15,30,0.0,cosine,15,0.1,cosine,10,,eom,cosine,42,6,0.5615,11,54,115
2026-04-17T08:14:21,audio,15,30,0.0,cosine,15,0.1,cosine,10,,eom,euclidean,42,3,0.2432,16,198,340
2026-04-17T08:14:34,audio,15,30,0.0,euclidean,15,0.1,cosine,10,,eom,euclidean,42,7,0.5806,11,46,84
2026-04-17T08:14:34,audio,15,30,0.0,euclidean,15,0.1,euclidean,10,,eom,euclidean,42,7,0.5806,11,46,84
2026-04-17T08:14:34,audio,15,30,0.0,euclidean,15,0.1,euclidean,10,,eom,cosine,42,6,0.5915,22,56,72
2026-04-17T08:14:34,audio,15,30,0.0,euclidean,15,0.1,cosine,10,,eom,cosine,42,6,0.5915,22,56,72
2026-04-17T08:14:47,audio,15,30,0.0,correlation,15,0.1,euclidean,10,,eom,euclidean,42,2,0.3046,193,254,316
2026-04-17T08:14:47,audio,15,30,0.0,correlation,15,0.1,euclidean,10,,eom,cosine,42,4,0.4809,20,57,246
2026-04-17T08:14:47,audio,15,30,0.0,correlation,15,0.1,cosine,10,,eom,euclidean,42,2,0.3046,193,254,316
2026-04-17T08:14:47,audio,15,30,0.0,correlation,15,0.1,cosine,10,,eom,cosine,42,4,0.4809,20,57,246
2026-04-17T08:14:59,audio,15,30,0.0,cosine,15,0.1,cosine,10,,leaf,euclidean,42,9,0.7049,10,20,47
2026-04-17T08:14:59,audio,15,30,0.0,cosine,15,0.1,euclidean,10,,leaf,euclidean,42,9,0.7049,10,20,47
2026-04-17T08:14:59,audio,15,30,0.0,cosine,15,0.1,cosine,10,,leaf,cosine,42,7,0.6803,11,19,68
2026-04-17T08:14:59,audio,15,30,0.0,cosine,15,0.1,euclidean,10,,leaf,cosine,42,7,0.6803,11,19,68
2026-04-17T08:15:12,audio,15,30,0.0,euclidean,15,0.1,euclidean,10,,leaf,euclidean,42,8,0.612,11,29,84
2026-04-17T08:15:12,audio,15,30,0.0,euclidean,15,0.1,euclidean,10,,leaf,cosine,42,7,0.627,11,35,70
2026-04-17T08:15:12,audio,15,30,0.0,euclidean,15,0.1,cosine,10,,leaf,euclidean,42,8,0.612,11,29,84
2026-04-17T08:15:12,audio,15,30,0.0,euclidean,15,0.1,cosine,10,,leaf,cosine,42,7,0.627,11,35,70
2026-04-17T08:15:24,audio,15,30,0.0,correlation,15,0.1,cosine,10,,leaf,euclidean,42,9,0.6735,10,20,49
2026-04-17T08:15:24,audio,15,30,0.0,correlation,15,0.1,euclidean,10,,leaf,euclidean,42,9,0.6735,10,20,49
2026-04-17T08:15:24,audio,15,30,0.0,correlation,15,0.1,euclidean,10,,leaf,cosine,42,7,0.6421,14,31,83
2026-04-17T08:15:24,audio,15,30,0.0,correlation,15,0.1,cosine,10,,leaf,cosine,42,7,0.6421,14,31,83
2026-04-17T08:15:37,audio,15,30,0.0,cosine,15,0.1,euclidean,15,,eom,euclidean,42,2,0.3839,168,225,283
2026-04-17T08:15:37,audio,15,30,0.0,cosine,15,0.1,cosine,15,,eom,euclidean,42,2,0.3839,168,225,283
2026-04-17T08:15:37,audio,15,30,0.0,cosine,15,0.1,euclidean,15,,eom,cosine,42,3,0.4385,18,171,222
2026-04-17T08:15:37,audio,15,30,0.0,cosine,15,0.1,cosine,15,,eom,cosine,42,3,0.4385,18,171,222
2026-04-17T08:15:49,audio,15,30,0.0,euclidean,15,0.1,euclidean,15,,eom,euclidean,42,5,0.6148,20,55,87
2026-04-17T08:15:50,audio,15,30,0.0,euclidean,15,0.1,euclidean,15,,eom,cosine,42,3,0.5437,46,59,229
2026-04-17T08:15:50,audio,15,30,0.0,euclidean,15,0.1,cosine,15,,eom,cosine,42,3,0.5437,46,59,229
2026-04-17T08:15:50,audio,15,30,0.0,euclidean,15,0.1,cosine,15,,eom,euclidean,42,5,0.6148,20,55,87
2026-04-17T08:16:02,audio,15,30,0.0,correlation,15,0.1,cosine,15,,eom,euclidean,42,2,0.332,186,244,303
2026-04-17T08:16:02,audio,15,30,0.0,correlation,15,0.1,euclidean,15,,eom,euclidean,42,2,0.332,186,244,303
2026-04-17T08:16:02,audio,15,30,0.0,correlation,15,0.1,euclidean,15,,eom,cosine,42,3,0.444,23,157,227
2026-04-17T08:16:02,audio,15,30,0.0,correlation,15,0.1,cosine,15,,eom,cosine,42,3,0.444,23,157,227
2026-04-17T08:16:15,audio,15,30,0.0,cosine,15,0.1,euclidean,15,,leaf,euclidean,42,5,0.6954,17,42,64
2026-04-17T08:16:15,audio,15,30,0.0,cosine,15,0.1,cosine,15,,leaf,euclidean,42,5,0.6954,17,42,64
2026-04-17T08:16:15,audio,15,30,0.0,cosine,15,0.1,euclidean,15,,leaf,cosine,42,5,0.653,18,47,80
2026-04-17T08:16:15,audio,15,30,0.0,cosine,15,0.1,cosine,15,,leaf,cosine,42,5,0.653,18,47,80
2026-04-17T08:16:26,audio,15,30,0.0,euclidean,15,0.1,cosine,15,,leaf,euclidean,42,5,0.6148,20,55,87
2026-04-17T08:16:26,audio,15,30,0.0,euclidean,15,0.1,euclidean,15,,leaf,euclidean,42,5,0.6148,20,55,87
2026-04-17T08:16:27,audio,15,30,0.0,euclidean,15,0.1,euclidean,15,,leaf,cosine,42,7,0.6926,15,22,59
2026-04-17T08:16:27,audio,15,30,0.0,euclidean,15,0.1,cosine,15,,leaf,cosine,42,7,0.6926,15,22,59
2026-04-17T08:16:40,audio,15,30,0.0,correlation,15,0.1,euclidean,15,,leaf,euclidean,42,6,0.7036,18,37,52
2026-04-17T08:16:40,audio,15,30,0.0,correlation,15,0.1,euclidean,15,,leaf,cosine,42,6,0.6817,23,34,65
2026-04-17T08:16:40,audio,15,30,0.0,correlation,15,0.1,cosine,15,,leaf,euclidean,42,6,0.7036,18,37,52
2026-04-17T08:16:40,audio,15,30,0.0,correlation,15,0.1,cosine,15,,leaf,cosine,42,6,0.6817,23,34,65
2026-04-17T08:16:53,audio,15,30,0.0,cosine,15,0.1,euclidean,25,,eom,euclidean,42,2,0.4549,157,199,242
2026-04-17T08:16:53,audio,15,30,0.0,cosine,15,0.1,euclidean,25,,eom,cosine,42,3,0.6284,33,56,183
2026-04-17T08:16:53,audio,15,30,0.0,cosine,15,0.1,cosine,25,,eom,euclidean,42,2,0.4549,157,199,242
2026-04-17T08:16:53,audio,15,30,0.0,cosine,15,0.1,cosine,25,,eom,cosine,42,3,0.6284,33,56,183
2026-04-17T08:17:04,audio,15,30,0.0,euclidean,15,0.1,euclidean,25,,eom,euclidean,42,2,0.5833,130,152,175
2026-04-17T08:17:04,audio,15,30,0.0,euclidean,15,0.1,cosine,25,,eom,euclidean,42,2,0.5833,130,152,175
2026-04-17T08:17:04,audio,15,30,0.0,euclidean,15,0.1,euclidean,25,,eom,cosine,42,3,0.6544,63,74,116
2026-04-17T08:17:05,audio,15,30,0.0,euclidean,15,0.1,cosine,25,,eom,cosine,42,3,0.6544,63,74,116
2026-04-17T08:17:18,audio,15,30,0.0,correlation,15,0.1,euclidean,25,,eom,euclidean,42,2,0.4727,153,193,233
2026-04-17T08:17:18,audio,15,30,0.0,correlation,15,0.1,cosine,25,,eom,euclidean,42,2,0.4727,153,193,233
2026-04-17T08:17:18,audio,15,30,0.0,correlation,15,0.1,euclidean,25,,eom,cosine,42,2,0.5355,143,170,197
2026-04-17T08:17:18,audio,15,30,0.0,correlation,15,0.1,cosine,25,,eom,cosine,42,2,0.5355,143,170,197
2026-04-17T08:17:30,audio,15,30,0.0,cosine,15,0.1,cosine,25,,leaf,euclidean,42,4,0.6967,31,61,69
2026-04-17T08:17:30,audio,15,30,0.0,cosine,15,0.1,cosine,25,,leaf,cosine,42,4,0.7268,33,54,58
2026-04-17T08:17:30,audio,15,30,0.0,cosine,15,0.1,euclidean,25,,leaf,euclidean,42,4,0.6967,31,61,69
2026-04-17T08:17:30,audio,15,30,0.0,cosine,15,0.1,euclidean,25,,leaf,cosine,42,4,0.7268,33,54,58
2026-04-17T08:17:42,audio,15,30,0.0,euclidean,15,0.1,cosine,25,,leaf,euclidean,42,4,0.735,32,48,66
2026-04-17T08:17:42,audio,15,30,0.0,euclidean,15,0.1,euclidean,25,,leaf,euclidean,42,4,0.735,32,48,66
2026-04-17T08:17:43,audio,15,30,0.0,euclidean,15,0.1,cosine,25,,leaf,cosine,42,4,0.7117,34,51,74
2026-04-17T08:17:43,audio,15,30,0.0,euclidean,15,0.1,euclidean,25,,leaf,cosine,42,4,0.7117,34,51,74
2026-04-17T08:17:56,audio,15,30,0.0,correlation,15,0.1,cosine,25,,leaf,euclidean,42,5,0.7077,28,39,69
2026-04-17T08:17:56,audio,15,30,0.0,correlation,15,0.1,euclidean,25,,leaf,cosine,42,4,0.6585,27,40,143
2026-04-17T08:17:56,audio,15,30,0.0,correlation,15,0.1,euclidean,25,,leaf,euclidean,42,5,0.7077,28,39,69
2026-04-17T08:17:56,audio,15,30,0.0,correlation,15,0.1,cosine,25,,leaf,cosine,42,4,0.6585,27,40,143
2026-04-17T08:18:08,audio,15,30,0.05,cosine,15,0.1,euclidean,10,,eom,euclidean,42,2,0.3866,168,224,281
2026-04-17T08:18:08,audio,15,30,0.05,cosine,15,0.1,euclidean,10,,eom,cosine,42,5,0.5178,10,44,214
2026-04-17T08:18:08,audio,15,30,0.05,cosine,15,0.1,cosine,10,,eom,euclidean,42,2,0.3866,168,224,281
2026-04-17T08:18:08,audio,15,30,0.05,cosine,15,0.1,cosine,10,,eom,cosine,42,5,0.5178,10,44,214
2026-04-17T08:18:20,audio,15,30,0.05,euclidean,15,0.1,euclidean,10,,eom,euclidean,42,3,0.5068,50,65,246
2026-04-17T08:18:20,audio,15,30,0.05,euclidean,15,0.1,cosine,10,,eom,cosine,42,3,0.4672,52,66,272
2026-04-17T08:18:20,audio,15,30,0.05,euclidean,15,0.1,euclidean,10,,eom,cosine,42,3,0.4672,52,66,272
2026-04-17T08:18:21,audio,15,30,0.05,euclidean,15,0.1,cosine,10,,eom,euclidean,42,3,0.5068,50,65,246
2026-04-17T08:18:33,audio,15,30,0.05,correlation,15,0.1,cosine,10,,eom,euclidean,42,2,0.3607,179,234,289
2026-04-17T08:18:33,audio,15,30,0.05,correlation,15,0.1,euclidean,10,,eom,euclidean,42,2,0.3607,179,234,289
2026-04-17T08:18:33,audio,15,30,0.05,correlation,15,0.1,cosine,10,,eom,cosine,42,3,0.4221,44,68,311
2026-04-17T08:18:33,audio,15,30,0.05,correlation,15,0.1,euclidean,10,,eom,cosine,42,3,0.4221,44,68,311
2026-04-17T08:18:46,audio,15,30,0.05,cosine,15,0.1,euclidean,10,,leaf,euclidean,42,6,0.6899,16,36,61
2026-04-17T08:18:46,audio,15,30,0.05,cosine,15,0.1,euclidean,10,,leaf,cosine,42,8,0.6598,10,21,66
2026-04-17T08:18:46,audio,15,30,0.05,cosine,15,0.1,cosine,10,,leaf,euclidean,42,6,0.6899,16,36,61
2026-04-17T08:18:46,audio,15,30,0.05,cosine,15,0.1,cosine,10,,leaf,cosine,42,8,0.6598,10,21,66
2026-04-17T08:18:58,audio,15,30,0.05,euclidean,15,0.1,euclidean,10,,leaf,cosine,42,6,0.6243,13,57,66
2026-04-17T08:18:58,audio,15,30,0.05,euclidean,15,0.1,euclidean,10,,leaf,euclidean,42,7,0.6284,11,50,65
2026-04-17T08:18:59,audio,15,30,0.05,euclidean,15,0.1,cosine,10,,leaf,euclidean,42,7,0.6284,11,50,65
2026-04-17T08:18:59,audio,15,30,0.05,euclidean,15,0.1,cosine,10,,leaf,cosine,42,6,0.6243,13,57,66
2026-04-17T08:19:11,audio,15,30,0.05,correlation,15,0.1,cosine,10,,leaf,euclidean,42,8,0.7322,10,20,44
2026-04-17T08:19:11,audio,15,30,0.05,correlation,15,0.1,euclidean,10,,leaf,cosine,42,7,0.6421,16,36,68
2026-04-17T08:19:11,audio,15,30,0.05,correlation,15,0.1,euclidean,10,,leaf,euclidean,42,8,0.7322,10,20,44
2026-04-17T08:19:11,audio,15,30,0.05,correlation,15,0.1,cosine,10,,leaf,cosine,42,7,0.6421,16,36,68
2026-04-17T08:19:24,audio,15,30,0.05,cosine,15,0.1,cosine,15,,eom,euclidean,42,2,0.4495,153,201,250
2026-04-17T08:19:24,audio,15,30,0.05,cosine,15,0.1,euclidean,15,,eom,euclidean,42,2,0.4495,153,201,250
2026-04-17T08:19:24,audio,15,30,0.05,cosine,15,0.1,euclidean,15,,eom,cosine,42,2,0.4645,142,196,250
2026-04-17T08:19:24,audio,15,30,0.05,cosine,15,0.1,cosine,15,,eom,cosine,42,2,0.4645,142,196,250
2026-04-17T08:19:35,audio,15,30,0.05,euclidean,15,0.1,euclidean,15,,eom,euclidean,42,6,0.6762,16,33,81
2026-04-17T08:19:35,audio,15,30,0.05,euclidean,15,0.1,euclidean,15,,eom,cosine,42,3,0.541,46,52,238
2026-04-17T08:19:36,audio,15,30,0.05,euclidean,15,0.1,cosine,15,,eom,euclidean,42,6,0.6762,16,33,81
2026-04-17T08:19:36,audio,15,30,0.05,euclidean,15,0.1,cosine,15,,eom,cosine,42,3,0.541,46,52,238
2026-04-17T08:19:48,audio,15,30,0.05,correlation,15,0.1,cosine,15,,eom,euclidean,42,2,0.3893,175,223,272
2026-04-17T08:19:49,audio,15,30,0.05,correlation,15,0.1,euclidean,15,,eom,euclidean,42,2,0.3893,175,223,272
2026-04-17T08:19:49,audio,15,30,0.05,correlation,15,0.1,euclidean,15,,eom,cosine,42,3,0.485,42,59,276
2026-04-17T08:19:49,audio,15,30,0.05,correlation,15,0.1,cosine,15,,eom,cosine,42,3,0.485,42,59,276
2026-04-17T08:20:01,audio,15,30,0.05,cosine,15,0.1,cosine,15,,leaf,euclidean,42,4,0.7063,40,52,70
2026-04-17T08:20:02,audio,15,30,0.05,cosine,15,0.1,cosine,15,,leaf,cosine,42,5,0.7049,17,40,76
2026-04-17T08:20:02,audio,15,30,0.05,cosine,15,0.1,euclidean,15,,leaf,cosine,42,5,0.7049,17,40,76
2026-04-17T08:20:02,audio,15,30,0.05,cosine,15,0.1,euclidean,15,,leaf,euclidean,42,4,0.7063,40,52,70
2026-04-17T08:20:13,audio,15,30,0.05,euclidean,15,0.1,cosine,15,,leaf,euclidean,42,6,0.6762,16,33,81
2026-04-17T08:20:13,audio,15,30,0.05,euclidean,15,0.1,euclidean,15,,leaf,euclidean,42,6,0.6762,16,33,81
2026-04-17T08:20:13,audio,15,30,0.05,euclidean,15,0.1,euclidean,15,,leaf,cosine,42,5,0.6462,22,52,82
2026-04-17T08:20:13,audio,15,30,0.05,euclidean,15,0.1,cosine,15,,leaf,cosine,42,5,0.6462,22,52,82
2026-04-17T08:20:26,audio,15,30,0.05,correlation,15,0.1,cosine,15,,leaf,euclidean,42,5,0.7172,22,46,56
2026-04-17T08:20:26,audio,15,30,0.05,correlation,15,0.1,euclidean,15,,leaf,euclidean,42,5,0.7172,22,46,56
2026-04-17T08:20:27,audio,15,30,0.05,correlation,15,0.1,euclidean,15,,leaf,cosine,42,6,0.6735,16,41,59
2026-04-17T08:20:27,audio,15,30,0.05,correlation,15,0.1,cosine,15,,leaf,cosine,42,6,0.6735,16,41,59
2026-04-17T08:20:38,audio,15,30,0.05,cosine,15,0.1,euclidean,25,,eom,euclidean,42,2,0.6161,118,140,163
2026-04-17T08:20:39,audio,15,30,0.05,cosine,15,0.1,cosine,25,,eom,cosine,42,2,0.6134,119,141,164
2026-04-17T08:20:39,audio,15,30,0.05,cosine,15,0.1,euclidean,25,,eom,cosine,42,2,0.6134,119,141,164
2026-04-17T08:20:39,audio,15,30,0.05,cosine,15,0.1,cosine,25,,eom,euclidean,42,2,0.6161,118,140,163
2026-04-17T08:20:51,audio,15,30,0.05,euclidean,15,0.1,euclidean,25,,eom,cosine,42,3,0.6489,31,43,183
2026-04-17T08:20:51,audio,15,30,0.05,euclidean,15,0.1,euclidean,25,,eom,euclidean,42,3,0.6954,47,67,109
2026-04-17T08:20:51,audio,15,30,0.05,euclidean,15,0.1,cosine,25,,eom,euclidean,42,3,0.6954,47,67,109
2026-04-17T08:20:51,audio,15,30,0.05,euclidean,15,0.1,cosine,25,,eom,cosine,42,3,0.6489,31,43,183
2026-04-17T08:21:03,audio,15,30,0.05,correlation,15,0.1,euclidean,25,,eom,cosine,42,2,0.541,128,168,208
2026-04-17T08:21:03,audio,15,30,0.05,correlation,15,0.1,cosine,25,,eom,euclidean,42,2,0.5519,141,164,187
2026-04-17T08:21:04,audio,15,30,0.05,correlation,15,0.1,euclidean,25,,eom,euclidean,42,2,0.5519,141,164,187
2026-04-17T08:21:04,audio,15,30,0.05,correlation,15,0.1,cosine,25,,eom,cosine,42,2,0.541,128,168,208
2026-04-17T08:21:16,audio,15,30,0.05,cosine,15,0.1,euclidean,25,,leaf,euclidean,42,4,0.7664,29,47,48
2026-04-17T08:21:16,audio,15,30,0.05,cosine,15,0.1,cosine,25,,leaf,euclidean,42,4,0.7664,29,47,48
2026-04-17T08:21:16,audio,15,30,0.05,cosine,15,0.1,cosine,25,,leaf,cosine,42,4,0.7527,30,49,53
2026-04-17T08:21:17,audio,15,30,0.05,cosine,15,0.1,euclidean,25,,leaf,cosine,42,4,0.7527,30,49,53
2026-04-17T08:21:29,audio,15,30,0.05,euclidean,15,0.1,euclidean,25,,leaf,euclidean,42,4,0.7445,31,44,67
2026-04-17T08:21:29,audio,15,30,0.05,euclidean,15,0.1,euclidean,25,,leaf,cosine,42,4,0.7486,31,44,65
2026-04-17T08:21:29,audio,15,30,0.05,euclidean,15,0.1,cosine,25,,leaf,euclidean,42,4,0.7445,31,44,67
2026-04-17T08:21:30,audio,15,30,0.05,euclidean,15,0.1,cosine,25,,leaf,cosine,42,4,0.7486,31,44,65
2026-04-17T08:21:41,audio,15,30,0.05,correlation,15,0.1,cosine,25,,leaf,euclidean,42,5,0.7336,27,33,64
2026-04-17T08:21:41,audio,15,30,0.05,correlation,15,0.1,euclidean,25,,leaf,euclidean,42,5,0.7336,27,33,64
2026-04-17T08:21:42,audio,15,30,0.05,correlation,15,0.1,cosine,25,,leaf,cosine,42,5,0.7664,27,35,44
2026-04-17T08:21:42,audio,15,30,0.05,correlation,15,0.1,euclidean,25,,leaf,cosine,42,5,0.7664,27,35,44
2026-04-17T08:21:54,audio,20,10,0.0,cosine,15,0.1,cosine,10,,eom,euclidean,42,2,0.0232,11,357,704
2026-04-17T08:21:54,audio,20,10,0.0,cosine,15,0.1,euclidean,10,,eom,euclidean,42,2,0.0232,11,357,704
2026-04-17T08:21:54,audio,20,10,0.0,cosine,15,0.1,euclidean,10,,eom,cosine,42,14,0.3893,10,14,135
2026-04-17T08:21:54,audio,20,10,0.0,cosine,15,0.1,cosine,10,,eom,cosine,42,14,0.3893,10,14,135
2026-04-17T08:22:06,audio,20,10,0.0,euclidean,15,0.1,cosine,10,,eom,euclidean,42,2,0.0082,11,363,715
2026-04-17T08:22:06,audio,20,10,0.0,euclidean,15,0.1,euclidean,10,,eom,euclidean,42,2,0.0082,11,363,715
2026-04-17T08:22:06,audio,20,10,0.0,euclidean,15,0.1,euclidean,10,,eom,cosine,42,2,0.0109,11,362,713
2026-04-17T08:22:06,audio,20,10,0.0,euclidean,15,0.1,cosine,10,,eom,cosine,42,2,0.0109,11,362,713
2026-04-17T08:22:18,audio,20,10,0.0,correlation,15,0.1,cosine,10,,eom,euclidean,42,10,0.3921,14,34,124
2026-04-17T08:22:18,audio,20,10,0.0,correlation,15,0.1,euclidean,10,,eom,euclidean,42,10,0.3921,14,34,124
2026-04-17T08:22:18,audio,20,10,0.0,correlation,15,0.1,cosine,10,,eom,cosine,42,15,0.4836,10,18,71
2026-04-17T08:22:19,audio,20,10,0.0,correlation,15,0.1,euclidean,10,,eom,cosine,42,15,0.4836,10,18,71
2026-04-17T08:22:31,audio,20,10,0.0,cosine,15,0.1,euclidean,10,,leaf,euclidean,42,13,0.4945,11,21,61
2026-04-17T08:22:31,audio,20,10,0.0,cosine,15,0.1,cosine,10,,leaf,euclidean,42,13,0.4945,11,21,61
2026-04-17T08:22:31,audio,20,10,0.0,cosine,15,0.1,euclidean,10,,leaf,cosine,42,18,0.5779,10,13,52
2026-04-17T08:22:31,audio,20,10,0.0,cosine,15,0.1,cosine,10,,leaf,cosine,42,18,0.5779,10,13,52
2026-04-17T08:22:42,audio,20,10,0.0,euclidean,15,0.1,cosine,10,,leaf,euclidean,42,12,0.5478,11,23,63
2026-04-17T08:22:42,audio,20,10,0.0,euclidean,15,0.1,euclidean,10,,leaf,euclidean,42,12,0.5478,11,23,63
2026-04-17T08:22:42,audio,20,10,0.0,euclidean,15,0.1,cosine,10,,leaf,cosine,42,12,0.5656,10,23,71
2026-04-17T08:22:43,audio,20,10,0.0,euclidean,15,0.1,euclidean,10,,leaf,cosine,42,12,0.5656,10,23,71
2026-04-17T08:22:55,audio,20,10,0.0,correlation,15,0.1,cosine,10,,leaf,euclidean,42,14,0.582,10,20,47
2026-04-17T08:22:56,audio,20,10,0.0,correlation,15,0.1,euclidean,10,,leaf,cosine,42,16,0.5383,10,17,52
2026-04-17T08:22:56,audio,20,10,0.0,correlation,15,0.1,euclidean,10,,leaf,euclidean,42,14,0.582,10,20,47
2026-04-17T08:22:56,audio,20,10,0.0,correlation,15,0.1,cosine,10,,leaf,cosine,42,16,0.5383,10,17,52
2026-04-17T08:23:08,audio,20,10,0.0,cosine,15,0.1,euclidean,15,,eom,euclidean,42,2,0.2049,27,291,555
2026-04-17T08:23:08,audio,20,10,0.0,cosine,15,0.1,cosine,15,,eom,cosine,42,2,0.1913,29,296,563
2026-04-17T08:23:08,audio,20,10,0.0,cosine,15,0.1,cosine,15,,eom,euclidean,42,2,0.2049,27,291,555
2026-04-17T08:23:08,audio,20,10,0.0,cosine,15,0.1,euclidean,15,,eom,cosine,42,2,0.1913,29,296,563
2026-04-17T08:23:20,audio,20,10,0.0,euclidean,15,0.1,euclidean,15,,eom,cosine,42,4,0.4809,36,68,207
2026-04-17T08:23:20,audio,20,10,0.0,euclidean,15,0.1,cosine,15,,eom,euclidean,42,4,0.4645,52,68,203
2026-04-17T08:23:20,audio,20,10,0.0,euclidean,15,0.1,euclidean,15,,eom,euclidean,42,4,0.4645,52,68,203
2026-04-17T08:23:20,audio,20,10,0.0,euclidean,15,0.1,cosine,15,,eom,cosine,42,4,0.4809,36,68,207
2026-04-17T08:23:33,audio,20,10,0.0,correlation,15,0.1,euclidean,15,,eom,euclidean,42,7,0.459,17,59,103
2026-04-17T08:23:33,audio,20,10,0.0,correlation,15,0.1,cosine,15,,eom,cosine,42,7,0.4331,16,60,118
2026-04-17T08:23:33,audio,20,10,0.0,correlation,15,0.1,cosine,15,,eom,euclidean,42,7,0.459,17,59,103
2026-04-17T08:23:33,audio,20,10,0.0,correlation,15,0.1,euclidean,15,,eom,cosine,42,7,0.4331,16,60,118
2026-04-17T08:23:44,audio,20,10,0.0,cosine,15,0.1,euclidean,15,,leaf,euclidean,42,8,0.612,15,33,63
2026-04-17T08:23:44,audio,20,10,0.0,cosine,15,0.1,euclidean,15,,leaf,cosine,42,6,0.5915,24,47,100
2026-04-17T08:23:44,audio,20,10,0.0,cosine,15,0.1,cosine,15,,leaf,euclidean,42,8,0.612,15,33,63
2026-04-17T08:23:45,audio,20,10,0.0,cosine,15,0.1,cosine,15,,leaf,cosine,42,6,0.5915,24,47,100
2026-04-17T08:23:57,audio,20,10,0.0,euclidean,15,0.1,euclidean,15,,leaf,euclidean,42,7,0.6325,15,27,75
2026-04-17T08:23:57,audio,20,10,0.0,euclidean,15,0.1,cosine,15,,leaf,cosine,42,6,0.612,31,40,76
2026-04-17T08:23:57,audio,20,10,0.0,euclidean,15,0.1,cosine,15,,leaf,euclidean,42,7,0.6325,15,27,75
2026-04-17T08:23:57,audio,20,10,0.0,euclidean,15,0.1,euclidean,15,,leaf,cosine,42,6,0.612,31,40,76
2026-04-17T08:24:10,audio,20,10,0.0,correlation,15,0.1,euclidean,15,,leaf,euclidean,42,9,0.5014,15,28,103
2026-04-17T08:24:10,audio,20,10,0.0,correlation,15,0.1,cosine,15,,leaf,euclidean,42,9,0.5014,15,28,103
2026-04-17T08:24:10,audio,20,10,0.0,correlation,15,0.1,euclidean,15,,leaf,cosine,42,9,0.474,15,29,118
2026-04-17T08:24:10,audio,20,10,0.0,correlation,15,0.1,cosine,15,,leaf,cosine,42,9,0.474,15,29,118
2026-04-17T08:24:21,audio,20,10,0.0,cosine,15,0.1,euclidean,25,,eom,euclidean,42,3,0.5164,48,151,155
2026-04-17T08:24:21,audio,20,10,0.0,cosine,15,0.1,cosine,25,,eom,euclidean,42,3,0.5164,48,151,155
2026-04-17T08:24:22,audio,20,10,0.0,cosine,15,0.1,cosine,25,,eom,cosine,42,3,0.5888,46,52,203
2026-04-17T08:24:22,audio,20,10,0.0,cosine,15,0.1,euclidean,25,,eom,cosine,42,3,0.5888,46,52,203
2026-04-17T08:24:34,audio,20,10,0.0,euclidean,15,0.1,euclidean,25,,eom,euclidean,42,4,0.5232,31,54,209
2026-04-17T08:24:34,audio,20,10,0.0,euclidean,15,0.1,euclidean,25,,eom,cosine,42,4,0.5164,43,56,198
2026-04-17T08:24:34,audio,20,10,0.0,euclidean,15,0.1,cosine,25,,eom,euclidean,42,4,0.5232,31,54,209
2026-04-17T08:24:34,audio,20,10,0.0,euclidean,15,0.1,cosine,25,,eom,cosine,42,4,0.5164,43,56,198
2026-04-17T08:24:46,audio,20,10,0.0,correlation,15,0.1,euclidean,25,,eom,euclidean,42,4,0.4822,39,82,175
2026-04-17T08:24:46,audio,20,10,0.0,correlation,15,0.1,euclidean,25,,eom,cosine,42,4,0.6025,37,53,148
2026-04-17T08:24:46,audio,20,10,0.0,correlation,15,0.1,cosine,25,,eom,euclidean,42,4,0.4822,39,82,175
2026-04-17T08:24:46,audio,20,10,0.0,correlation,15,0.1,cosine,25,,eom,cosine,42,4,0.6025,37,53,148
2026-04-17T08:24:58,audio,20,10,0.0,cosine,15,0.1,cosine,25,,leaf,euclidean,42,5,0.7131,25,44,51
2026-04-17T08:24:59,audio,20,10,0.0,cosine,15,0.1,euclidean,25,,leaf,euclidean,42,5,0.7131,25,44,51
2026-04-17T08:24:59,audio,20,10,0.0,cosine,15,0.1,euclidean,25,,leaf,cosine,42,5,0.668,30,46,80
2026-04-17T08:24:59,audio,20,10,0.0,cosine,15,0.1,cosine,25,,leaf,cosine,42,5,0.668,30,46,80
2026-04-17T08:25:11,audio,20,10,0.0,euclidean,15,0.1,cosine,25,,leaf,euclidean,42,5,0.7186,31,33,57
2026-04-17T08:25:11,audio,20,10,0.0,euclidean,15,0.1,euclidean,25,,leaf,cosine,42,4,0.5164,43,56,198
2026-04-17T08:25:11,audio,20,10,0.0,euclidean,15,0.1,euclidean,25,,leaf,euclidean,42,5,0.7186,31,33,57
2026-04-17T08:25:11,audio,20,10,0.0,euclidean,15,0.1,cosine,25,,leaf,cosine,42,4,0.5164,43,56,198
2026-04-17T08:25:23,audio,20,10,0.0,correlation,15,0.1,euclidean,25,,leaf,euclidean,42,5,0.6052,31,54,99
2026-04-17T08:25:23,audio,20,10,0.0,correlation,15,0.1,cosine,25,,leaf,euclidean,42,5,0.6052,31,54,99
2026-04-17T08:25:23,audio,20,10,0.0,correlation,15,0.1,euclidean,25,,leaf,cosine,42,5,0.6749,29,49,66
2026-04-17T08:25:23,audio,20,10,0.0,correlation,15,0.1,cosine,25,,leaf,cosine,42,5,0.6749,29,49,66
2026-04-17T08:25:35,audio,20,10,0.05,cosine,15,0.1,cosine,10,,eom,euclidean,42,8,0.4713,13,42,122
2026-04-17T08:25:36,audio,20,10,0.05,cosine,15,0.1,euclidean,10,,eom,cosine,42,8,0.4522,13,40,127
2026-04-17T08:25:36,audio,20,10,0.05,cosine,15,0.1,euclidean,10,,eom,euclidean,42,8,0.4713,13,42,122
2026-04-17T08:25:36,audio,20,10,0.05,cosine,15,0.1,cosine,10,,eom,cosine,42,8,0.4522,13,40,127
2026-04-17T08:25:47,audio,20,10,0.05,euclidean,15,0.1,euclidean,10,,eom,euclidean,42,2,0.0451,11,349,688
2026-04-17T08:25:47,audio,20,10,0.05,euclidean,15,0.1,euclidean,10,,eom,cosine,42,2,0.0724,11,339,668
2026-04-17T08:25:47,audio,20,10,0.05,euclidean,15,0.1,cosine,10,,eom,euclidean,42,2,0.0451,11,349,688
2026-04-17T08:25:47,audio,20,10,0.05,euclidean,15,0.1,cosine,10,,eom,cosine,42,2,0.0724,11,339,668
2026-04-17T08:26:00,audio,20,10,0.05,correlation,15,0.1,euclidean,10,,eom,euclidean,42,12,0.5055,10,19,105
2026-04-17T08:26:00,audio,20,10,0.05,correlation,15,0.1,euclidean,10,,eom,cosine,42,12,0.4918,10,19,107
2026-04-17T08:26:00,audio,20,10,0.05,correlation,15,0.1,cosine,10,,eom,euclidean,42,12,0.5055,10,19,105
2026-04-17T08:26:00,audio,20,10,0.05,correlation,15,0.1,cosine,10,,eom,cosine,42,12,0.4918,10,19,107
2026-04-17T08:26:12,audio,20,10,0.05,cosine,15,0.1,cosine,10,,leaf,euclidean,42,9,0.4986,13,23,122
2026-04-17T08:26:12,audio,20,10,0.05,cosine,15,0.1,euclidean,10,,leaf,euclidean,42,9,0.4986,13,23,122
2026-04-17T08:26:13,audio,20,10,0.05,cosine,15,0.1,euclidean,10,,leaf,cosine,42,11,0.6339,10,21,57
2026-04-17T08:26:13,audio,20,10,0.05,cosine,15,0.1,cosine,10,,leaf,cosine,42,11,0.6339,10,21,57
2026-04-17T08:26:24,audio,20,10,0.05,euclidean,15,0.1,euclidean,10,,leaf,euclidean,42,12,0.6093,10,22,54
2026-04-17T08:26:24,audio,20,10,0.05,euclidean,15,0.1,euclidean,10,,leaf,cosine,42,11,0.6639,10,22,49
2026-04-17T08:26:24,audio,20,10,0.05,euclidean,15,0.1,cosine,10,,leaf,cosine,42,11,0.6639,10,22,49
2026-04-17T08:26:24,audio,20,10,0.05,euclidean,15,0.1,cosine,10,,leaf,euclidean,42,12,0.6093,10,22,54
2026-04-17T08:26:37,audio,20,10,0.05,correlation,15,0.1,euclidean,10,,leaf,euclidean,42,14,0.5888,10,17,52
2026-04-17T08:26:37,audio,20,10,0.05,correlation,15,0.1,euclidean,10,,leaf,cosine,42,15,0.6189,10,16,48
2026-04-17T08:26:37,audio,20,10,0.05,correlation,15,0.1,cosine,10,,leaf,cosine,42,15,0.6189,10,16,48
2026-04-17T08:26:37,audio,20,10,0.05,correlation,15,0.1,cosine,10,,leaf,euclidean,42,14,0.5888,10,17,52
2026-04-17T08:26:48,audio,20,10,0.05,cosine,15,0.1,euclidean,15,,eom,euclidean,42,5,0.6025,35,56,92
2026-04-17T08:26:49,audio,20,10,0.05,cosine,15,0.1,cosine,15,,eom,cosine,42,6,0.5656,15,53,103
2026-04-17T08:26:49,audio,20,10,0.05,cosine,15,0.1,euclidean,15,,eom,cosine,42,6,0.5656,15,53,103
2026-04-17T08:26:49,audio,20,10,0.05,cosine,15,0.1,cosine,15,,eom,euclidean,42,5,0.6025,35,56,92
2026-04-17T08:27:01,audio,20,10,0.05,euclidean,15,0.1,euclidean,15,,eom,euclidean,42,4,0.4672,39,77,197
2026-04-17T08:27:01,audio,20,10,0.05,euclidean,15,0.1,euclidean,15,,eom,cosine,42,4,0.5301,38,72,161
2026-04-17T08:27:01,audio,20,10,0.05,euclidean,15,0.1,cosine,15,,eom,euclidean,42,4,0.4672,39,77,197
2026-04-17T08:27:01,audio,20,10,0.05,euclidean,15,0.1,cosine,15,,eom,cosine,42,4,0.5301,38,72,161
2026-04-17T08:27:14,audio,20,10,0.05,correlation,15,0.1,euclidean,15,,eom,euclidean,42,2,0.2022,26,292,558
2026-04-17T08:27:14,audio,20,10,0.05,correlation,15,0.1,euclidean,15,,eom,cosine,42,2,0.2254,26,283,541
2026-04-17T08:27:14,audio,20,10,0.05,correlation,15,0.1,cosine,15,,eom,euclidean,42,2,0.2022,26,292,558
2026-04-17T08:27:14,audio,20,10,0.05,correlation,15,0.1,cosine,15,,eom,cosine,42,2,0.2254,26,283,541
2026-04-17T08:27:26,audio,20,10,0.05,cosine,15,0.1,euclidean,15,,leaf,euclidean,42,6,0.6366,15,43,92
2026-04-17T08:27:26,audio,20,10,0.05,cosine,15,0.1,cosine,15,,leaf,euclidean,42,6,0.6366,15,43,92
2026-04-17T08:27:26,audio,20,10,0.05,cosine,15,0.1,euclidean,15,,leaf,cosine,42,6,0.5656,15,53,103
2026-04-17T08:27:26,audio,20,10,0.05,cosine,15,0.1,cosine,15,,leaf,cosine,42,6,0.5656,15,53,103
2026-04-17T08:27:38,audio,20,10,0.05,euclidean,15,0.1,euclidean,15,,leaf,euclidean,42,6,0.6011,21,39,91
2026-04-17T08:27:38,audio,20,10,0.05,euclidean,15,0.1,euclidean,15,,leaf,cosine,42,7,0.6366,15,30,86
2026-04-17T08:27:38,audio,20,10,0.05,euclidean,15,0.1,cosine,15,,leaf,euclidean,42,6,0.6011,21,39,91
2026-04-17T08:27:38,audio,20,10,0.05,euclidean,15,0.1,cosine,15,,leaf,cosine,42,7,0.6366,15,30,86
2026-04-17T08:27:50,audio,20,10,0.05,correlation,15,0.1,cosine,15,,leaf,euclidean,42,6,0.5574,26,55,79
2026-04-17T08:27:50,audio,20,10,0.05,correlation,15,0.1,euclidean,15,,leaf,euclidean,42,6,0.5574,26,55,79
2026-04-17T08:27:50,audio,20,10,0.05,correlation,15,0.1,euclidean,15,,leaf,cosine,42,7,0.5697,15,50,81
2026-04-17T08:27:50,audio,20,10,0.05,correlation,15,0.1,cosine,15,,leaf,cosine,42,7,0.5697,15,50,81
2026-04-17T08:28:02,audio,20,10,0.05,cosine,15,0.1,euclidean,25,,eom,euclidean,42,3,0.582,34,121,151
2026-04-17T08:28:03,audio,20,10,0.05,cosine,15,0.1,cosine,25,,eom,euclidean,42,3,0.582,34,121,151
2026-04-17T08:28:03,audio,20,10,0.05,cosine,15,0.1,cosine,25,,eom,cosine,42,4,0.6407,33,51,128
2026-04-17T08:28:03,audio,20,10,0.05,cosine,15,0.1,euclidean,25,,eom,cosine,42,4,0.6407,33,51,128
2026-04-17T08:28:15,audio,20,10,0.05,euclidean,15,0.1,euclidean,25,,eom,euclidean,42,4,0.5697,31,48,187
2026-04-17T08:28:15,audio,20,10,0.05,euclidean,15,0.1,cosine,25,,eom,euclidean,42,4,0.5697,31,48,187
2026-04-17T08:28:15,audio,20,10,0.05,euclidean,15,0.1,euclidean,25,,eom,cosine,42,4,0.5574,32,50,191
2026-04-17T08:28:15,audio,20,10,0.05,euclidean,15,0.1,cosine,25,,eom,cosine,42,4,0.5574,32,50,191
2026-04-17T08:28:27,audio,20,10,0.05,correlation,15,0.1,cosine,25,,eom,euclidean,42,3,0.5191,48,64,240
2026-04-17T08:28:27,audio,20,10,0.05,correlation,15,0.1,euclidean,25,,eom,euclidean,42,3,0.5191,48,64,240
2026-04-17T08:28:27,audio,20,10,0.05,correlation,15,0.1,cosine,25,,eom,cosine,42,3,0.4863,48,70,258
2026-04-17T08:28:27,audio,20,10,0.05,correlation,15,0.1,euclidean,25,,eom,cosine,42,3,0.4863,48,70,258
2026-04-17T08:28:39,audio,20,10,0.05,cosine,15,0.1,euclidean,25,,leaf,euclidean,42,5,0.7131,31,40,60
2026-04-17T08:28:39,audio,20,10,0.05,cosine,15,0.1,cosine,25,,leaf,euclidean,42,5,0.7131,31,40,60
2026-04-17T08:28:40,audio,20,10,0.05,cosine,15,0.1,euclidean,25,,leaf,cosine,42,5,0.7199,31,33,69
2026-04-17T08:28:40,audio,20,10,0.05,cosine,15,0.1,cosine,25,,leaf,cosine,42,5,0.7199,31,33,69
2026-04-17T08:28:52,audio,20,10,0.05,euclidean,15,0.1,euclidean,25,,leaf,euclidean,42,5,0.7527,25,31,51
2026-04-17T08:28:52,audio,20,10,0.05,euclidean,15,0.1,cosine,25,,leaf,euclidean,42,5,0.7527,25,31,51
2026-04-17T08:28:52,audio,20,10,0.05,euclidean,15,0.1,euclidean,25,,leaf,cosine,42,4,0.5574,32,50,191
2026-04-17T08:28:52,audio,20,10,0.05,euclidean,15,0.1,cosine,25,,leaf,cosine,42,4,0.5574,32,50,191
2026-04-17T08:29:04,audio,20,10,0.05,correlation,15,0.1,euclidean,25,,leaf,euclidean,42,5,0.7117,28,39,64
2026-04-17T08:29:04,audio,20,10,0.05,correlation,15,0.1,cosine,25,,leaf,euclidean,42,5,0.7117,28,39,64
2026-04-17T08:29:04,audio,20,10,0.05,correlation,15,0.1,euclidean,25,,leaf,cosine,42,5,0.7022,27,43,70
2026-04-17T08:29:04,audio,20,10,0.05,correlation,15,0.1,cosine,25,,leaf,cosine,42,5,0.7022,27,43,70
2026-04-17T08:29:17,audio,20,15,0.0,cosine,15,0.1,cosine,10,,eom,euclidean,42,9,0.485,11,30,81
2026-04-17T08:29:17,audio,20,15,0.0,cosine,15,0.1,euclidean,10,,eom,euclidean,42,9,0.485,11,30,81
2026-04-17T08:29:17,audio,20,15,0.0,cosine,15,0.1,euclidean,10,,eom,cosine,42,11,0.4795,11,30,86
2026-04-17T08:29:17,audio,20,15,0.0,cosine,15,0.1,cosine,10,,eom,cosine,42,11,0.4795,11,30,86
2026-04-17T08:29:28,audio,20,15,0.0,euclidean,15,0.1,euclidean,10,,eom,euclidean,42,6,0.4126,10,31,275
2026-04-17T08:29:28,audio,20,15,0.0,euclidean,15,0.1,euclidean,10,,eom,cosine,42,9,0.5874,12,30,70
2026-04-17T08:29:28,audio,20,15,0.0,euclidean,15,0.1,cosine,10,,eom,euclidean,42,6,0.4126,10,31,275
2026-04-17T08:29:28,audio,20,15,0.0,euclidean,15,0.1,cosine,10,,eom,cosine,42,9,0.5874,12,30,70
2026-04-17T08:29:41,audio,20,15,0.0,correlation,15,0.1,euclidean,10,,eom,euclidean,42,8,0.4658,14,57,79
2026-04-17T08:29:41,audio,20,15,0.0,correlation,15,0.1,euclidean,10,,eom,cosine,42,9,0.4754,11,47,80
2026-04-17T08:29:41,audio,20,15,0.0,correlation,15,0.1,cosine,10,,eom,euclidean,42,8,0.4658,14,57,79
2026-04-17T08:29:41,audio,20,15,0.0,correlation,15,0.1,cosine,10,,eom,cosine,42,9,0.4754,11,47,80
2026-04-17T08:29:54,audio,20,15,0.0,cosine,15,0.1,euclidean,10,,leaf,euclidean,42,9,0.485,11,30,81
2026-04-17T08:29:54,audio,20,15,0.0,cosine,15,0.1,cosine,10,,leaf,euclidean,42,9,0.485,11,30,81
2026-04-17T08:29:54,audio,20,15,0.0,cosine,15,0.1,euclidean,10,,leaf,cosine,42,11,0.4795,11,30,86
2026-04-17T08:29:54,audio,20,15,0.0,cosine,15,0.1,cosine,10,,leaf,cosine,42,11,0.4795,11,30,86
2026-04-17T08:30:05,audio,20,15,0.0,euclidean,15,0.1,cosine,10,,leaf,euclidean,42,11,0.5574,10,28,72
2026-04-17T08:30:05,audio,20,15,0.0,euclidean,15,0.1,euclidean,10,,leaf,euclidean,42,11,0.5574,10,28,72
2026-04-17T08:30:05,audio,20,15,0.0,euclidean,15,0.1,euclidean,10,,leaf,cosine,42,9,0.5874,12,30,70
2026-04-17T08:30:06,audio,20,15,0.0,euclidean,15,0.1,cosine,10,,leaf,cosine,42,9,0.5874,12,30,70
2026-04-17T08:30:18,audio,20,15,0.0,correlation,15,0.1,euclidean,10,,leaf,euclidean,42,11,0.5956,12,20,73
2026-04-17T08:30:19,audio,20,15,0.0,correlation,15,0.1,cosine,10,,leaf,euclidean,42,11,0.5956,12,20,73
2026-04-17T08:30:19,audio,20,15,0.0,correlation,15,0.1,cosine,10,,leaf,cosine,42,12,0.6052,11,17,68
2026-04-17T08:30:19,audio,20,15,0.0,correlation,15,0.1,euclidean,10,,leaf,cosine,42,12,0.6052,11,17,68
2026-04-17T08:30:30,audio,20,15,0.0,cosine,15,0.1,cosine,15,,eom,euclidean,42,7,0.5396,18,51,74
2026-04-17T08:30:30,audio,20,15,0.0,cosine,15,0.1,euclidean,15,,eom,euclidean,42,7,0.5396,18,51,74
2026-04-17T08:30:31,audio,20,15,0.0,cosine,15,0.1,cosine,15,,eom,cosine,42,5,0.4986,27,55,169
2026-04-17T08:30:31,audio,20,15,0.0,cosine,15,0.1,euclidean,15,,eom,cosine,42,5,0.4986,27,55,169
2026-04-17T08:30:43,audio,20,15,0.0,euclidean,15,0.1,euclidean,15,,eom,euclidean,42,4,0.5219,35,50,215
2026-04-17T08:30:43,audio,20,15,0.0,euclidean,15,0.1,euclidean,15,,eom,cosine,42,6,0.6311,22,46,65
2026-04-17T08:30:43,audio,20,15,0.0,euclidean,15,0.1,cosine,15,,eom,euclidean,42,4,0.5219,35,50,215
2026-04-17T08:30:43,audio,20,15,0.0,euclidean,15,0.1,cosine,15,,eom,cosine,42,6,0.6311,22,46,65
2026-04-17T08:30:56,audio,20,15,0.0,correlation,15,0.1,euclidean,15,,eom,euclidean,42,7,0.5137,22,55,72
2026-04-17T08:30:56,audio,20,15,0.0,correlation,15,0.1,cosine,15,,eom,euclidean,42,7,0.5137,22,55,72
2026-04-17T08:30:56,audio,20,15,0.0,correlation,15,0.1,euclidean,15,,eom,cosine,42,7,0.5178,29,45,77
2026-04-17T08:30:56,audio,20,15,0.0,correlation,15,0.1,cosine,15,,eom,cosine,42,7,0.5178,29,45,77
2026-04-17T08:31:08,audio,20,15,0.0,cosine,15,0.1,cosine,15,,leaf,euclidean,42,7,0.5396,18,51,74
2026-04-17T08:31:08,audio,20,15,0.0,cosine,15,0.1,euclidean,15,,leaf,cosine,42,7,0.5669,16,51,65
2026-04-17T08:31:08,audio,20,15,0.0,cosine,15,0.1,cosine,15,,leaf,cosine,42,7,0.5669,16,51,65
2026-04-17T08:31:08,audio,20,15,0.0,cosine,15,0.1,euclidean,15,,leaf,euclidean,42,7,0.5396,18,51,74
2026-04-17T08:31:20,audio,20,15,0.0,euclidean,15,0.1,euclidean,15,,leaf,cosine,42,6,0.6311,22,46,65
2026-04-17T08:31:20,audio,20,15,0.0,euclidean,15,0.1,euclidean,15,,leaf,euclidean,42,7,0.6503,23,35,54
2026-04-17T08:31:20,audio,20,15,0.0,euclidean,15,0.1,cosine,15,,leaf,euclidean,42,7,0.6503,23,35,54
2026-04-17T08:31:21,audio,20,15,0.0,euclidean,15,0.1,cosine,15,,leaf,cosine,42,6,0.6311,22,46,65
2026-04-17T08:31:32,audio,20,15,0.0,correlation,15,0.1,euclidean,15,,leaf,euclidean,42,7,0.5137,22,55,72
2026-04-17T08:31:32,audio,20,15,0.0,correlation,15,0.1,euclidean,15,,leaf,cosine,42,7,0.5178,29,45,77
2026-04-17T08:31:33,audio,20,15,0.0,correlation,15,0.1,cosine,15,,leaf,euclidean,42,7,0.5137,22,55,72
2026-04-17T08:31:33,audio,20,15,0.0,correlation,15,0.1,cosine,15,,leaf,cosine,42,7,0.5178,29,45,77
2026-04-17T08:31:45,audio,20,15,0.0,cosine,15,0.1,cosine,25,,eom,euclidean,42,3,0.5246,43,149,156
2026-04-17T08:31:45,audio,20,15,0.0,cosine,15,0.1,euclidean,25,,eom,cosine,42,3,0.5601,34,135,153
2026-04-17T08:31:45,audio,20,15,0.0,cosine,15,0.1,euclidean,25,,eom,euclidean,42,3,0.5246,43,149,156
2026-04-17T08:31:46,audio,20,15,0.0,cosine,15,0.1,cosine,25,,eom,cosine,42,3,0.5601,34,135,153
2026-04-17T08:31:58,audio,20,15,0.0,euclidean,15,0.1,euclidean,25,,eom,euclidean,42,2,0.377,221,228,235
2026-04-17T08:31:58,audio,20,15,0.0,euclidean,15,0.1,cosine,25,,eom,cosine,42,3,0.4904,33,130,210
2026-04-17T08:31:58,audio,20,15,0.0,euclidean,15,0.1,euclidean,25,,eom,cosine,42,3,0.4904,33,130,210
2026-04-17T08:31:58,audio,20,15,0.0,euclidean,15,0.1,cosine,25,,eom,euclidean,42,2,0.377,221,228,235
2026-04-17T08:32:10,audio,20,15,0.0,correlation,15,0.1,cosine,25,,eom,euclidean,42,4,0.5833,36,59,150
2026-04-17T08:32:10,audio,20,15,0.0,correlation,15,0.1,euclidean,25,,eom,euclidean,42,4,0.5833,36,59,150
2026-04-17T08:32:10,audio,20,15,0.0,correlation,15,0.1,euclidean,25,,eom,cosine,42,3,0.5574,49,61,214
2026-04-17T08:32:10,audio,20,15,0.0,correlation,15,0.1,cosine,25,,eom,cosine,42,3,0.5574,49,61,214
2026-04-17T08:32:23,audio,20,15,0.0,cosine,15,0.1,cosine,25,,leaf,euclidean,42,5,0.6544,37,51,65
2026-04-17T08:32:23,audio,20,15,0.0,cosine,15,0.1,euclidean,25,,leaf,euclidean,42,5,0.6544,37,51,65
2026-04-17T08:32:23,audio,20,15,0.0,cosine,15,0.1,euclidean,25,,leaf,cosine,42,5,0.6954,30,47,62
2026-04-17T08:32:23,audio,20,15,0.0,cosine,15,0.1,cosine,25,,leaf,cosine,42,5,0.6954,30,47,62
2026-04-17T08:32:34,audio,20,15,0.0,euclidean,15,0.1,euclidean,25,,leaf,euclidean,42,4,0.5082,26,49,235
2026-04-17T08:32:34,audio,20,15,0.0,euclidean,15,0.1,euclidean,25,,leaf,cosine,42,5,0.7582,26,34,48
2026-04-17T08:32:34,audio,20,15,0.0,euclidean,15,0.1,cosine,25,,leaf,euclidean,42,4,0.5082,26,49,235
2026-04-17T08:32:34,audio,20,15,0.0,euclidean,15,0.1,cosine,25,,leaf,cosine,42,5,0.7582,26,34,48
2026-04-17T08:32:47,audio,20,15,0.0,correlation,15,0.1,cosine,25,,leaf,euclidean,42,5,0.6421,34,52,73
2026-04-17T08:32:47,audio,20,15,0.0,correlation,15,0.1,cosine,25,,leaf,cosine,42,5,0.653,29,49,78
2026-04-17T08:32:47,audio,20,15,0.0,correlation,15,0.1,euclidean,25,,leaf,cosine,42,5,0.653,29,49,78
2026-04-17T08:32:47,audio,20,15,0.0,correlation,15,0.1,euclidean,25,,leaf,euclidean,42,5,0.6421,34,52,73
2026-04-17T08:33:00,audio,20,15,0.05,cosine,15,0.1,cosine,10,,eom,euclidean,42,8,0.5314,15,40,76
2026-04-17T08:33:00,audio,20,15,0.05,cosine,15,0.1,euclidean,10,,eom,cosine,42,8,0.515,15,41,81
2026-04-17T08:33:00,audio,20,15,0.05,cosine,15,0.1,euclidean,10,,eom,euclidean,42,8,0.5314,15,40,76
2026-04-17T08:33:00,audio,20,15,0.05,cosine,15,0.1,cosine,10,,eom,cosine,42,8,0.515,15,41,81
2026-04-17T08:33:11,audio,20,15,0.05,euclidean,15,0.1,euclidean,10,,eom,cosine,42,7,0.5956,11,42,97
2026-04-17T08:33:11,audio,20,15,0.05,euclidean,15,0.1,euclidean,10,,eom,euclidean,42,4,0.4877,11,54,256
2026-04-17T08:33:11,audio,20,15,0.05,euclidean,15,0.1,cosine,10,,eom,euclidean,42,4,0.4877,11,54,256
2026-04-17T08:33:12,audio,20,15,0.05,euclidean,15,0.1,cosine,10,,eom,cosine,42,7,0.5956,11,42,97
2026-04-17T08:33:24,audio,20,15,0.05,correlation,15,0.1,euclidean,10,,eom,euclidean,42,2,0.1831,30,299,568
2026-04-17T08:33:25,audio,20,15,0.05,correlation,15,0.1,euclidean,10,,eom,cosine,42,7,0.4959,19,60,81
2026-04-17T08:33:25,audio,20,15,0.05,correlation,15,0.1,cosine,10,,eom,euclidean,42,2,0.1831,30,299,568
2026-04-17T08:33:25,audio,20,15,0.05,correlation,15,0.1,cosine,10,,eom,cosine,42,7,0.4959,19,60,81
2026-04-17T08:33:36,audio,20,15,0.05,cosine,15,0.1,euclidean,10,,leaf,cosine,42,8,0.515,15,41,81
2026-04-17T08:33:36,audio,20,15,0.05,cosine,15,0.1,euclidean,10,,leaf,euclidean,42,8,0.5314,15,40,76
2026-04-17T08:33:36,audio,20,15,0.05,cosine,15,0.1,cosine,10,,leaf,euclidean,42,8,0.5314,15,40,76
2026-04-17T08:33:36,audio,20,15,0.05,cosine,15,0.1,cosine,10,,leaf,cosine,42,8,0.515,15,41,81
2026-04-17T08:33:48,audio,20,15,0.05,euclidean,15,0.1,euclidean,10,,leaf,euclidean,42,9,0.6284,11,25,62
2026-04-17T08:33:49,audio,20,15,0.05,euclidean,15,0.1,cosine,10,,leaf,euclidean,42,9,0.6284,11,25,62
2026-04-17T08:33:49,audio,20,15,0.05,euclidean,15,0.1,euclidean,10,,leaf,cosine,42,9,0.6434,11,23,60
2026-04-17T08:33:49,audio,20,15,0.05,euclidean,15,0.1,cosine,10,,leaf,cosine,42,9,0.6434,11,23,60
2026-04-17T08:34:02,audio,20,15,0.05,correlation,15,0.1,euclidean,10,,leaf,euclidean,42,11,0.6516,10,17,69
2026-04-17T08:34:02,audio,20,15,0.05,correlation,15,0.1,euclidean,10,,leaf,cosine,42,8,0.5191,14,45,81
2026-04-17T08:34:02,audio,20,15,0.05,correlation,15,0.1,cosine,10,,leaf,euclidean,42,11,0.6516,10,17,69
2026-04-17T08:34:02,audio,20,15,0.05,correlation,15,0.1,cosine,10,,leaf,cosine,42,8,0.5191,14,45,81
2026-04-17T08:34:13,audio,20,15,0.05,cosine,15,0.1,euclidean,15,,eom,euclidean,42,5,0.4932,20,58,178
2026-04-17T08:34:13,audio,20,15,0.05,cosine,15,0.1,euclidean,15,,eom,cosine,42,7,0.556,19,52,67
2026-04-17T08:34:14,audio,20,15,0.05,cosine,15,0.1,cosine,15,,eom,euclidean,42,5,0.4932,20,58,178
2026-04-17T08:34:14,audio,20,15,0.05,cosine,15,0.1,cosine,15,,eom,cosine,42,7,0.556,19,52,67
2026-04-17T08:34:26,audio,20,15,0.05,euclidean,15,0.1,euclidean,15,,eom,euclidean,42,3,0.5301,47,55,242
2026-04-17T08:34:26,audio,20,15,0.05,euclidean,15,0.1,cosine,15,,eom,cosine,42,3,0.5178,50,68,235
2026-04-17T08:34:26,audio,20,15,0.05,euclidean,15,0.1,euclidean,15,,eom,cosine,42,3,0.5178,50,68,235
2026-04-17T08:34:26,audio,20,15,0.05,euclidean,15,0.1,cosine,15,,eom,euclidean,42,3,0.5301,47,55,242
2026-04-17T08:34:38,audio,20,15,0.05,correlation,15,0.1,euclidean,15,,eom,cosine,42,2,0.25,27,274,522
2026-04-17T08:34:38,audio,20,15,0.05,correlation,15,0.1,euclidean,15,,eom,euclidean,42,2,0.2664,27,268,510
2026-04-17T08:34:38,audio,20,15,0.05,correlation,15,0.1,cosine,15,,eom,euclidean,42,2,0.2664,27,268,510
2026-04-17T08:34:38,audio,20,15,0.05,correlation,15,0.1,cosine,15,,eom,cosine,42,2,0.25,27,274,522
2026-04-17T08:34:50,audio,20,15,0.05,cosine,15,0.1,euclidean,15,,leaf,euclidean,42,7,0.5697,17,49,66
2026-04-17T08:34:51,audio,20,15,0.05,cosine,15,0.1,cosine,15,,leaf,cosine,42,7,0.556,19,52,67
2026-04-17T08:34:51,audio,20,15,0.05,cosine,15,0.1,cosine,15,,leaf,euclidean,42,7,0.5697,17,49,66
2026-04-17T08:34:51,audio,20,15,0.05,cosine,15,0.1,euclidean,15,,leaf,cosine,42,7,0.556,19,52,67
2026-04-17T08:35:03,audio,20,15,0.05,euclidean,15,0.1,euclidean,15,,leaf,euclidean,42,7,0.7077,16,26,55
2026-04-17T08:35:03,audio,20,15,0.05,euclidean,15,0.1,cosine,15,,leaf,euclidean,42,7,0.7077,16,26,55
2026-04-17T08:35:03,audio,20,15,0.05,euclidean,15,0.1,euclidean,15,,leaf,cosine,42,6,0.6585,20,43,68
2026-04-17T08:35:03,audio,20,15,0.05,euclidean,15,0.1,cosine,15,,leaf,cosine,42,6,0.6585,20,43,68
2026-04-17T08:35:15,audio,20,15,0.05,correlation,15,0.1,euclidean,15,,leaf,euclidean,42,7,0.5697,16,54,74
2026-04-17T08:35:15,audio,20,15,0.05,correlation,15,0.1,cosine,15,,leaf,euclidean,42,7,0.5697,16,54,74
2026-04-17T08:35:15,audio,20,15,0.05,correlation,15,0.1,cosine,15,,leaf,cosine,42,7,0.5656,21,54,63
2026-04-17T08:35:15,audio,20,15,0.05,correlation,15,0.1,euclidean,15,,leaf,cosine,42,7,0.5656,21,54,63
2026-04-17T08:35:28,audio,20,15,0.05,cosine,15,0.1,cosine,25,,eom,euclidean,42,3,0.6079,32,125,130
2026-04-17T08:35:28,audio,20,15,0.05,cosine,15,0.1,euclidean,25,,eom,cosine,42,3,0.6161,34,115,132
2026-04-17T08:35:28,audio,20,15,0.05,cosine,15,0.1,euclidean,25,,eom,euclidean,42,3,0.6079,32,125,130
2026-04-17T08:35:28,audio,20,15,0.05,cosine,15,0.1,cosine,25,,eom,cosine,42,3,0.6161,34,115,132
2026-04-17T08:35:39,audio,20,15,0.05,euclidean,15,0.1,euclidean,25,,eom,euclidean,42,2,0.4904,179,186,194
2026-04-17T08:35:39,audio,20,15,0.05,euclidean,15,0.1,euclidean,25,,eom,cosine,42,4,0.6325,30,53,133
2026-04-17T08:35:40,audio,20,15,0.05,euclidean,15,0.1,cosine,25,,eom,cosine,42,4,0.6325,30,53,133
2026-04-17T08:35:40,audio,20,15,0.05,euclidean,15,0.1,cosine,25,,eom,euclidean,42,2,0.4904,179,186,194
2026-04-17T08:35:53,audio,20,15,0.05,correlation,15,0.1,euclidean,25,,eom,euclidean,42,3,0.6038,50,65,175
2026-04-17T08:35:53,audio,20,15,0.05,correlation,15,0.1,euclidean,25,,eom,cosine,42,3,0.5943,44,62,191
2026-04-17T08:35:53,audio,20,15,0.05,correlation,15,0.1,cosine,25,,eom,euclidean,42,3,0.6038,50,65,175
2026-04-17T08:35:53,audio,20,15,0.05,correlation,15,0.1,cosine,25,,eom,cosine,42,3,0.5943,44,62,191
2026-04-17T08:36:05,audio,20,15,0.05,cosine,15,0.1,euclidean,25,,leaf,euclidean,42,5,0.6981,32,43,56
2026-04-17T08:36:05,audio,20,15,0.05,cosine,15,0.1,euclidean,25,,leaf,cosine,42,5,0.7363,31,38,50
2026-04-17T08:36:06,audio,20,15,0.05,cosine,15,0.1,cosine,25,,leaf,cosine,42,5,0.7363,31,38,50
2026-04-17T08:36:06,audio,20,15,0.05,cosine,15,0.1,cosine,25,,leaf,euclidean,42,5,0.6981,32,43,56
2026-04-17T08:36:17,audio,20,15,0.05,euclidean,15,0.1,euclidean,25,,leaf,euclidean,42,3,0.6148,36,52,194
2026-04-17T08:36:17,audio,20,15,0.05,euclidean,15,0.1,euclidean,25,,leaf,cosine,42,5,0.6981,27,50,58
2026-04-17T08:36:17,audio,20,15,0.05,euclidean,15,0.1,cosine,25,,leaf,euclidean,42,3,0.6148,36,52,194
2026-04-17T08:36:17,audio,20,15,0.05,euclidean,15,0.1,cosine,25,,leaf,cosine,42,5,0.6981,27,50,58
2026-04-17T08:36:30,audio,20,15,0.05,correlation,15,0.1,cosine,25,,leaf,euclidean,42,4,0.7049,31,57,70
2026-04-17T08:36:30,audio,20,15,0.05,correlation,15,0.1,cosine,25,,leaf,cosine,42,4,0.7104,29,53,77
2026-04-17T08:36:30,audio,20,15,0.05,correlation,15,0.1,euclidean,25,,leaf,euclidean,42,4,0.7049,31,57,70
2026-04-17T08:36:30,audio,20,15,0.05,correlation,15,0.1,euclidean,25,,leaf,cosine,42,4,0.7104,29,53,77
2026-04-17T08:36:42,audio,20,30,0.0,cosine,15,0.1,euclidean,10,,eom,cosine,42,6,0.5929,19,56,70
2026-04-17T08:36:42,audio,20,30,0.0,cosine,15,0.1,euclidean,10,,eom,euclidean,42,6,0.5915,20,53,71
2026-04-17T08:36:42,audio,20,30,0.0,cosine,15,0.1,cosine,10,,eom,euclidean,42,6,0.5915,20,53,71
2026-04-17T08:36:42,audio,20,30,0.0,cosine,15,0.1,cosine,10,,eom,cosine,42,6,0.5929,19,56,70
2026-04-17T08:36:54,audio,20,30,0.0,euclidean,15,0.1,euclidean,10,,eom,euclidean,42,8,0.6557,12,24,55
2026-04-17T08:36:55,audio,20,30,0.0,euclidean,15,0.1,euclidean,10,,eom,cosine,42,8,0.5902,13,20,81
2026-04-17T08:36:55,audio,20,30,0.0,euclidean,15,0.1,cosine,10,,eom,euclidean,42,8,0.6557,12,24,55
2026-04-17T08:36:55,audio,20,30,0.0,euclidean,15,0.1,cosine,10,,eom,cosine,42,8,0.5902,13,20,81
2026-04-17T08:37:08,audio,20,30,0.0,correlation,15,0.1,cosine,10,,eom,euclidean,42,3,0.3197,30,187,281
2026-04-17T08:37:08,audio,20,30,0.0,correlation,15,0.1,euclidean,10,,eom,cosine,42,6,0.4495,12,28,274
2026-04-17T08:37:08,audio,20,30,0.0,correlation,15,0.1,euclidean,10,,eom,euclidean,42,3,0.3197,30,187,281
2026-04-17T08:37:08,audio,20,30,0.0,correlation,15,0.1,cosine,10,,eom,cosine,42,6,0.4495,12,28,274
2026-04-17T08:37:20,audio,20,30,0.0,cosine,15,0.1,euclidean,10,,leaf,euclidean,42,7,0.6407,12,32,69
2026-04-17T08:37:20,audio,20,30,0.0,cosine,15,0.1,euclidean,10,,leaf,cosine,42,8,0.6872,10,23,64
2026-04-17T08:37:20,audio,20,30,0.0,cosine,15,0.1,cosine,10,,leaf,euclidean,42,7,0.6407,12,32,69
2026-04-17T08:37:20,audio,20,30,0.0,cosine,15,0.1,cosine,10,,leaf,cosine,42,8,0.6872,10,23,64
2026-04-17T08:37:32,audio,20,30,0.0,euclidean,15,0.1,cosine,10,,leaf,euclidean,42,10,0.7117,12,17,55
2026-04-17T08:37:32,audio,20,30,0.0,euclidean,15,0.1,cosine,10,,leaf,cosine,42,11,0.7172,12,18,32
2026-04-17T08:37:33,audio,20,30,0.0,euclidean,15,0.1,euclidean,10,,leaf,cosine,42,11,0.7172,12,18,32
2026-04-17T08:37:33,audio,20,30,0.0,euclidean,15,0.1,euclidean,10,,leaf,euclidean,42,10,0.7117,12,17,55
2026-04-17T08:37:45,audio,20,30,0.0,correlation,15,0.1,cosine,10,,leaf,euclidean,42,9,0.6284,11,34,54
2026-04-17T08:37:45,audio,20,30,0.0,correlation,15,0.1,euclidean,10,,leaf,euclidean,42,9,0.6284,11,34,54
2026-04-17T08:37:45,audio,20,30,0.0,correlation,15,0.1,euclidean,10,,leaf,cosine,42,9,0.6434,12,28,52
2026-04-17T08:37:45,audio,20,30,0.0,correlation,15,0.1,cosine,10,,leaf,cosine,42,9,0.6434,12,28,52
2026-04-17T08:37:58,audio,20,30,0.0,cosine,15,0.1,euclidean,15,,eom,euclidean,42,4,0.5587,36,62,163
2026-04-17T08:37:58,audio,20,30,0.0,cosine,15,0.1,cosine,15,,eom,euclidean,42,4,0.5587,36,62,163
2026-04-17T08:37:58,audio,20,30,0.0,cosine,15,0.1,euclidean,15,,eom,cosine,42,4,0.5383,35,69,164
2026-04-17T08:37:58,audio,20,30,0.0,cosine,15,0.1,cosine,15,,eom,cosine,42,4,0.5383,35,69,164
2026-04-17T08:38:10,audio,20,30,0.0,euclidean,15,0.1,euclidean,15,,eom,euclidean,42,4,0.6298,44,54,118
2026-04-17T08:38:10,audio,20,30,0.0,euclidean,15,0.1,cosine,15,,eom,euclidean,42,4,0.6298,44,54,118
2026-04-17T08:38:10,audio,20,30,0.0,euclidean,15,0.1,euclidean,15,,eom,cosine,42,4,0.6284,48,53,118
2026-04-17T08:38:11,audio,20,30,0.0,euclidean,15,0.1,cosine,15,,eom,cosine,42,4,0.6284,48,53,118
2026-04-17T08:38:22,audio,20,30,0.0,correlation,15,0.1,euclidean,15,,eom,euclidean,42,2,0.3675,20,231,443
2026-04-17T08:38:22,audio,20,30,0.0,correlation,15,0.1,cosine,15,,eom,euclidean,42,2,0.3675,20,231,443
2026-04-17T08:38:23,audio,20,30,0.0,correlation,15,0.1,euclidean,15,,eom,cosine,42,7,0.6339,18,36,74
2026-04-17T08:38:23,audio,20,30,0.0,correlation,15,0.1,cosine,15,,eom,cosine,42,7,0.6339,18,36,74
2026-04-17T08:38:35,audio,20,30,0.0,cosine,15,0.1,euclidean,15,,leaf,euclidean,42,6,0.6489,17,40,77
2026-04-17T08:38:35,audio,20,30,0.0,cosine,15,0.1,cosine,15,,leaf,euclidean,42,6,0.6489,17,40,77
2026-04-17T08:38:35,audio,20,30,0.0,cosine,15,0.1,euclidean,15,,leaf,cosine,42,6,0.6325,16,40,88
2026-04-17T08:38:35,audio,20,30,0.0,cosine,15,0.1,cosine,15,,leaf,cosine,42,6,0.6325,16,40,88
2026-04-17T08:38:47,audio,20,30,0.0,euclidean,15,0.1,euclidean,15,,leaf,euclidean,42,4,0.6298,44,54,118
2026-04-17T08:38:47,audio,20,30,0.0,euclidean,15,0.1,euclidean,15,,leaf,cosine,42,4,0.6284,48,53,118
2026-04-17T08:38:47,audio,20,30,0.0,euclidean,15,0.1,cosine,15,,leaf,cosine,42,4,0.6284,48,53,118
2026-04-17T08:38:47,audio,20,30,0.0,euclidean,15,0.1,cosine,15,,leaf,euclidean,42,4,0.6298,44,54,118
2026-04-17T08:39:00,audio,20,30,0.0,correlation,15,0.1,cosine,15,,leaf,euclidean,42,7,0.6421,17,39,74
2026-04-17T08:39:00,audio,20,30,0.0,correlation,15,0.1,euclidean,15,,leaf,euclidean,42,7,0.6421,17,39,74
2026-04-17T08:39:00,audio,20,30,0.0,correlation,15,0.1,cosine,15,,leaf,cosine,42,7,0.6339,18,36,74
2026-04-17T08:39:00,audio,20,30,0.0,correlation,15,0.1,euclidean,15,,leaf,cosine,42,7,0.6339,18,36,74
2026-04-17T08:39:13,audio,20,30,0.0,cosine,15,0.1,euclidean,25,,eom,euclidean,42,2,0.6216,118,138,159
2026-04-17T08:39:13,audio,20,30,0.0,cosine,15,0.1,euclidean,25,,eom,cosine,42,3,0.6899,33,61,133
2026-04-17T08:39:13,audio,20,30,0.0,cosine,15,0.1,cosine,25,,eom,euclidean,42,2,0.6216,118,138,159
2026-04-17T08:39:13,audio,20,30,0.0,cosine,15,0.1,cosine,25,,eom,cosine,42,3,0.6899,33,61,133
2026-04-17T08:39:25,audio,20,30,0.0,euclidean,15,0.1,euclidean,25,,eom,euclidean,42,3,0.6749,38,49,151
2026-04-17T08:39:25,audio,20,30,0.0,euclidean,15,0.1,euclidean,25,,eom,cosine,42,4,0.6749,42,51,94
2026-04-17T08:39:25,audio,20,30,0.0,euclidean,15,0.1,cosine,25,,eom,euclidean,42,3,0.6749,38,49,151
2026-04-17T08:39:25,audio,20,30,0.0,euclidean,15,0.1,cosine,25,,eom,cosine,42,4,0.6749,42,51,94
2026-04-17T08:39:38,audio,20,30,0.0,correlation,15,0.1,cosine,25,,eom,euclidean,42,4,0.6025,31,58,144
2026-04-17T08:39:38,audio,20,30,0.0,correlation,15,0.1,euclidean,25,,eom,euclidean,42,4,0.6025,31,58,144
2026-04-17T08:39:38,audio,20,30,0.0,correlation,15,0.1,cosine,25,,eom,cosine,42,4,0.6421,27,55,125
2026-04-17T08:39:38,audio,20,30,0.0,correlation,15,0.1,euclidean,25,,eom,cosine,42,4,0.6421,27,55,125
2026-04-17T08:39:50,audio,20,30,0.0,cosine,15,0.1,euclidean,25,,leaf,euclidean,42,4,0.7719,27,40,60
2026-04-17T08:39:50,audio,20,30,0.0,cosine,15,0.1,cosine,25,,leaf,cosine,42,4,0.7691,27,40,61
2026-04-17T08:39:50,audio,20,30,0.0,cosine,15,0.1,cosine,25,,leaf,euclidean,42,4,0.7719,27,40,60
2026-04-17T08:39:50,audio,20,30,0.0,cosine,15,0.1,euclidean,25,,leaf,cosine,42,4,0.7691,27,40,61
2026-04-17T08:40:02,audio,20,30,0.0,euclidean,15,0.1,euclidean,25,,leaf,euclidean,42,3,0.6749,38,49,151
2026-04-17T08:40:03,audio,20,30,0.0,euclidean,15,0.1,euclidean,25,,leaf,cosine,42,4,0.6749,42,51,94
2026-04-17T08:40:03,audio,20,30,0.0,euclidean,15,0.1,cosine,25,,leaf,euclidean,42,3,0.6749,38,49,151
2026-04-17T08:40:03,audio,20,30,0.0,euclidean,15,0.1,cosine,25,,leaf,cosine,42,4,0.6749,42,51,94
2026-04-17T08:40:16,audio,20,30,0.0,correlation,15,0.1,cosine,25,,leaf,euclidean,42,5,0.6571,31,44,72
2026-04-17T08:40:16,audio,20,30,0.0,correlation,15,0.1,euclidean,25,,leaf,cosine,42,5,0.6899,27,39,71
2026-04-17T08:40:16,audio,20,30,0.0,correlation,15,0.1,euclidean,25,,leaf,euclidean,42,5,0.6571,31,44,72
2026-04-17T08:40:16,audio,20,30,0.0,correlation,15,0.1,cosine,25,,leaf,cosine,42,5,0.6899,27,39,71
2026-04-17T08:40:28,audio,20,30,0.05,cosine,15,0.1,euclidean,10,,eom,euclidean,42,6,0.6284,16,48,66
2026-04-17T08:40:28,audio,20,30,0.05,cosine,15,0.1,cosine,10,,eom,euclidean,42,6,0.6284,16,48,66
2026-04-17T08:40:28,audio,20,30,0.05,cosine,15,0.1,euclidean,10,,eom,cosine,42,5,0.6134,15,61,93
2026-04-17T08:40:28,audio,20,30,0.05,cosine,15,0.1,cosine,10,,eom,cosine,42,5,0.6134,15,61,93
2026-04-17T08:40:40,audio,20,30,0.05,euclidean,15,0.1,euclidean,10,,eom,cosine,42,7,0.6776,12,21,62
2026-04-17T08:40:40,audio,20,30,0.05,euclidean,15,0.1,euclidean,10,,eom,euclidean,42,7,0.6489,11,26,83
2026-04-17T08:40:41,audio,20,30,0.05,euclidean,15,0.1,cosine,10,,eom,cosine,42,7,0.6776,12,21,62
2026-04-17T08:40:41,audio,20,30,0.05,euclidean,15,0.1,cosine,10,,eom,euclidean,42,7,0.6489,11,26,83
2026-04-17T08:40:53,audio,20,30,0.05,correlation,15,0.1,euclidean,10,,eom,euclidean,42,2,0.3183,22,249,477
2026-04-17T08:40:53,audio,20,30,0.05,correlation,15,0.1,cosine,10,,eom,cosine,42,2,0.2623,28,270,512
2026-04-17T08:40:53,audio,20,30,0.05,correlation,15,0.1,cosine,10,,eom,euclidean,42,2,0.3183,22,249,477
2026-04-17T08:40:53,audio,20,30,0.05,correlation,15,0.1,euclidean,10,,eom,cosine,42,2,0.2623,28,270,512
2026-04-17T08:41:06,audio,20,30,0.05,cosine,15,0.1,euclidean,10,,leaf,euclidean,42,6,0.6284,16,48,66
2026-04-17T08:41:06,audio,20,30,0.05,cosine,15,0.1,cosine,10,,leaf,euclidean,42,6,0.6284,16,48,66
2026-04-17T08:41:06,audio,20,30,0.05,cosine,15,0.1,cosine,10,,leaf,cosine,42,7,0.7199,10,17,61
2026-04-17T08:41:06,audio,20,30,0.05,cosine,15,0.1,euclidean,10,,leaf,cosine,42,7,0.7199,10,17,61
2026-04-17T08:41:18,audio,20,30,0.05,euclidean,15,0.1,euclidean,10,,leaf,cosine,42,9,0.7637,10,15,53
2026-04-17T08:41:18,audio,20,30,0.05,euclidean,15,0.1,euclidean,10,,leaf,euclidean,42,10,0.7281,10,17,53
2026-04-17T08:41:18,audio,20,30,0.05,euclidean,15,0.1,cosine,10,,leaf,euclidean,42,10,0.7281,10,17,53
2026-04-17T08:41:18,audio,20,30,0.05,euclidean,15,0.1,cosine,10,,leaf,cosine,42,9,0.7637,10,15,53
2026-04-17T08:41:31,audio,20,30,0.05,correlation,15,0.1,euclidean,10,,leaf,cosine,42,8,0.6298,10,34,62
2026-04-17T08:41:31,audio,20,30,0.05,correlation,15,0.1,cosine,10,,leaf,euclidean,42,7,0.6598,12,40,61
2026-04-17T08:41:31,audio,20,30,0.05,correlation,15,0.1,euclidean,10,,leaf,euclidean,42,7,0.6598,12,40,61
2026-04-17T08:41:31,audio,20,30,0.05,correlation,15,0.1,cosine,10,,leaf,cosine,42,8,0.6298,10,34,62
2026-04-17T08:41:43,audio,20,30,0.05,cosine,15,0.1,euclidean,15,,eom,euclidean,42,5,0.6066,15,54,129
2026-04-17T08:41:44,audio,20,30,0.05,cosine,15,0.1,euclidean,15,,eom,cosine,42,2,0.5178,55,176,298
2026-04-17T08:41:44,audio,20,30,0.05,cosine,15,0.1,cosine,15,,eom,cosine,42,2,0.5178,55,176,298
2026-04-17T08:41:44,audio,20,30,0.05,cosine,15,0.1,cosine,15,,eom,euclidean,42,5,0.6066,15,54,129
2026-04-17T08:41:55,audio,20,30,0.05,euclidean,15,0.1,euclidean,15,,eom,euclidean,42,4,0.6913,28,43,112
2026-04-17T08:41:55,audio,20,30,0.05,euclidean,15,0.1,cosine,15,,eom,cosine,42,4,0.6872,32,42,113
2026-04-17T08:41:55,audio,20,30,0.05,euclidean,15,0.1,cosine,15,,eom,euclidean,42,4,0.6913,28,43,112
2026-04-17T08:41:55,audio,20,30,0.05,euclidean,15,0.1,euclidean,15,,eom,cosine,42,4,0.6872,32,42,113
2026-04-17T08:42:08,audio,20,30,0.05,correlation,15,0.1,euclidean,15,,eom,euclidean,42,2,0.3948,17,221,426
2026-04-17T08:42:09,audio,20,30,0.05,correlation,15,0.1,euclidean,15,,eom,cosine,42,2,0.4454,15,203,391
2026-04-17T08:42:09,audio,20,30,0.05,correlation,15,0.1,cosine,15,,eom,euclidean,42,2,0.3948,17,221,426
2026-04-17T08:42:09,audio,20,30,0.05,correlation,15,0.1,cosine,15,,eom,cosine,42,2,0.4454,15,203,391
2026-04-17T08:42:22,audio,20,30,0.05,cosine,15,0.1,euclidean,15,,leaf,euclidean,42,6,0.6708,15,42,56
2026-04-17T08:42:22,audio,20,30,0.05,cosine,15,0.1,cosine,15,,leaf,euclidean,42,6,0.6708,15,42,56
2026-04-17T08:42:22,audio,20,30,0.05,cosine,15,0.1,euclidean,15,,leaf,cosine,42,5,0.7186,23,37,57
2026-04-17T08:42:22,audio,20,30,0.05,cosine,15,0.1,cosine,15,,leaf,cosine,42,5,0.7186,23,37,57
2026-04-17T08:42:33,audio,20,30,0.05,euclidean,15,0.1,euclidean,15,,leaf,euclidean,42,4,0.6913,28,43,112
2026-04-17T08:42:33,audio,20,30,0.05,euclidean,15,0.1,euclidean,15,,leaf,cosine,42,4,0.6872,32,42,113
2026-04-17T08:42:33,audio,20,30,0.05,euclidean,15,0.1,cosine,15,,leaf,euclidean,42,4,0.6913,28,43,112
2026-04-17T08:42:34,audio,20,30,0.05,euclidean,15,0.1,cosine,15,,leaf,cosine,42,4,0.6872,32,42,113
2026-04-17T08:42:46,audio,20,30,0.05,correlation,15,0.1,cosine,15,,leaf,euclidean,42,6,0.6749,16,37,80
2026-04-17T08:42:46,audio,20,30,0.05,correlation,15,0.1,euclidean,15,,leaf,euclidean,42,6,0.6749,16,37,80
2026-04-17T08:42:47,audio,20,30,0.05,correlation,15,0.1,euclidean,15,,leaf,cosine,42,6,0.6762,15,42,71
2026-04-17T08:42:47,audio,20,30,0.05,correlation,15,0.1,cosine,15,,leaf,cosine,42,6,0.6762,15,42,71
2026-04-17T08:42:58,audio,20,30,0.05,cosine,15,0.1,cosine,25,,eom,euclidean,42,2,0.6557,112,126,140
2026-04-17T08:42:58,audio,20,30,0.05,cosine,15,0.1,euclidean,25,,eom,euclidean,42,2,0.6557,112,126,140
2026-04-17T08:42:59,audio,20,30,0.05,cosine,15,0.1,euclidean,25,,eom,cosine,42,2,0.6749,54,119,184
2026-04-17T08:42:59,audio,20,30,0.05,cosine,15,0.1,cosine,25,,eom,cosine,42,2,0.6749,54,119,184
2026-04-17T08:43:11,audio,20,30,0.05,euclidean,15,0.1,euclidean,25,,eom,euclidean,42,4,0.75,28,43,69
2026-04-17T08:43:11,audio,20,30,0.05,euclidean,15,0.1,euclidean,25,,eom,cosine,42,3,0.7158,52,78,78
2026-04-17T08:43:11,audio,20,30,0.05,euclidean,15,0.1,cosine,25,,eom,euclidean,42,4,0.75,28,43,69
2026-04-17T08:43:11,audio,20,30,0.05,euclidean,15,0.1,cosine,25,,eom,cosine,42,3,0.7158,52,78,78
2026-04-17T08:43:24,audio,20,30,0.05,correlation,15,0.1,euclidean,25,,eom,euclidean,42,3,0.6612,39,67,142
2026-04-17T08:43:24,audio,20,30,0.05,correlation,15,0.1,euclidean,25,,eom,cosine,42,3,0.6298,39,72,160
2026-04-17T08:43:24,audio,20,30,0.05,correlation,15,0.1,cosine,25,,eom,cosine,42,3,0.6298,39,72,160
2026-04-17T08:43:24,audio,20,30,0.05,correlation,15,0.1,cosine,25,,eom,euclidean,42,3,0.6612,39,67,142
2026-04-17T08:43:36,audio,20,30,0.05,cosine,15,0.1,euclidean,25,,leaf,euclidean,42,4,0.7514,28,51,52
2026-04-17T08:43:36,audio,20,30,0.05,cosine,15,0.1,euclidean,25,,leaf,cosine,42,4,0.7582,25,49,54
2026-04-17T08:43:36,audio,20,30,0.05,cosine,15,0.1,cosine,25,,leaf,euclidean,42,4,0.7514,28,51,52
2026-04-17T08:43:36,audio,20,30,0.05,cosine,15,0.1,cosine,25,,leaf,cosine,42,4,0.7582,25,49,54
2026-04-17T08:43:49,audio,20,30,0.05,euclidean,15,0.1,euclidean,25,,leaf,euclidean,42,4,0.75,28,43,69
2026-04-17T08:43:49,audio,20,30,0.05,euclidean,15,0.1,euclidean,25,,leaf,cosine,42,3,0.7158,52,78,78
2026-04-17T08:43:49,audio,20,30,0.05,euclidean,15,0.1,cosine,25,,leaf,euclidean,42,4,0.75,28,43,69
2026-04-17T08:43:49,audio,20,30,0.05,euclidean,15,0.1,cosine,25,,leaf,cosine,42,3,0.7158,52,78,78
2026-04-17T08:44:01,audio,20,30,0.05,correlation,15,0.1,euclidean,25,,leaf,euclidean,42,4,0.7596,34,37,67
2026-04-17T08:44:01,audio,20,30,0.05,correlation,15,0.1,cosine,25,,leaf,cosine,42,4,0.7705,28,34,72
2026-04-17T08:44:01,audio,20,30,0.05,correlation,15,0.1,cosine,25,,leaf,euclidean,42,4,0.7596,34,37,67
2026-04-17T08:44:01,audio,20,30,0.05,correlation,15,0.1,euclidean,25,,leaf,cosine,42,4,0.7705,28,34,72
2026-04-17T08:44:14,audio,30,10,0.0,cosine,15,0.1,euclidean,10,,eom,euclidean,42,2,0.0423,10,350,691
2026-04-17T08:44:14,audio,30,10,0.0,cosine,15,0.1,euclidean,10,,eom,cosine,42,11,0.4986,13,27,76
2026-04-17T08:44:14,audio,30,10,0.0,cosine,15,0.1,cosine,10,,eom,euclidean,42,2,0.0423,10,350,691
2026-04-17T08:44:14,audio,30,10,0.0,cosine,15,0.1,cosine,10,,eom,cosine,42,11,0.4986,13,27,76
2026-04-17T08:44:26,audio,30,10,0.0,euclidean,15,0.1,euclidean,10,,eom,euclidean,42,2,0.0109,11,362,713
2026-04-17T08:44:27,audio,30,10,0.0,euclidean,15,0.1,euclidean,10,,eom,cosine,42,2,0.0096,11,362,714
2026-04-17T08:44:27,audio,30,10,0.0,euclidean,15,0.1,cosine,10,,eom,euclidean,42,2,0.0109,11,362,713
2026-04-17T08:44:27,audio,30,10,0.0,euclidean,15,0.1,cosine,10,,eom,cosine,42,2,0.0096,11,362,714
2026-04-17T08:44:39,audio,30,10,0.0,correlation,15,0.1,euclidean,10,,eom,euclidean,42,2,0.0683,42,341,640
2026-04-17T08:44:39,audio,30,10,0.0,correlation,15,0.1,cosine,10,,eom,euclidean,42,2,0.0683,42,341,640
2026-04-17T08:44:39,audio,30,10,0.0,correlation,15,0.1,euclidean,10,,eom,cosine,42,9,0.3142,10,52,136
2026-04-17T08:44:39,audio,30,10,0.0,correlation,15,0.1,cosine,10,,eom,cosine,42,9,0.3142,10,52,136
2026-04-17T08:44:52,audio,30,10,0.0,cosine,15,0.1,cosine,10,,leaf,euclidean,42,13,0.5301,10,23,76
2026-04-17T08:44:52,audio,30,10,0.0,cosine,15,0.1,euclidean,10,,leaf,euclidean,42,13,0.5301,10,23,76
2026-04-17T08:44:52,audio,30,10,0.0,cosine,15,0.1,cosine,10,,leaf,cosine,42,12,0.5533,12,24,76
2026-04-17T08:44:52,audio,30,10,0.0,cosine,15,0.1,euclidean,10,,leaf,cosine,42,12,0.5533,12,24,76
2026-04-17T08:45:03,audio,30,10,0.0,euclidean,15,0.1,euclidean,10,,leaf,cosine,42,14,0.6571,11,14,35
2026-04-17T08:45:03,audio,30,10,0.0,euclidean,15,0.1,euclidean,10,,leaf,euclidean,42,15,0.6134,11,17,33
2026-04-17T08:45:03,audio,30,10,0.0,euclidean,15,0.1,cosine,10,,leaf,euclidean,42,15,0.6134,11,17,33
2026-04-17T08:45:03,audio,30,10,0.0,euclidean,15,0.1,cosine,10,,leaf,cosine,42,14,0.6571,11,14,35
2026-04-17T08:45:16,audio,30,10,0.0,correlation,15,0.1,euclidean,10,,leaf,euclidean,42,14,0.5055,10,15,74
2026-04-17T08:45:16,audio,30,10,0.0,correlation,15,0.1,euclidean,10,,leaf,cosine,42,14,0.4891,10,14,76
2026-04-17T08:45:16,audio,30,10,0.0,correlation,15,0.1,cosine,10,,leaf,cosine,42,14,0.4891,10,14,76
2026-04-17T08:45:16,audio,30,10,0.0,correlation,15,0.1,cosine,10,,leaf,euclidean,42,14,0.5055,10,15,74
2026-04-17T08:45:29,audio,30,10,0.0,cosine,15,0.1,euclidean,15,,eom,euclidean,42,8,0.4904,20,49,73
2026-04-17T08:45:29,audio,30,10,0.0,cosine,15,0.1,cosine,15,,eom,euclidean,42,8,0.4904,20,49,73
2026-04-17T08:45:29,audio,30,10,0.0,cosine,15,0.1,euclidean,15,,eom,cosine,42,8,0.4795,20,50,74
2026-04-17T08:45:29,audio,30,10,0.0,cosine,15,0.1,cosine,15,,eom,cosine,42,8,0.4795,20,50,74
2026-04-17T08:45:40,audio,30,10,0.0,euclidean,15,0.1,cosine,15,,eom,euclidean,42,5,0.4536,25,62,195
2026-04-17T08:45:40,audio,30,10,0.0,euclidean,15,0.1,euclidean,15,,eom,euclidean,42,5,0.4536,25,62,195
2026-04-17T08:45:41,audio,30,10,0.0,euclidean,15,0.1,euclidean,15,,eom,cosine,42,5,0.4126,25,61,212
2026-04-17T08:45:41,audio,30,10,0.0,euclidean,15,0.1,cosine,15,,eom,cosine,42,5,0.4126,25,61,212
2026-04-17T08:45:54,audio,30,10,0.0,correlation,15,0.1,euclidean,15,,eom,cosine,42,6,0.4795,30,64,97
2026-04-17T08:45:54,audio,30,10,0.0,correlation,15,0.1,cosine,15,,eom,euclidean,42,2,0.1448,31,313,595
2026-04-17T08:45:54,audio,30,10,0.0,correlation,15,0.1,euclidean,15,,eom,euclidean,42,2,0.1448,31,313,595
2026-04-17T08:45:54,audio,30,10,0.0,correlation,15,0.1,cosine,15,,eom,cosine,42,6,0.4795,30,64,97
2026-04-17T08:46:05,audio,30,10,0.0,cosine,15,0.1,euclidean,15,,leaf,euclidean,42,8,0.4904,20,49,73
2026-04-17T08:46:05,audio,30,10,0.0,cosine,15,0.1,euclidean,15,,leaf,cosine,42,9,0.526,15,37,62
2026-04-17T08:46:05,audio,30,10,0.0,cosine,15,0.1,cosine,15,,leaf,euclidean,42,8,0.4904,20,49,73
2026-04-17T08:46:05,audio,30,10,0.0,cosine,15,0.1,cosine,15,,leaf,cosine,42,9,0.526,15,37,62
2026-04-17T08:46:18,audio,30,10,0.0,euclidean,15,0.1,euclidean,15,,leaf,euclidean,42,8,0.5656,18,27,89
2026-04-17T08:46:18,audio,30,10,0.0,euclidean,15,0.1,euclidean,15,,leaf,cosine,42,8,0.5806,15,29,98
2026-04-17T08:46:18,audio,30,10,0.0,euclidean,15,0.1,cosine,15,,leaf,euclidean,42,8,0.5656,18,27,89
2026-04-17T08:46:18,audio,30,10,0.0,euclidean,15,0.1,cosine,15,,leaf,cosine,42,8,0.5806,15,29,98
2026-04-17T08:46:31,audio,30,10,0.0,correlation,15,0.1,euclidean,15,,leaf,euclidean,42,7,0.5137,19,50,82
2026-04-17T08:46:31,audio,30,10,0.0,correlation,15,0.1,euclidean,15,,leaf,cosine,42,6,0.4795,30,64,97
2026-04-17T08:46:31,audio,30,10,0.0,correlation,15,0.1,cosine,15,,leaf,euclidean,42,7,0.5137,19,50,82
2026-04-17T08:46:31,audio,30,10,0.0,correlation,15,0.1,cosine,15,,leaf,cosine,42,6,0.4795,30,64,97
2026-04-17T08:46:43,audio,30,10,0.0,cosine,15,0.1,cosine,25,,eom,euclidean,42,2,0.4426,156,204,252
2026-04-17T08:46:43,audio,30,10,0.0,cosine,15,0.1,cosine,25,,eom,cosine,42,4,0.5478,33,71,155
2026-04-17T08:46:43,audio,30,10,0.0,cosine,15,0.1,euclidean,25,,eom,cosine,42,4,0.5478,33,71,155
2026-04-17T08:46:43,audio,30,10,0.0,cosine,15,0.1,euclidean,25,,eom,euclidean,42,2,0.4426,156,204,252
2026-04-17T08:46:55,audio,30,10,0.0,euclidean,15,0.1,euclidean,25,,eom,euclidean,42,4,0.5355,31,57,195
2026-04-17T08:46:55,audio,30,10,0.0,euclidean,15,0.1,euclidean,25,,eom,cosine,42,4,0.5055,39,60,203
2026-04-17T08:46:55,audio,30,10,0.0,euclidean,15,0.1,cosine,25,,eom,euclidean,42,4,0.5355,31,57,195
2026-04-17T08:46:55,audio,30,10,0.0,euclidean,15,0.1,cosine,25,,eom,cosine,42,4,0.5055,39,60,203
2026-04-17T08:47:07,audio,30,10,0.0,correlation,15,0.1,euclidean,25,,eom,euclidean,42,4,0.5656,35,55,173
2026-04-17T08:47:07,audio,30,10,0.0,correlation,15,0.1,euclidean,25,,eom,cosine,42,4,0.5656,34,61,162
2026-04-17T08:47:07,audio,30,10,0.0,correlation,15,0.1,cosine,25,,eom,euclidean,42,4,0.5656,35,55,173
2026-04-17T08:47:07,audio,30,10,0.0,correlation,15,0.1,cosine,25,,eom,cosine,42,4,0.5656,34,61,162
2026-04-17T08:47:20,audio,30,10,0.0,cosine,15,0.1,euclidean,25,,leaf,cosine,42,5,0.6025,33,46,101
2026-04-17T08:47:20,audio,30,10,0.0,cosine,15,0.1,euclidean,25,,leaf,euclidean,42,6,0.6489,25,41,67
2026-04-17T08:47:20,audio,30,10,0.0,cosine,15,0.1,cosine,25,,leaf,cosine,42,5,0.6025,33,46,101
2026-04-17T08:47:20,audio,30,10,0.0,cosine,15,0.1,cosine,25,,leaf,euclidean,42,6,0.6489,25,41,67
2026-04-17T08:47:33,audio,30,10,0.0,euclidean,15,0.1,euclidean,25,,leaf,euclidean,42,5,0.6639,31,53,61
2026-04-17T08:47:33,audio,30,10,0.0,euclidean,15,0.1,euclidean,25,,leaf,cosine,42,5,0.6339,39,56,64
2026-04-17T08:47:33,audio,30,10,0.0,euclidean,15,0.1,cosine,25,,leaf,euclidean,42,5,0.6639,31,53,61
2026-04-17T08:47:33,audio,30,10,0.0,euclidean,15,0.1,cosine,25,,leaf,cosine,42,5,0.6339,39,56,64
2026-04-17T08:47:45,audio,30,10,0.0,correlation,15,0.1,euclidean,25,,leaf,cosine,42,5,0.6598,32,44,78
2026-04-17T08:47:45,audio,30,10,0.0,correlation,15,0.1,euclidean,25,,leaf,euclidean,42,5,0.6762,31,45,65
2026-04-17T08:47:45,audio,30,10,0.0,correlation,15,0.1,cosine,25,,leaf,cosine,42,5,0.6598,32,44,78
2026-04-17T08:47:45,audio,30,10,0.0,correlation,15,0.1,cosine,25,,leaf,euclidean,42,5,0.6762,31,45,65
2026-04-17T08:47:57,audio,30,10,0.05,cosine,15,0.1,euclidean,10,,eom,euclidean,42,2,0.1448,29,313,597
2026-04-17T08:47:58,audio,30,10,0.05,cosine,15,0.1,euclidean,10,,eom,cosine,42,11,0.515,11,28,73
2026-04-17T08:47:58,audio,30,10,0.05,cosine,15,0.1,cosine,10,,eom,cosine,42,11,0.515,11,28,73
2026-04-17T08:47:58,audio,30,10,0.05,cosine,15,0.1,cosine,10,,eom,euclidean,42,2,0.1448,29,313,597
2026-04-17T08:48:09,audio,30,10,0.05,euclidean,15,0.1,euclidean,10,,eom,cosine,42,2,0.0137,11,361,711
2026-04-17T08:48:09,audio,30,10,0.05,euclidean,15,0.1,euclidean,10,,eom,euclidean,42,2,0.0123,11,361,712
2026-04-17T08:48:09,audio,30,10,0.05,euclidean,15,0.1,cosine,10,,eom,euclidean,42,2,0.0123,11,361,712
2026-04-17T08:48:09,audio,30,10,0.05,euclidean,15,0.1,cosine,10,,eom,cosine,42,2,0.0137,11,361,711
2026-04-17T08:48:22,audio,30,10,0.05,correlation,15,0.1,euclidean,10,,eom,euclidean,42,2,0.1202,35,322,609
2026-04-17T08:48:22,audio,30,10,0.05,correlation,15,0.1,euclidean,10,,eom,cosine,42,2,0.1189,36,322,609
2026-04-17T08:48:22,audio,30,10,0.05,correlation,15,0.1,cosine,10,,eom,euclidean,42,2,0.1202,35,322,609
2026-04-17T08:48:22,audio,30,10,0.05,correlation,15,0.1,cosine,10,,eom,cosine,42,2,0.1189,36,322,609
2026-04-17T08:48:35,audio,30,10,0.05,cosine,15,0.1,euclidean,10,,leaf,euclidean,42,12,0.5519,10,15,72
2026-04-17T08:48:35,audio,30,10,0.05,cosine,15,0.1,euclidean,10,,leaf,cosine,42,11,0.515,11,28,73
2026-04-17T08:48:35,audio,30,10,0.05,cosine,15,0.1,cosine,10,,leaf,cosine,42,11,0.515,11,28,73
2026-04-17T08:48:35,audio,30,10,0.05,cosine,15,0.1,cosine,10,,leaf,euclidean,42,12,0.5519,10,15,72
2026-04-17T08:48:46,audio,30,10,0.05,euclidean,15,0.1,euclidean,10,,leaf,euclidean,42,13,0.6749,10,19,33
2026-04-17T08:48:46,audio,30,10,0.05,euclidean,15,0.1,euclidean,10,,leaf,cosine,42,10,0.541,11,23,88
2026-04-17T08:48:47,audio,30,10,0.05,euclidean,15,0.1,cosine,10,,leaf,euclidean,42,13,0.6749,10,19,33
2026-04-17T08:48:47,audio,30,10,0.05,euclidean,15,0.1,cosine,10,,leaf,cosine,42,10,0.541,11,23,88
2026-04-17T08:48:59,audio,30,10,0.05,correlation,15,0.1,cosine,10,,leaf,euclidean,42,13,0.4863,10,14,72
2026-04-17T08:49:00,audio,30,10,0.05,correlation,15,0.1,euclidean,10,,leaf,euclidean,42,13,0.4863,10,14,72
2026-04-17T08:49:00,audio,30,10,0.05,correlation,15,0.1,euclidean,10,,leaf,cosine,42,13,0.5383,10,15,73
2026-04-17T08:49:00,audio,30,10,0.05,correlation,15,0.1,cosine,10,,leaf,cosine,42,13,0.5383,10,15,73
2026-04-17T08:49:11,audio,30,10,0.05,cosine,15,0.1,cosine,15,,eom,cosine,42,2,0.1749,28,302,576
2026-04-17T08:49:11,audio,30,10,0.05,cosine,15,0.1,cosine,15,,eom,euclidean,42,2,0.1858,28,298,568
2026-04-17T08:49:11,audio,30,10,0.05,cosine,15,0.1,euclidean,15,,eom,cosine,42,2,0.1749,28,302,576
2026-04-17T08:49:12,audio,30,10,0.05,cosine,15,0.1,euclidean,15,,eom,euclidean,42,2,0.1858,28,298,568
2026-04-17T08:49:24,audio,30,10,0.05,euclidean,15,0.1,euclidean,15,,eom,euclidean,42,5,0.5,20,62,188
2026-04-17T08:49:24,audio,30,10,0.05,euclidean,15,0.1,euclidean,15,,eom,cosine,42,5,0.5014,23,48,186
2026-04-17T08:49:24,audio,30,10,0.05,euclidean,15,0.1,cosine,15,,eom,euclidean,42,5,0.5,20,62,188
2026-04-17T08:49:24,audio,30,10,0.05,euclidean,15,0.1,cosine,15,,eom,cosine,42,5,0.5014,23,48,186
2026-04-17T08:49:37,audio,30,10,0.05,correlation,15,0.1,euclidean,15,,eom,euclidean,42,2,0.2404,24,278,532
2026-04-17T08:49:37,audio,30,10,0.05,correlation,15,0.1,cosine,15,,eom,euclidean,42,2,0.2404,24,278,532
2026-04-17T08:49:37,audio,30,10,0.05,correlation,15,0.1,euclidean,15,,eom,cosine,42,2,0.2077,24,290,556
2026-04-17T08:49:38,audio,30,10,0.05,correlation,15,0.1,cosine,15,,eom,cosine,42,2,0.2077,24,290,556
2026-04-17T08:49:49,audio,30,10,0.05,cosine,15,0.1,cosine,15,,leaf,euclidean,42,8,0.5587,16,36,64
2026-04-17T08:49:49,audio,30,10,0.05,cosine,15,0.1,euclidean,15,,leaf,euclidean,42,8,0.5587,16,36,64
2026-04-17T08:49:49,audio,30,10,0.05,cosine,15,0.1,euclidean,15,,leaf,cosine,42,8,0.5574,16,39,63
2026-04-17T08:49:49,audio,30,10,0.05,cosine,15,0.1,cosine,15,,leaf,cosine,42,8,0.5574,16,39,63
2026-04-17T08:50:01,audio,30,10,0.05,euclidean,15,0.1,cosine,15,,leaf,euclidean,42,8,0.627,16,25,66
2026-04-17T08:50:01,audio,30,10,0.05,euclidean,15,0.1,euclidean,15,,leaf,euclidean,42,8,0.627,16,25,66
2026-04-17T08:50:02,audio,30,10,0.05,euclidean,15,0.1,euclidean,15,,leaf,cosine,42,7,0.5915,15,37,86
2026-04-17T08:50:02,audio,30,10,0.05,euclidean,15,0.1,cosine,15,,leaf,cosine,42,7,0.5915,15,37,86
2026-04-17T08:50:14,audio,30,10,0.05,correlation,15,0.1,euclidean,15,,leaf,euclidean,42,6,0.5724,24,55,82
2026-04-17T08:50:14,audio,30,10,0.05,correlation,15,0.1,cosine,15,,leaf,euclidean,42,6,0.5724,24,55,82
2026-04-17T08:50:14,audio,30,10,0.05,correlation,15,0.1,euclidean,15,,leaf,cosine,42,6,0.5765,24,53,82
2026-04-17T08:50:14,audio,30,10,0.05,correlation,15,0.1,cosine,15,,leaf,cosine,42,6,0.5765,24,53,82
2026-04-17T08:50:26,audio,30,10,0.05,cosine,15,0.1,euclidean,25,,eom,euclidean,42,2,0.4768,155,191,228
2026-04-17T08:50:26,audio,30,10,0.05,cosine,15,0.1,cosine,25,,eom,euclidean,42,2,0.4768,155,191,228
2026-04-17T08:50:26,audio,30,10,0.05,cosine,15,0.1,cosine,25,,eom,cosine,42,2,0.4836,152,189,226
2026-04-17T08:50:27,audio,30,10,0.05,cosine,15,0.1,euclidean,25,,eom,cosine,42,2,0.4836,152,189,226
2026-04-17T08:50:39,audio,30,10,0.05,euclidean,15,0.1,euclidean,25,,eom,euclidean,42,2,0.4057,208,217,227
2026-04-17T08:50:39,audio,30,10,0.05,euclidean,15,0.1,cosine,25,,eom,euclidean,42,2,0.4057,208,217,227
2026-04-17T08:50:39,audio,30,10,0.05,euclidean,15,0.1,euclidean,25,,eom,cosine,42,4,0.5669,33,56,172
2026-04-17T08:50:39,audio,30,10,0.05,euclidean,15,0.1,cosine,25,,eom,cosine,42,4,0.5669,33,56,172
2026-04-17T08:50:51,audio,30,10,0.05,correlation,15,0.1,cosine,25,,eom,euclidean,42,4,0.6503,29,45,137
2026-04-17T08:50:51,audio,30,10,0.05,correlation,15,0.1,euclidean,25,,eom,euclidean,42,4,0.6503,29,45,137
2026-04-17T08:50:51,audio,30,10,0.05,correlation,15,0.1,euclidean,25,,eom,cosine,42,4,0.6448,32,47,133
2026-04-17T08:50:51,audio,30,10,0.05,correlation,15,0.1,cosine,25,,eom,cosine,42,4,0.6448,32,47,133
2026-04-17T08:51:04,audio,30,10,0.05,cosine,15,0.1,euclidean,25,,leaf,euclidean,42,5,0.6612,30,46,78
2026-04-17T08:51:04,audio,30,10,0.05,cosine,15,0.1,cosine,25,,leaf,cosine,42,5,0.6667,31,52,73
2026-04-17T08:51:04,audio,30,10,0.05,cosine,15,0.1,cosine,25,,leaf,euclidean,42,5,0.6612,30,46,78
2026-04-17T08:51:04,audio,30,10,0.05,cosine,15,0.1,euclidean,25,,leaf,cosine,42,5,0.6667,31,52,73
2026-04-17T08:51:15,audio,30,10,0.05,euclidean,15,0.1,euclidean,25,,leaf,cosine,42,5,0.6434,33,51,74
2026-04-17T08:51:15,audio,30,10,0.05,euclidean,15,0.1,euclidean,25,,leaf,euclidean,42,5,0.7131,28,40,57
2026-04-17T08:51:15,audio,30,10,0.05,euclidean,15,0.1,cosine,25,,leaf,cosine,42,5,0.6434,33,51,74
2026-04-17T08:51:15,audio,30,10,0.05,euclidean,15,0.1,cosine,25,,leaf,euclidean,42,5,0.7131,28,40,57
2026-04-17T08:51:28,audio,30,10,0.05,correlation,15,0.1,cosine,25,,leaf,euclidean,42,5,0.7227,29,35,55
2026-04-17T08:51:28,audio,30,10,0.05,correlation,15,0.1,cosine,25,,leaf,cosine,42,5,0.7172,32,39,56
2026-04-17T08:51:29,audio,30,10,0.05,correlation,15,0.1,euclidean,25,,leaf,euclidean,42,5,0.7227,29,35,55
2026-04-17T08:51:29,audio,30,10,0.05,correlation,15,0.1,euclidean,25,,leaf,cosine,42,5,0.7172,32,39,56
2026-04-17T08:51:41,audio,30,15,0.0,cosine,15,0.1,cosine,10,,eom,euclidean,42,7,0.4454,19,66,84
2026-04-17T08:51:41,audio,30,15,0.0,cosine,15,0.1,euclidean,10,,eom,cosine,42,7,0.4317,21,68,88
2026-04-17T08:51:41,audio,30,15,0.0,cosine,15,0.1,cosine,10,,eom,cosine,42,7,0.4317,21,68,88
2026-04-17T08:51:42,audio,30,15,0.0,cosine,15,0.1,euclidean,10,,eom,euclidean,42,7,0.4454,19,66,84
2026-04-17T08:51:53,audio,30,15,0.0,euclidean,15,0.1,cosine,10,,eom,euclidean,42,2,0.123,12,321,630
2026-04-17T08:51:53,audio,30,15,0.0,euclidean,15,0.1,euclidean,10,,eom,euclidean,42,2,0.123,12,321,630
2026-04-17T08:51:53,audio,30,15,0.0,euclidean,15,0.1,euclidean,10,,eom,cosine,42,7,0.4918,11,51,90
2026-04-17T08:51:53,audio,30,15,0.0,euclidean,15,0.1,cosine,10,,eom,cosine,42,7,0.4918,11,51,90
2026-04-17T08:52:06,audio,30,15,0.0,correlation,15,0.1,euclidean,10,,eom,euclidean,42,7,0.4317,20,64,85
2026-04-17T08:52:06,audio,30,15,0.0,correlation,15,0.1,cosine,10,,eom,euclidean,42,7,0.4317,20,64,85
2026-04-17T08:52:06,audio,30,15,0.0,correlation,15,0.1,euclidean,10,,eom,cosine,42,7,0.4481,18,63,83
2026-04-17T08:52:06,audio,30,15,0.0,correlation,15,0.1,cosine,10,,eom,cosine,42,7,0.4481,18,63,83
2026-04-17T08:52:18,audio,30,15,0.0,cosine,15,0.1,euclidean,10,,leaf,cosine,42,9,0.5219,18,23,88
2026-04-17T08:52:18,audio,30,15,0.0,cosine,15,0.1,euclidean,10,,leaf,euclidean,42,9,0.5342,15,24,84
2026-04-17T08:52:18,audio,30,15,0.0,cosine,15,0.1,cosine,10,,leaf,cosine,42,9,0.5219,18,23,88
2026-04-17T08:52:18,audio,30,15,0.0,cosine,15,0.1,cosine,10,,leaf,euclidean,42,9,0.5342,15,24,84
2026-04-17T08:52:30,audio,30,15,0.0,euclidean,15,0.1,cosine,10,,leaf,euclidean,42,10,0.5301,12,25,104
2026-04-17T08:52:30,audio,30,15,0.0,euclidean,15,0.1,euclidean,10,,leaf,euclidean,42,10,0.5301,12,25,104
2026-04-17T08:52:31,audio,30,15,0.0,euclidean,15,0.1,euclidean,10,,leaf,cosine,42,9,0.5724,11,31,74
2026-04-17T08:52:31,audio,30,15,0.0,euclidean,15,0.1,cosine,10,,leaf,cosine,42,9,0.5724,11,31,74
2026-04-17T08:52:44,audio,30,15,0.0,correlation,15,0.1,euclidean,10,,leaf,euclidean,42,11,0.5738,12,20,81
2026-04-17T08:52:44,audio,30,15,0.0,correlation,15,0.1,cosine,10,,leaf,euclidean,42,11,0.5738,12,20,81
2026-04-17T08:52:44,audio,30,15,0.0,correlation,15,0.1,euclidean,10,,leaf,cosine,42,11,0.5765,12,20,77
2026-04-17T08:52:44,audio,30,15,0.0,correlation,15,0.1,cosine,10,,leaf,cosine,42,11,0.5765,12,20,77
2026-04-17T08:52:55,audio,30,15,0.0,cosine,15,0.1,euclidean,15,,eom,cosine,42,6,0.5068,20,65,77
2026-04-17T08:52:56,audio,30,15,0.0,cosine,15,0.1,euclidean,15,,eom,euclidean,42,7,0.5451,18,57,73
2026-04-17T08:52:56,audio,30,15,0.0,cosine,15,0.1,cosine,15,,eom,cosine,42,6,0.5068,20,65,77
2026-04-17T08:52:56,audio,30,15,0.0,cosine,15,0.1,cosine,15,,eom,euclidean,42,7,0.5451,18,57,73
2026-04-17T08:53:08,audio,30,15,0.0,euclidean,15,0.1,euclidean,15,,eom,euclidean,42,6,0.582,19,54,74
2026-04-17T08:53:08,audio,30,15,0.0,euclidean,15,0.1,cosine,15,,eom,cosine,42,3,0.4713,51,71,265
2026-04-17T08:53:08,audio,30,15,0.0,euclidean,15,0.1,euclidean,15,,eom,cosine,42,3,0.4713,51,71,265
2026-04-17T08:53:08,audio,30,15,0.0,euclidean,15,0.1,cosine,15,,eom,euclidean,42,6,0.582,19,54,74
2026-04-17T08:53:20,audio,30,15,0.0,correlation,15,0.1,cosine,15,,eom,euclidean,42,6,0.5505,18,62,71
2026-04-17T08:53:20,audio,30,15,0.0,correlation,15,0.1,euclidean,15,,eom,euclidean,42,6,0.5505,18,62,71
2026-04-17T08:53:20,audio,30,15,0.0,correlation,15,0.1,euclidean,15,,eom,cosine,42,4,0.4549,60,66,207
2026-04-17T08:53:21,audio,30,15,0.0,correlation,15,0.1,cosine,15,,eom,cosine,42,4,0.4549,60,66,207
2026-04-17T08:53:33,audio,30,15,0.0,cosine,15,0.1,cosine,15,,leaf,euclidean,42,7,0.5451,18,57,73
2026-04-17T08:53:33,audio,30,15,0.0,cosine,15,0.1,euclidean,15,,leaf,euclidean,42,7,0.5451,18,57,73
2026-04-17T08:53:33,audio,30,15,0.0,cosine,15,0.1,cosine,15,,leaf,cosine,42,6,0.5068,20,65,77
2026-04-17T08:53:33,audio,30,15,0.0,cosine,15,0.1,euclidean,15,,leaf,cosine,42,6,0.5068,20,65,77
2026-04-17T08:53:46,audio,30,15,0.0,euclidean,15,0.1,euclidean,15,,leaf,euclidean,42,8,0.6325,16,27,69
2026-04-17T08:53:46,audio,30,15,0.0,euclidean,15,0.1,cosine,15,,leaf,euclidean,42,8,0.6325,16,27,69
2026-04-17T08:53:46,audio,30,15,0.0,euclidean,15,0.1,euclidean,15,,leaf,cosine,42,8,0.6503,15,23,71
2026-04-17T08:53:46,audio,30,15,0.0,euclidean,15,0.1,cosine,15,,leaf,cosine,42,8,0.6503,15,23,71
2026-04-17T08:53:58,audio,30,15,0.0,correlation,15,0.1,euclidean,15,,leaf,euclidean,42,6,0.5505,18,62,71
2026-04-17T08:53:58,audio,30,15,0.0,correlation,15,0.1,cosine,15,,leaf,euclidean,42,6,0.5505,18,62,71
2026-04-17T08:53:58,audio,30,15,0.0,correlation,15,0.1,euclidean,15,,leaf,cosine,42,6,0.5683,18,59,67
2026-04-17T08:53:58,audio,30,15,0.0,correlation,15,0.1,cosine,15,,leaf,cosine,42,6,0.5683,18,59,67
2026-04-17T08:54:11,audio,30,15,0.0,cosine,15,0.1,euclidean,25,,eom,euclidean,42,2,0.3607,174,234,294
2026-04-17T08:54:11,audio,30,15,0.0,cosine,15,0.1,euclidean,25,,eom,cosine,42,5,0.6475,31,53,72
2026-04-17T08:54:11,audio,30,15,0.0,cosine,15,0.1,cosine,25,,eom,cosine,42,5,0.6475,31,53,72
2026-04-17T08:54:11,audio,30,15,0.0,cosine,15,0.1,cosine,25,,eom,euclidean,42,2,0.3607,174,234,294
2026-04-17T08:54:22,audio,30,15,0.0,euclidean,15,0.1,euclidean,25,,eom,cosine,42,3,0.4563,34,157,207
2026-04-17T08:54:22,audio,30,15,0.0,euclidean,15,0.1,cosine,25,,eom,euclidean,42,3,0.4085,32,169,232
2026-04-17T08:54:23,audio,30,15,0.0,euclidean,15,0.1,euclidean,25,,eom,euclidean,42,3,0.4085,32,169,232
2026-04-17T08:54:23,audio,30,15,0.0,euclidean,15,0.1,cosine,25,,eom,cosine,42,3,0.4563,34,157,207
2026-04-17T08:54:36,audio,30,15,0.0,correlation,15,0.1,euclidean,25,,eom,euclidean,42,4,0.5847,35,54,160
2026-04-17T08:54:36,audio,30,15,0.0,correlation,15,0.1,cosine,25,,eom,euclidean,42,4,0.5847,35,54,160
2026-04-17T08:54:36,audio,30,15,0.0,correlation,15,0.1,cosine,25,,eom,cosine,42,2,0.4057,167,217,268
2026-04-17T08:54:36,audio,30,15,0.0,correlation,15,0.1,euclidean,25,,eom,cosine,42,2,0.4057,167,217,268
2026-04-17T08:54:49,audio,30,15,0.0,cosine,15,0.1,euclidean,25,,leaf,cosine,42,5,0.6475,31,53,72
2026-04-17T08:54:49,audio,30,15,0.0,cosine,15,0.1,cosine,25,,leaf,euclidean,42,5,0.6475,30,50,74
2026-04-17T08:54:49,audio,30,15,0.0,cosine,15,0.1,euclidean,25,,leaf,euclidean,42,5,0.6475,30,50,74
2026-04-17T08:54:49,audio,30,15,0.0,cosine,15,0.1,cosine,25,,leaf,cosine,42,5,0.6475,31,53,72
2026-04-17T08:55:00,audio,30,15,0.0,euclidean,15,0.1,euclidean,25,,leaf,euclidean,42,4,0.5164,32,45,232
2026-04-17T08:55:00,audio,30,15,0.0,euclidean,15,0.1,euclidean,25,,leaf,cosine,42,5,0.7664,25,34,46
2026-04-17T08:55:00,audio,30,15,0.0,euclidean,15,0.1,cosine,25,,leaf,euclidean,42,4,0.5164,32,45,232
2026-04-17T08:55:01,audio,30,15,0.0,euclidean,15,0.1,cosine,25,,leaf,cosine,42,5,0.7664,25,34,46
2026-04-17T08:55:14,audio,30,15,0.0,correlation,15,0.1,euclidean,25,,leaf,euclidean,42,5,0.6667,35,42,70
2026-04-17T08:55:14,audio,30,15,0.0,correlation,15,0.1,cosine,25,,leaf,euclidean,42,5,0.6667,35,42,70
2026-04-17T08:55:14,audio,30,15,0.0,correlation,15,0.1,cosine,25,,leaf,cosine,42,5,0.6708,31,43,71
2026-04-17T08:55:14,audio,30,15,0.0,correlation,15,0.1,euclidean,25,,leaf,cosine,42,5,0.6708,31,43,71
2026-04-17T08:55:25,audio,30,15,0.05,cosine,15,0.1,euclidean,10,,eom,euclidean,42,7,0.5096,18,57,76
2026-04-17T08:55:25,audio,30,15,0.05,cosine,15,0.1,cosine,10,,eom,euclidean,42,7,0.5096,18,57,76
2026-04-17T08:55:25,audio,30,15,0.05,cosine,15,0.1,euclidean,10,,eom,cosine,42,7,0.4768,19,59,82
2026-04-17T08:55:26,audio,30,15,0.05,cosine,15,0.1,cosine,10,,eom,cosine,42,7,0.4768,19,59,82
2026-04-17T08:55:38,audio,30,15,0.05,euclidean,15,0.1,euclidean,10,,eom,euclidean,42,2,0.1448,10,313,616
2026-04-17T08:55:38,audio,30,15,0.05,euclidean,15,0.1,cosine,10,,eom,euclidean,42,2,0.1448,10,313,616
2026-04-17T08:55:38,audio,30,15,0.05,euclidean,15,0.1,euclidean,10,,eom,cosine,42,7,0.4658,11,52,98
2026-04-17T08:55:38,audio,30,15,0.05,euclidean,15,0.1,cosine,10,,eom,cosine,42,7,0.4658,11,52,98
2026-04-17T08:55:51,audio,30,15,0.05,correlation,15,0.1,euclidean,10,,eom,euclidean,42,9,0.5055,11,27,84
2026-04-17T08:55:52,audio,30,15,0.05,correlation,15,0.1,euclidean,10,,eom,cosine,42,10,0.5656,11,22,67
2026-04-17T08:55:52,audio,30,15,0.05,correlation,15,0.1,cosine,10,,eom,cosine,42,10,0.5656,11,22,67
2026-04-17T08:55:52,audio,30,15,0.05,correlation,15,0.1,cosine,10,,eom,euclidean,42,9,0.5055,11,27,84
2026-04-17T08:56:03,audio,30,15,0.05,cosine,15,0.1,euclidean,10,,leaf,euclidean,42,9,0.5847,12,23,71
2026-04-17T08:56:03,audio,30,15,0.05,cosine,15,0.1,cosine,10,,leaf,euclidean,42,9,0.5847,12,23,71
2026-04-17T08:56:03,audio,30,15,0.05,cosine,15,0.1,euclidean,10,,leaf,cosine,42,9,0.556,11,22,80
2026-04-17T08:56:04,audio,30,15,0.05,cosine,15,0.1,cosine,10,,leaf,cosine,42,9,0.556,11,22,80
2026-04-17T08:56:16,audio,30,15,0.05,euclidean,15,0.1,euclidean,10,,leaf,euclidean,42,9,0.5874,10,27,91
2026-04-17T08:56:16,audio,30,15,0.05,euclidean,15,0.1,cosine,10,,leaf,euclidean,42,9,0.5874,10,27,91
2026-04-17T08:56:16,audio,30,15,0.05,euclidean,15,0.1,cosine,10,,leaf,cosine,42,9,0.5683,11,31,94
2026-04-17T08:56:16,audio,30,15,0.05,euclidean,15,0.1,euclidean,10,,leaf,cosine,42,9,0.5683,11,31,94
2026-04-17T08:56:28,audio,30,15,0.05,correlation,15,0.1,cosine,10,,leaf,euclidean,42,11,0.6393,10,17,67
2026-04-17T08:56:28,audio,30,15,0.05,correlation,15,0.1,euclidean,10,,leaf,cosine,42,10,0.5656,11,22,67
2026-04-17T08:56:28,audio,30,15,0.05,correlation,15,0.1,euclidean,10,,leaf,euclidean,42,11,0.6393,10,17,67
2026-04-17T08:56:28,audio,30,15,0.05,correlation,15,0.1,cosine,10,,leaf,cosine,42,10,0.5656,11,22,67
2026-04-17T08:56:41,audio,30,15,0.05,cosine,15,0.1,euclidean,15,,eom,cosine,42,6,0.5628,21,57,75
2026-04-17T08:56:41,audio,30,15,0.05,cosine,15,0.1,euclidean,15,,eom,euclidean,42,6,0.571,20,57,66
2026-04-17T08:56:41,audio,30,15,0.05,cosine,15,0.1,cosine,15,,eom,euclidean,42,6,0.571,20,57,66
2026-04-17T08:56:41,audio,30,15,0.05,cosine,15,0.1,cosine,15,,eom,cosine,42,6,0.5628,21,57,75
2026-04-17T08:56:54,audio,30,15,0.05,euclidean,15,0.1,cosine,15,,eom,euclidean,42,3,0.5123,49,63,245
2026-04-17T08:56:54,audio,30,15,0.05,euclidean,15,0.1,euclidean,15,,eom,euclidean,42,3,0.5123,49,63,245
2026-04-17T08:56:54,audio,30,15,0.05,euclidean,15,0.1,cosine,15,,eom,cosine,42,3,0.5096,52,82,225
2026-04-17T08:56:54,audio,30,15,0.05,euclidean,15,0.1,euclidean,15,,eom,cosine,42,3,0.5096,52,82,225
2026-04-17T08:57:06,audio,30,15,0.05,correlation,15,0.1,euclidean,15,,eom,euclidean,42,3,0.3948,62,175,206
2026-04-17T08:57:06,audio,30,15,0.05,correlation,15,0.1,cosine,15,,eom,euclidean,42,3,0.3948,62,175,206
2026-04-17T08:57:06,audio,30,15,0.05,correlation,15,0.1,euclidean,15,,eom,cosine,42,4,0.4686,58,61,209
2026-04-17T08:57:06,audio,30,15,0.05,correlation,15,0.1,cosine,15,,eom,cosine,42,4,0.4686,58,61,209
2026-04-17T08:57:19,audio,30,15,0.05,cosine,15,0.1,euclidean,15,,leaf,euclidean,42,6,0.571,20,57,66
2026-04-17T08:57:19,audio,30,15,0.05,cosine,15,0.1,euclidean,15,,leaf,cosine,42,6,0.5628,21,57,75
2026-04-17T08:57:19,audio,30,15,0.05,cosine,15,0.1,cosine,15,,leaf,euclidean,42,6,0.571,20,57,66
2026-04-17T08:57:19,audio,30,15,0.05,cosine,15,0.1,cosine,15,,leaf,cosine,42,6,0.5628,21,57,75
2026-04-17T08:57:30,audio,30,15,0.05,euclidean,15,0.1,euclidean,15,,leaf,euclidean,42,7,0.6667,15,30,63
2026-04-17T08:57:30,audio,30,15,0.05,euclidean,15,0.1,euclidean,15,,leaf,cosine,42,7,0.6557,15,26,82
2026-04-17T08:57:30,audio,30,15,0.05,euclidean,15,0.1,cosine,15,,leaf,cosine,42,7,0.6557,15,26,82
2026-04-17T08:57:30,audio,30,15,0.05,euclidean,15,0.1,cosine,15,,leaf,euclidean,42,7,0.6667,15,30,63
2026-04-17T08:57:44,audio,30,15,0.05,correlation,15,0.1,euclidean,15,,leaf,euclidean,42,6,0.5888,15,59,62
2026-04-17T08:57:44,audio,30,15,0.05,correlation,15,0.1,cosine,15,,leaf,euclidean,42,6,0.5888,15,59,62
2026-04-17T08:57:44,audio,30,15,0.05,correlation,15,0.1,euclidean,15,,leaf,cosine,42,6,0.5915,16,58,63
2026-04-17T08:57:44,audio,30,15,0.05,correlation,15,0.1,cosine,15,,leaf,cosine,42,6,0.5915,16,58,63
2026-04-17T08:57:56,audio,30,15,0.05,cosine,15,0.1,euclidean,25,,eom,euclidean,42,3,0.6066,48,61,179
2026-04-17T08:57:57,audio,30,15,0.05,cosine,15,0.1,euclidean,25,,eom,cosine,42,5,0.668,30,50,66
2026-04-17T08:57:57,audio,30,15,0.05,cosine,15,0.1,cosine,25,,eom,euclidean,42,3,0.6066,48,61,179
2026-04-17T08:57:57,audio,30,15,0.05,cosine,15,0.1,cosine,25,,eom,cosine,42,5,0.668,30,50,66
2026-04-17T08:58:08,audio,30,15,0.05,euclidean,15,0.1,euclidean,25,,eom,cosine,42,4,0.6243,30,40,164
2026-04-17T08:58:08,audio,30,15,0.05,euclidean,15,0.1,euclidean,25,,eom,euclidean,42,4,0.5792,26,46,190
2026-04-17T08:58:08,audio,30,15,0.05,euclidean,15,0.1,cosine,25,,eom,euclidean,42,4,0.5792,26,46,190
2026-04-17T08:58:08,audio,30,15,0.05,euclidean,15,0.1,cosine,25,,eom,cosine,42,4,0.6243,30,40,164
2026-04-17T08:58:21,audio,30,15,0.05,correlation,15,0.1,euclidean,25,,eom,euclidean,42,2,0.4986,148,183,219
2026-04-17T08:58:21,audio,30,15,0.05,correlation,15,0.1,cosine,25,,eom,euclidean,42,2,0.4986,148,183,219
2026-04-17T08:58:22,audio,30,15,0.05,correlation,15,0.1,euclidean,25,,eom,cosine,42,2,0.4836,137,189,241
2026-04-17T08:58:22,audio,30,15,0.05,correlation,15,0.1,cosine,25,,eom,cosine,42,2,0.4836,137,189,241
2026-04-17T08:58:33,audio,30,15,0.05,cosine,15,0.1,euclidean,25,,leaf,cosine,42,5,0.668,30,50,66
2026-04-17T08:58:33,audio,30,15,0.05,cosine,15,0.1,euclidean,25,,leaf,euclidean,42,5,0.6981,28,48,61
2026-04-17T08:58:33,audio,30,15,0.05,cosine,15,0.1,cosine,25,,leaf,cosine,42,5,0.668,30,50,66
2026-04-17T08:58:33,audio,30,15,0.05,cosine,15,0.1,cosine,25,,leaf,euclidean,42,5,0.6981,28,48,61
2026-04-17T08:58:46,audio,30,15,0.05,euclidean,15,0.1,euclidean,25,,leaf,cosine,42,4,0.6243,30,40,164
2026-04-17T08:58:46,audio,30,15,0.05,euclidean,15,0.1,euclidean,25,,leaf,euclidean,42,4,0.5792,26,46,190
2026-04-17T08:58:46,audio,30,15,0.05,euclidean,15,0.1,cosine,25,,leaf,euclidean,42,4,0.5792,26,46,190
2026-04-17T08:58:46,audio,30,15,0.05,euclidean,15,0.1,cosine,25,,leaf,cosine,42,4,0.6243,30,40,164
2026-04-17T08:58:59,audio,30,15,0.05,correlation,15,0.1,cosine,25,,leaf,euclidean,42,5,0.6926,31,40,67
2026-04-17T08:58:59,audio,30,15,0.05,correlation,15,0.1,cosine,25,,leaf,cosine,42,4,0.7336,35,47,66
2026-04-17T08:58:59,audio,30,15,0.05,correlation,15,0.1,euclidean,25,,leaf,cosine,42,4,0.7336,35,47,66
2026-04-17T08:58:59,audio,30,15,0.05,correlation,15,0.1,euclidean,25,,leaf,euclidean,42,5,0.6926,31,40,67
2026-04-17T08:59:11,audio,30,30,0.0,cosine,15,0.1,cosine,10,,eom,euclidean,42,5,0.5014,12,31,262
2026-04-17T08:59:11,audio,30,30,0.0,cosine,15,0.1,euclidean,10,,eom,euclidean,42,5,0.5014,12,31,262
2026-04-17T08:59:11,audio,30,30,0.0,cosine,15,0.1,euclidean,10,,eom,cosine,42,5,0.5041,11,31,261
2026-04-17T08:59:11,audio,30,30,0.0,cosine,15,0.1,cosine,10,,eom,cosine,42,5,0.5041,11,31,261
2026-04-17T08:59:24,audio,30,30,0.0,euclidean,15,0.1,cosine,10,,eom,euclidean,42,6,0.5123,10,73,98
2026-04-17T08:59:24,audio,30,30,0.0,euclidean,15,0.1,euclidean,10,,eom,cosine,42,6,0.6079,15,49,87
2026-04-17T08:59:24,audio,30,30,0.0,euclidean,15,0.1,euclidean,10,,eom,euclidean,42,6,0.5123,10,73,98
2026-04-17T08:59:24,audio,30,30,0.0,euclidean,15,0.1,cosine,10,,eom,cosine,42,6,0.6079,15,49,87
2026-04-17T08:59:36,audio,30,30,0.0,correlation,15,0.1,euclidean,10,,eom,euclidean,42,2,0.2664,206,268,331
2026-04-17T08:59:37,audio,30,30,0.0,correlation,15,0.1,cosine,10,,eom,euclidean,42,2,0.2664,206,268,331
2026-04-17T08:59:37,audio,30,30,0.0,correlation,15,0.1,euclidean,10,,eom,cosine,42,7,0.5505,11,24,124
2026-04-17T08:59:37,audio,30,30,0.0,correlation,15,0.1,cosine,10,,eom,cosine,42,7,0.5505,11,24,124
2026-04-17T08:59:49,audio,30,30,0.0,cosine,15,0.1,euclidean,10,,leaf,euclidean,42,9,0.6749,12,18,48
2026-04-17T08:59:50,audio,30,30,0.0,cosine,15,0.1,cosine,10,,leaf,euclidean,42,9,0.6749,12,18,48
2026-04-17T08:59:50,audio,30,30,0.0,cosine,15,0.1,euclidean,10,,leaf,cosine,42,10,0.6721,10,15,46
2026-04-17T08:59:50,audio,30,30,0.0,cosine,15,0.1,cosine,10,,leaf,cosine,42,10,0.6721,10,15,46
2026-04-17T09:00:02,audio,30,30,0.0,euclidean,15,0.1,euclidean,10,,leaf,euclidean,42,10,0.612,10,18,90
2026-04-17T09:00:02,audio,30,30,0.0,euclidean,15,0.1,cosine,10,,leaf,euclidean,42,10,0.612,10,18,90
2026-04-17T09:00:02,audio,30,30,0.0,euclidean,15,0.1,euclidean,10,,leaf,cosine,42,7,0.6284,11,29,87
2026-04-17T09:00:03,audio,30,30,0.0,euclidean,15,0.1,cosine,10,,leaf,cosine,42,7,0.6284,11,29,87
2026-04-17T09:00:16,audio,30,30,0.0,correlation,15,0.1,euclidean,10,,leaf,euclidean,42,11,0.6571,10,17,59
2026-04-17T09:00:16,audio,30,30,0.0,correlation,15,0.1,euclidean,10,,leaf,cosine,42,10,0.6694,10,19,58
2026-04-17T09:00:16,audio,30,30,0.0,correlation,15,0.1,cosine,10,,leaf,euclidean,42,11,0.6571,10,17,59
2026-04-17T09:00:16,audio,30,30,0.0,correlation,15,0.1,cosine,10,,leaf,cosine,42,10,0.6694,10,19,58
2026-04-17T09:00:27,audio,30,30,0.0,cosine,15,0.1,euclidean,15,,eom,euclidean,42,3,0.5396,44,55,238
2026-04-17T09:00:27,audio,30,30,0.0,cosine,15,0.1,cosine,15,,eom,euclidean,42,3,0.5396,44,55,238
2026-04-17T09:00:27,audio,30,30,0.0,cosine,15,0.1,cosine,15,,eom,cosine,42,4,0.627,41,70,92
2026-04-17T09:00:27,audio,30,30,0.0,cosine,15,0.1,euclidean,15,,eom,cosine,42,4,0.627,41,70,92
2026-04-17T09:00:40,audio,30,30,0.0,euclidean,15,0.1,euclidean,15,,eom,euclidean,42,5,0.5751,29,64,92
2026-04-17T09:00:40,audio,30,30,0.0,euclidean,15,0.1,cosine,15,,eom,euclidean,42,5,0.5751,29,64,92
2026-04-17T09:00:40,audio,30,30,0.0,euclidean,15,0.1,euclidean,15,,eom,cosine,42,4,0.5669,53,81,102
2026-04-17T09:00:40,audio,30,30,0.0,euclidean,15,0.1,cosine,15,,eom,cosine,42,4,0.5669,53,81,102
2026-04-17T09:00:52,audio,30,30,0.0,correlation,15,0.1,cosine,15,,eom,euclidean,42,3,0.4863,48,61,267
2026-04-17T09:00:52,audio,30,30,0.0,correlation,15,0.1,euclidean,15,,eom,euclidean,42,3,0.4863,48,61,267
2026-04-17T09:00:53,audio,30,30,0.0,correlation,15,0.1,euclidean,15,,eom,cosine,42,3,0.582,48,62,196
2026-04-17T09:00:53,audio,30,30,0.0,correlation,15,0.1,cosine,15,,eom,cosine,42,3,0.582,48,62,196
2026-04-17T09:01:06,audio,30,30,0.0,cosine,15,0.1,cosine,15,,leaf,cosine,42,4,0.627,41,70,92
2026-04-17T09:01:06,audio,30,30,0.0,cosine,15,0.1,euclidean,15,,leaf,euclidean,42,5,0.6735,15,44,81
2026-04-17T09:01:06,audio,30,30,0.0,cosine,15,0.1,cosine,15,,leaf,euclidean,42,5,0.6735,15,44,81
2026-04-17T09:01:06,audio,30,30,0.0,cosine,15,0.1,euclidean,15,,leaf,cosine,42,4,0.627,41,70,92
2026-04-17T09:01:18,audio,30,30,0.0,euclidean,15,0.1,euclidean,15,,leaf,euclidean,42,6,0.627,18,46,70
2026-04-17T09:01:18,audio,30,30,0.0,euclidean,15,0.1,euclidean,15,,leaf,cosine,42,6,0.6817,17,33,71
2026-04-17T09:01:18,audio,30,30,0.0,euclidean,15,0.1,cosine,15,,leaf,euclidean,42,6,0.627,18,46,70
2026-04-17T09:01:18,audio,30,30,0.0,euclidean,15,0.1,cosine,15,,leaf,cosine,42,6,0.6817,17,33,71
2026-04-17T09:01:31,audio,30,30,0.0,correlation,15,0.1,euclidean,15,,leaf,cosine,42,5,0.6817,22,48,72
2026-04-17T09:01:31,audio,30,30,0.0,correlation,15,0.1,euclidean,15,,leaf,euclidean,42,5,0.6803,19,48,79
2026-04-17T09:01:31,audio,30,30,0.0,correlation,15,0.1,cosine,15,,leaf,euclidean,42,5,0.6803,19,48,79
2026-04-17T09:01:31,audio,30,30,0.0,correlation,15,0.1,cosine,15,,leaf,cosine,42,5,0.6817,22,48,72
2026-04-17T09:01:44,audio,30,30,0.0,cosine,15,0.1,euclidean,25,,eom,euclidean,42,2,0.5669,136,158,181
2026-04-17T09:01:44,audio,30,30,0.0,cosine,15,0.1,euclidean,25,,eom,cosine,42,2,0.5697,136,157,179
2026-04-17T09:01:44,audio,30,30,0.0,cosine,15,0.1,cosine,25,,eom,euclidean,42,2,0.5669,136,158,181
2026-04-17T09:01:44,audio,30,30,0.0,cosine,15,0.1,cosine,25,,eom,cosine,42,2,0.5697,136,157,179
2026-04-17T09:01:55,audio,30,30,0.0,euclidean,15,0.1,euclidean,25,,eom,cosine,42,5,0.7213,28,42,57
2026-04-17T09:01:56,audio,30,30,0.0,euclidean,15,0.1,cosine,25,,eom,euclidean,42,3,0.6011,31,125,136
2026-04-17T09:01:56,audio,30,30,0.0,euclidean,15,0.1,euclidean,25,,eom,euclidean,42,3,0.6011,31,125,136
2026-04-17T09:01:56,audio,30,30,0.0,euclidean,15,0.1,cosine,25,,eom,cosine,42,5,0.7213,28,42,57
2026-04-17T09:02:09,audio,30,30,0.0,correlation,15,0.1,cosine,25,,eom,euclidean,42,4,0.6421,28,52,129
2026-04-17T09:02:09,audio,30,30,0.0,correlation,15,0.1,euclidean,25,,eom,euclidean,42,4,0.6421,28,52,129
2026-04-17T09:02:09,audio,30,30,0.0,correlation,15,0.1,euclidean,25,,eom,cosine,42,4,0.6694,27,45,125
2026-04-17T09:02:09,audio,30,30,0.0,correlation,15,0.1,cosine,25,,eom,cosine,42,4,0.6694,27,45,125
2026-04-17T09:02:21,audio,30,30,0.0,cosine,15,0.1,cosine,25,,leaf,euclidean,42,4,0.7445,31,42,72
2026-04-17T09:02:21,audio,30,30,0.0,cosine,15,0.1,cosine,25,,leaf,cosine,42,4,0.7377,33,42,74
2026-04-17T09:02:21,audio,30,30,0.0,cosine,15,0.1,euclidean,25,,leaf,euclidean,42,4,0.7445,31,42,72
2026-04-17T09:02:22,audio,30,30,0.0,cosine,15,0.1,euclidean,25,,leaf,cosine,42,4,0.7377,33,42,74
2026-04-17T09:02:34,audio,30,30,0.0,euclidean,15,0.1,cosine,25,,leaf,euclidean,42,4,0.6626,31,40,136
2026-04-17T09:02:34,audio,30,30,0.0,euclidean,15,0.1,euclidean,25,,leaf,euclidean,42,4,0.6626,31,40,136
2026-04-17T09:02:34,audio,30,30,0.0,euclidean,15,0.1,cosine,25,,leaf,cosine,42,5,0.7213,28,42,57
2026-04-17T09:02:34,audio,30,30,0.0,euclidean,15,0.1,euclidean,25,,leaf,cosine,42,5,0.7213,28,42,57
2026-04-17T09:02:47,audio,30,30,0.0,correlation,15,0.1,euclidean,25,,leaf,euclidean,42,5,0.7145,28,33,72
2026-04-17T09:02:48,audio,30,30,0.0,correlation,15,0.1,cosine,25,,leaf,cosine,42,5,0.7418,27,35,60
2026-04-17T09:02:48,audio,30,30,0.0,correlation,15,0.1,euclidean,25,,leaf,cosine,42,5,0.7418,27,35,60
2026-04-17T09:02:48,audio,30,30,0.0,correlation,15,0.1,cosine,25,,leaf,euclidean,42,5,0.7145,28,33,72
2026-04-17T09:02:59,audio,30,30,0.05,cosine,15,0.1,cosine,10,,eom,euclidean,42,8,0.6066,11,23,110
2026-04-17T09:02:59,audio,30,30,0.05,cosine,15,0.1,euclidean,10,,eom,euclidean,42,8,0.6066,11,23,110
2026-04-17T09:02:59,audio,30,30,0.05,cosine,15,0.1,cosine,10,,eom,cosine,42,8,0.6011,12,23,111
2026-04-17T09:03:00,audio,30,30,0.05,cosine,15,0.1,euclidean,10,,eom,cosine,42,8,0.6011,12,23,111
2026-04-17T09:03:12,audio,30,30,0.05,euclidean,15,0.1,euclidean,10,,eom,euclidean,42,3,0.4863,57,85,234
2026-04-17T09:03:12,audio,30,30,0.05,euclidean,15,0.1,euclidean,10,,eom,cosine,42,3,0.485,55,87,235
2026-04-17T09:03:12,audio,30,30,0.05,euclidean,15,0.1,cosine,10,,eom,euclidean,42,3,0.4863,57,85,234
2026-04-17T09:03:12,audio,30,30,0.05,euclidean,15,0.1,cosine,10,,eom,cosine,42,3,0.485,55,87,235
2026-04-17T09:03:24,audio,30,30,0.05,correlation,15,0.1,euclidean,10,,eom,euclidean,42,6,0.5423,13,60,91
2026-04-17T09:03:25,audio,30,30,0.05,correlation,15,0.1,euclidean,10,,eom,cosine,42,9,0.6011,10,20,87
2026-04-17T09:03:25,audio,30,30,0.05,correlation,15,0.1,cosine,10,,eom,euclidean,42,6,0.5423,13,60,91
2026-04-17T09:03:25,audio,30,30,0.05,correlation,15,0.1,cosine,10,,eom,cosine,42,9,0.6011,10,20,87
2026-04-17T09:03:38,audio,30,30,0.05,cosine,15,0.1,euclidean,10,,leaf,cosine,42,9,0.6243,10,17,111
2026-04-17T09:03:38,audio,30,30,0.05,cosine,15,0.1,cosine,10,,leaf,euclidean,42,8,0.6066,11,23,110
2026-04-17T09:03:38,audio,30,30,0.05,cosine,15,0.1,euclidean,10,,leaf,euclidean,42,8,0.6066,11,23,110
2026-04-17T09:03:38,audio,30,30,0.05,cosine,15,0.1,cosine,10,,leaf,cosine,42,9,0.6243,10,17,111
2026-04-17T09:03:50,audio,30,30,0.05,euclidean,15,0.1,euclidean,10,,leaf,euclidean,42,9,0.6612,10,14,85
2026-04-17T09:03:51,audio,30,30,0.05,euclidean,15,0.1,euclidean,10,,leaf,cosine,42,8,0.6749,10,17,87
2026-04-17T09:03:51,audio,30,30,0.05,euclidean,15,0.1,cosine,10,,leaf,cosine,42,8,0.6749,10,17,87
2026-04-17T09:03:51,audio,30,30,0.05,euclidean,15,0.1,cosine,10,,leaf,euclidean,42,9,0.6612,10,14,85
2026-04-17T09:04:03,audio,30,30,0.05,correlation,15,0.1,cosine,10,,leaf,euclidean,42,10,0.6516,10,17,67
2026-04-17T09:04:03,audio,30,30,0.05,correlation,15,0.1,euclidean,10,,leaf,euclidean,42,10,0.6516,10,17,67
2026-04-17T09:04:03,audio,30,30,0.05,correlation,15,0.1,cosine,10,,leaf,cosine,42,10,0.6475,10,17,60
2026-04-17T09:04:04,audio,30,30,0.05,correlation,15,0.1,euclidean,10,,leaf,cosine,42,10,0.6475,10,17,60
2026-04-17T09:04:16,audio,30,30,0.05,cosine,15,0.1,cosine,15,,eom,euclidean,42,4,0.6407,16,55,136
2026-04-17T09:04:16,audio,30,30,0.05,cosine,15,0.1,euclidean,15,,eom,euclidean,42,4,0.6407,16,55,136
2026-04-17T09:04:16,audio,30,30,0.05,cosine,15,0.1,euclidean,15,,eom,cosine,42,4,0.6612,36,64,83
2026-04-17T09:04:16,audio,30,30,0.05,cosine,15,0.1,cosine,15,,eom,cosine,42,4,0.6612,36,64,83
2026-04-17T09:04:28,audio,30,30,0.05,euclidean,15,0.1,cosine,15,,eom,euclidean,42,4,0.6011,32,50,160
2026-04-17T09:04:28,audio,30,30,0.05,euclidean,15,0.1,euclidean,15,,eom,euclidean,42,4,0.6011,32,50,160
2026-04-17T09:04:28,audio,30,30,0.05,euclidean,15,0.1,cosine,15,,eom,cosine,42,4,0.6011,30,50,162
2026-04-17T09:04:28,audio,30,30,0.05,euclidean,15,0.1,euclidean,15,,eom,cosine,42,4,0.6011,30,50,162
2026-04-17T09:04:41,audio,30,30,0.05,correlation,15,0.1,cosine,15,,eom,euclidean,42,3,0.5929,49,62,187
2026-04-17T09:04:41,audio,30,30,0.05,correlation,15,0.1,euclidean,15,,eom,euclidean,42,3,0.5929,49,62,187
2026-04-17T09:04:42,audio,30,30,0.05,correlation,15,0.1,euclidean,15,,eom,cosine,42,3,0.6257,47,58,169
2026-04-17T09:04:42,audio,30,30,0.05,correlation,15,0.1,cosine,15,,eom,cosine,42,3,0.6257,47,58,169
2026-04-17T09:04:54,audio,30,30,0.05,cosine,15,0.1,cosine,15,,leaf,euclidean,42,5,0.7199,16,35,76
2026-04-17T09:04:54,audio,30,30,0.05,cosine,15,0.1,euclidean,15,,leaf,euclidean,42,5,0.7199,16,35,76
2026-04-17T09:04:55,audio,30,30,0.05,cosine,15,0.1,euclidean,15,,leaf,cosine,42,4,0.6612,36,64,83
2026-04-17T09:04:55,audio,30,30,0.05,cosine,15,0.1,cosine,15,,leaf,cosine,42,4,0.6612,36,64,83
2026-04-17T09:05:06,audio,30,30,0.05,euclidean,15,0.1,euclidean,15,,leaf,euclidean,42,6,0.6762,16,42,56
2026-04-17T09:05:06,audio,30,30,0.05,euclidean,15,0.1,cosine,15,,leaf,euclidean,42,6,0.6762,16,42,56
2026-04-17T09:05:06,audio,30,30,0.05,euclidean,15,0.1,euclidean,15,,leaf,cosine,42,6,0.679,16,42,56
2026-04-17T09:05:07,audio,30,30,0.05,euclidean,15,0.1,cosine,15,,leaf,cosine,42,6,0.679,16,42,56
2026-04-17T09:05:20,audio,30,30,0.05,correlation,15,0.1,euclidean,15,,leaf,euclidean,42,6,0.7295,15,28,62
2026-04-17T09:05:20,audio,30,30,0.05,correlation,15,0.1,cosine,15,,leaf,euclidean,42,6,0.7295,15,28,62
2026-04-17T09:05:20,audio,30,30,0.05,correlation,15,0.1,cosine,15,,leaf,cosine,42,6,0.7268,15,30,58
2026-04-17T09:05:20,audio,30,30,0.05,correlation,15,0.1,euclidean,15,,leaf,cosine,42,6,0.7268,15,30,58
2026-04-17T09:05:33,audio,30,30,0.05,cosine,15,0.1,euclidean,25,,eom,euclidean,42,2,0.5505,142,164,187
2026-04-17T09:05:33,audio,30,30,0.05,cosine,15,0.1,cosine,25,,eom,euclidean,42,2,0.5505,142,164,187
2026-04-17T09:05:33,audio,30,30,0.05,cosine,15,0.1,cosine,25,,eom,cosine,42,2,0.5342,129,170,212
2026-04-17T09:05:33,audio,30,30,0.05,cosine,15,0.1,euclidean,25,,eom,cosine,42,2,0.5342,129,170,212
2026-04-17T09:05:44,audio,30,30,0.05,euclidean,15,0.1,euclidean,25,,eom,euclidean,42,3,0.6434,27,107,127
2026-04-17T09:05:44,audio,30,30,0.05,euclidean,15,0.1,euclidean,25,,eom,cosine,42,3,0.6407,27,109,127
2026-04-17T09:05:44,audio,30,30,0.05,euclidean,15,0.1,cosine,25,,eom,euclidean,42,3,0.6434,27,107,127
2026-04-17T09:05:44,audio,30,30,0.05,euclidean,15,0.1,cosine,25,,eom,cosine,42,3,0.6407,27,109,127
2026-04-17T09:05:57,audio,30,30,0.05,correlation,15,0.1,euclidean,25,,eom,euclidean,42,2,0.6516,111,127,144
2026-04-17T09:05:58,audio,30,30,0.05,correlation,15,0.1,euclidean,25,,eom,cosine,42,2,0.627,128,136,145
2026-04-17T09:05:58,audio,30,30,0.05,correlation,15,0.1,cosine,25,,eom,cosine,42,2,0.627,128,136,145
2026-04-17T09:05:58,audio,30,30,0.05,correlation,15,0.1,cosine,25,,eom,euclidean,42,2,0.6516,111,127,144
2026-04-17T09:06:10,audio,30,30,0.05,cosine,15,0.1,euclidean,25,,leaf,cosine,42,4,0.7937,31,35,49
2026-04-17T09:06:11,audio,30,30,0.05,cosine,15,0.1,euclidean,25,,leaf,euclidean,42,4,0.7842,33,35,54
2026-04-17T09:06:11,audio,30,30,0.05,cosine,15,0.1,cosine,25,,leaf,euclidean,42,4,0.7842,33,35,54
2026-04-17T09:06:11,audio,30,30,0.05,cosine,15,0.1,cosine,25,,leaf,cosine,42,4,0.7937,31,35,49
2026-04-17T09:06:22,audio,30,30,0.05,euclidean,15,0.1,euclidean,25,,leaf,euclidean,42,4,0.7063,27,40,107
2026-04-17T09:06:22,audio,30,30,0.05,euclidean,15,0.1,euclidean,25,,leaf,cosine,42,4,0.7049,27,40,109
2026-04-17T09:06:22,audio,30,30,0.05,euclidean,15,0.1,cosine,25,,leaf,euclidean,42,4,0.7063,27,40,107
2026-04-17T09:06:22,audio,30,30,0.05,euclidean,15,0.1,cosine,25,,leaf,cosine,42,4,0.7049,27,40,109
2026-04-17T09:06:36,audio,30,30,0.05,correlation,15,0.1,euclidean,25,,leaf,euclidean,42,4,0.8142,26,32,45
2026-04-17T09:06:36,audio,30,30,0.05,correlation,15,0.1,cosine,25,,leaf,euclidean,42,4,0.8142,26,32,45
2026-04-17T09:06:36,audio,30,30,0.05,correlation,15,0.1,euclidean,25,,leaf,cosine,42,4,0.8019,25,35,50
2026-04-17T09:06:36,audio,30,30,0.05,correlation,15,0.1,cosine,25,,leaf,cosine,42,4,0.8019,25,35,50
2026-04-17T09:06:48,audio,35,10,0.0,cosine,15,0.1,cosine,10,,eom,euclidean,42,2,0.0082,11,363,715
2026-04-17T09:06:48,audio,35,10,0.0,cosine,15,0.1,euclidean,10,,eom,euclidean,42,2,0.0082,11,363,715
2026-04-17T09:06:48,audio,35,10,0.0,cosine,15,0.1,euclidean,10,,eom,cosine,42,2,0.0096,11,362,714
2026-04-17T09:06:48,audio,35,10,0.0,cosine,15,0.1,cosine,10,,eom,cosine,42,2,0.0096,11,362,714
2026-04-17T09:07:00,audio,35,10,0.0,euclidean,15,0.1,euclidean,10,,eom,euclidean,42,2,0.0232,11,357,704
2026-04-17T09:07:00,audio,35,10,0.0,euclidean,15,0.1,cosine,10,,eom,euclidean,42,2,0.0232,11,357,704
2026-04-17T09:07:00,audio,35,10,0.0,euclidean,15,0.1,cosine,10,,eom,cosine,42,2,0.0219,11,358,705
2026-04-17T09:07:00,audio,35,10,0.0,euclidean,15,0.1,euclidean,10,,eom,cosine,42,2,0.0219,11,358,705
2026-04-17T09:07:13,audio,35,10,0.0,correlation,15,0.1,euclidean,10,,eom,euclidean,42,2,0.0997,29,329,630
2026-04-17T09:07:13,audio,35,10,0.0,correlation,15,0.1,euclidean,10,,eom,cosine,42,2,0.0956,28,331,634
2026-04-17T09:07:13,audio,35,10,0.0,correlation,15,0.1,cosine,10,,eom,cosine,42,2,0.0956,28,331,634
2026-04-17T09:07:14,audio,35,10,0.0,correlation,15,0.1,cosine,10,,eom,euclidean,42,2,0.0997,29,329,630
2026-04-17T09:07:25,audio,35,10,0.0,cosine,15,0.1,cosine,10,,leaf,euclidean,42,15,0.5027,11,18,54
2026-04-17T09:07:25,audio,35,10,0.0,cosine,15,0.1,euclidean,10,,leaf,euclidean,42,15,0.5027,11,18,54
2026-04-17T09:07:25,audio,35,10,0.0,cosine,15,0.1,euclidean,10,,leaf,cosine,42,15,0.5109,11,19,52
2026-04-17T09:07:25,audio,35,10,0.0,cosine,15,0.1,cosine,10,,leaf,cosine,42,15,0.5109,11,19,52
2026-04-17T09:07:37,audio,35,10,0.0,euclidean,15,0.1,euclidean,10,,leaf,cosine,42,14,0.597,10,19,49
2026-04-17T09:07:37,audio,35,10,0.0,euclidean,15,0.1,euclidean,10,,leaf,euclidean,42,16,0.5997,10,17,39
2026-04-17T09:07:37,audio,35,10,0.0,euclidean,15,0.1,cosine,10,,leaf,euclidean,42,16,0.5997,10,17,39
2026-04-17T09:07:37,audio,35,10,0.0,euclidean,15,0.1,cosine,10,,leaf,cosine,42,14,0.597,10,19,49
2026-04-17T09:07:49,audio,35,10,0.0,correlation,15,0.1,euclidean,10,,leaf,cosine,42,15,0.6025,11,17,37
2026-04-17T09:07:49,audio,35,10,0.0,correlation,15,0.1,euclidean,10,,leaf,euclidean,42,16,0.5956,10,16,34
2026-04-17T09:07:50,audio,35,10,0.0,correlation,15,0.1,cosine,10,,leaf,euclidean,42,16,0.5956,10,16,34
2026-04-17T09:07:50,audio,35,10,0.0,correlation,15,0.1,cosine,10,,leaf,cosine,42,15,0.6025,11,17,37
2026-04-17T09:08:03,audio,35,10,0.0,cosine,15,0.1,euclidean,15,,eom,cosine,42,2,0.1598,31,307,584
2026-04-17T09:08:03,audio,35,10,0.0,cosine,15,0.1,euclidean,15,,eom,euclidean,42,2,0.1708,30,303,577
2026-04-17T09:08:03,audio,35,10,0.0,cosine,15,0.1,cosine,15,,eom,euclidean,42,2,0.1708,30,303,577
2026-04-17T09:08:03,audio,35,10,0.0,cosine,15,0.1,cosine,15,,eom,cosine,42,2,0.1598,31,307,584
2026-04-17T09:08:15,audio,35,10,0.0,euclidean,15,0.1,euclidean,15,,eom,euclidean,42,5,0.4754,24,54,205
2026-04-17T09:08:15,audio,35,10,0.0,euclidean,15,0.1,cosine,15,,eom,cosine,42,6,0.4932,20,31,212
2026-04-17T09:08:16,audio,35,10,0.0,euclidean,15,0.1,euclidean,15,,eom,cosine,42,6,0.4932,20,31,212
2026-04-17T09:08:16,audio,35,10,0.0,euclidean,15,0.1,cosine,15,,eom,euclidean,42,5,0.4754,24,54,205
2026-04-17T09:08:28,audio,35,10,0.0,correlation,15,0.1,euclidean,15,,eom,euclidean,42,2,0.1366,26,316,606
2026-04-17T09:08:28,audio,35,10,0.0,correlation,15,0.1,euclidean,15,,eom,cosine,42,2,0.1257,28,320,612
2026-04-17T09:08:28,audio,35,10,0.0,correlation,15,0.1,cosine,15,,eom,cosine,42,2,0.1257,28,320,612
2026-04-17T09:08:28,audio,35,10,0.0,correlation,15,0.1,cosine,15,,eom,euclidean,42,2,0.1366,26,316,606
2026-04-17T09:08:41,audio,35,10,0.0,cosine,15,0.1,euclidean,15,,leaf,euclidean,42,8,0.6093,15,37,59
2026-04-17T09:08:41,audio,35,10,0.0,cosine,15,0.1,euclidean,15,,leaf,cosine,42,9,0.627,15,31,53
2026-04-17T09:08:41,audio,35,10,0.0,cosine,15,0.1,cosine,15,,leaf,cosine,42,9,0.627,15,31,53
2026-04-17T09:08:41,audio,35,10,0.0,cosine,15,0.1,cosine,15,,leaf,euclidean,42,8,0.6093,15,37,59
2026-04-17T09:08:52,audio,35,10,0.0,euclidean,15,0.1,euclidean,15,,leaf,euclidean,42,7,0.6202,15,31,70
2026-04-17T09:08:52,audio,35,10,0.0,euclidean,15,0.1,euclidean,15,,leaf,cosine,42,8,0.6598,15,27,59
2026-04-17T09:08:52,audio,35,10,0.0,euclidean,15,0.1,cosine,15,,leaf,cosine,42,8,0.6598,15,27,59
2026-04-17T09:08:52,audio,35,10,0.0,euclidean,15,0.1,cosine,15,,leaf,euclidean,42,7,0.6202,15,31,70
2026-04-17T09:09:05,audio,35,10,0.0,correlation,15,0.1,euclidean,15,,leaf,euclidean,42,7,0.5014,19,54,77
2026-04-17T09:09:05,audio,35,10,0.0,correlation,15,0.1,euclidean,15,,leaf,cosine,42,7,0.5492,17,53,70
2026-04-17T09:09:05,audio,35,10,0.0,correlation,15,0.1,cosine,15,,leaf,euclidean,42,7,0.5014,19,54,77
2026-04-17T09:09:05,audio,35,10,0.0,correlation,15,0.1,cosine,15,,leaf,cosine,42,7,0.5492,17,53,70
2026-04-17T09:09:18,audio,35,10,0.0,cosine,15,0.1,euclidean,25,,eom,euclidean,42,4,0.5984,37,55,146
2026-04-17T09:09:18,audio,35,10,0.0,cosine,15,0.1,cosine,25,,eom,euclidean,42,4,0.5984,37,55,146
2026-04-17T09:09:18,audio,35,10,0.0,cosine,15,0.1,cosine,25,,eom,cosine,42,3,0.5669,41,131,145
2026-04-17T09:09:18,audio,35,10,0.0,cosine,15,0.1,euclidean,25,,eom,cosine,42,3,0.5669,41,131,145
2026-04-17T09:09:29,audio,35,10,0.0,euclidean,15,0.1,euclidean,25,,eom,euclidean,42,2,0.4235,210,211,212
2026-04-17T09:09:29,audio,35,10,0.0,euclidean,15,0.1,euclidean,25,,eom,cosine,42,3,0.5068,34,147,180
2026-04-17T09:09:29,audio,35,10,0.0,euclidean,15,0.1,cosine,25,,eom,euclidean,42,2,0.4235,210,211,212
2026-04-17T09:09:29,audio,35,10,0.0,euclidean,15,0.1,cosine,25,,eom,cosine,42,3,0.5068,34,147,180
2026-04-17T09:09:42,audio,35,10,0.0,correlation,15,0.1,euclidean,25,,eom,euclidean,42,3,0.4454,49,164,193
2026-04-17T09:09:42,audio,35,10,0.0,correlation,15,0.1,euclidean,25,,eom,cosine,42,3,0.4536,45,157,198
2026-04-17T09:09:42,audio,35,10,0.0,correlation,15,0.1,cosine,25,,eom,euclidean,42,3,0.4454,49,164,193
2026-04-17T09:09:43,audio,35,10,0.0,correlation,15,0.1,cosine,25,,eom,cosine,42,3,0.4536,45,157,198
2026-04-17T09:09:54,audio,35,10,0.0,cosine,15,0.1,cosine,25,,leaf,euclidean,42,5,0.6749,25,44,67
2026-04-17T09:09:54,audio,35,10,0.0,cosine,15,0.1,euclidean,25,,leaf,euclidean,42,5,0.6749,25,44,67
2026-04-17T09:09:54,audio,35,10,0.0,cosine,15,0.1,euclidean,25,,leaf,cosine,42,5,0.7158,25,41,56
2026-04-17T09:09:54,audio,35,10,0.0,cosine,15,0.1,cosine,25,,leaf,cosine,42,5,0.7158,25,41,56
2026-04-17T09:10:06,audio,35,10,0.0,euclidean,15,0.1,euclidean,25,,leaf,euclidean,42,4,0.5451,34,44,210
2026-04-17T09:10:07,audio,35,10,0.0,euclidean,15,0.1,euclidean,25,,leaf,cosine,42,4,0.582,34,46,180
2026-04-17T09:10:07,audio,35,10,0.0,euclidean,15,0.1,cosine,25,,leaf,euclidean,42,4,0.5451,34,44,210
2026-04-17T09:10:07,audio,35,10,0.0,euclidean,15,0.1,cosine,25,,leaf,cosine,42,4,0.582,34,46,180
2026-04-17T09:10:20,audio,35,10,0.0,correlation,15,0.1,cosine,25,,leaf,euclidean,42,5,0.6571,29,49,78
2026-04-17T09:10:20,audio,35,10,0.0,correlation,15,0.1,euclidean,25,,leaf,euclidean,42,5,0.6571,29,49,78
2026-04-17T09:10:20,audio,35,10,0.0,correlation,15,0.1,euclidean,25,,leaf,cosine,42,5,0.6516,31,45,83
2026-04-17T09:10:20,audio,35,10,0.0,correlation,15,0.1,cosine,25,,leaf,cosine,42,5,0.6516,31,45,83
2026-04-17T09:10:31,audio,35,10,0.05,cosine,15,0.1,cosine,10,,eom,euclidean,42,3,0.1544,10,29,580
2026-04-17T09:10:31,audio,35,10,0.05,cosine,15,0.1,euclidean,10,,eom,euclidean,42,3,0.1544,10,29,580
2026-04-17T09:10:31,audio,35,10,0.05,cosine,15,0.1,euclidean,10,,eom,cosine,42,13,0.5219,10,17,80
2026-04-17T09:10:32,audio,35,10,0.05,cosine,15,0.1,cosine,10,,eom,cosine,42,13,0.5219,10,17,80
2026-04-17T09:10:44,audio,35,10,0.05,euclidean,15,0.1,euclidean,10,,eom,euclidean,42,2,0.0874,11,334,657
2026-04-17T09:10:44,audio,35,10,0.05,euclidean,15,0.1,euclidean,10,,eom,cosine,42,2,0.0874,11,334,657
2026-04-17T09:10:44,audio,35,10,0.05,euclidean,15,0.1,cosine,10,,eom,euclidean,42,2,0.0874,11,334,657
2026-04-17T09:10:44,audio,35,10,0.05,euclidean,15,0.1,cosine,10,,eom,cosine,42,2,0.0874,11,334,657
2026-04-17T09:10:56,audio,35,10,0.05,correlation,15,0.1,cosine,10,,eom,euclidean,42,12,0.5137,11,23,62
2026-04-17T09:10:56,audio,35,10,0.05,correlation,15,0.1,euclidean,10,,eom,euclidean,42,12,0.5137,11,23,62
2026-04-17T09:10:56,audio,35,10,0.05,correlation,15,0.1,euclidean,10,,eom,cosine,42,12,0.5546,10,24,61
2026-04-17T09:10:56,audio,35,10,0.05,correlation,15,0.1,cosine,10,,eom,cosine,42,12,0.5546,10,24,61
2026-04-17T09:11:09,audio,35,10,0.05,cosine,15,0.1,euclidean,10,,leaf,euclidean,42,12,0.556,10,20,75
2026-04-17T09:11:09,audio,35,10,0.05,cosine,15,0.1,cosine,10,,leaf,cosine,42,14,0.5628,10,17,52
2026-04-17T09:11:09,audio,35,10,0.05,cosine,15,0.1,euclidean,10,,leaf,cosine,42,14,0.5628,10,17,52
2026-04-17T09:11:09,audio,35,10,0.05,cosine,15,0.1,cosine,10,,leaf,euclidean,42,12,0.556,10,20,75
2026-04-17T09:11:21,audio,35,10,0.05,euclidean,15,0.1,euclidean,10,,leaf,cosine,42,13,0.6639,11,19,35
2026-04-17T09:11:21,audio,35,10,0.05,euclidean,15,0.1,euclidean,10,,leaf,euclidean,42,14,0.6516,10,18,33
2026-04-17T09:11:21,audio,35,10,0.05,euclidean,15,0.1,cosine,10,,leaf,euclidean,42,14,0.6516,10,18,33
2026-04-17T09:11:22,audio,35,10,0.05,euclidean,15,0.1,cosine,10,,leaf,cosine,42,13,0.6639,11,19,35
2026-04-17T09:11:33,audio,35,10,0.05,correlation,15,0.1,euclidean,10,,leaf,euclidean,42,15,0.6079,10,14,62
2026-04-17T09:11:33,audio,35,10,0.05,correlation,15,0.1,cosine,10,,leaf,euclidean,42,15,0.6079,10,14,62
2026-04-17T09:11:33,audio,35,10,0.05,correlation,15,0.1,euclidean,10,,leaf,cosine,42,14,0.6243,10,14,61
2026-04-17T09:11:34,audio,35,10,0.05,correlation,15,0.1,cosine,10,,leaf,cosine,42,14,0.6243,10,14,61
2026-04-17T09:11:46,audio,35,10,0.05,cosine,15,0.1,euclidean,15,,eom,euclidean,42,2,0.1749,30,302,574
2026-04-17T09:11:46,audio,35,10,0.05,cosine,15,0.1,cosine,15,,eom,cosine,42,2,0.1694,30,304,578
2026-04-17T09:11:46,audio,35,10,0.05,cosine,15,0.1,euclidean,15,,eom,cosine,42,2,0.1694,30,304,578
2026-04-17T09:11:46,audio,35,10,0.05,cosine,15,0.1,cosine,15,,eom,euclidean,42,2,0.1749,30,302,574
2026-04-17T09:11:57,audio,35,10,0.05,euclidean,15,0.1,euclidean,15,,eom,euclidean,42,5,0.4795,23,54,210
2026-04-17T09:11:57,audio,35,10,0.05,euclidean,15,0.1,cosine,15,,eom,euclidean,42,5,0.4795,23,54,210
2026-04-17T09:11:58,audio,35,10,0.05,euclidean,15,0.1,euclidean,15,,eom,cosine,42,5,0.4809,23,55,201
2026-04-17T09:11:58,audio,35,10,0.05,euclidean,15,0.1,cosine,15,,eom,cosine,42,5,0.4809,23,55,201
2026-04-17T09:12:11,audio,35,10,0.05,correlation,15,0.1,euclidean,15,,eom,cosine,42,5,0.5055,18,61,174
2026-04-17T09:12:11,audio,35,10,0.05,correlation,15,0.1,cosine,15,,eom,euclidean,42,5,0.5041,18,61,179
2026-04-17T09:12:11,audio,35,10,0.05,correlation,15,0.1,euclidean,15,,eom,euclidean,42,5,0.5041,18,61,179
2026-04-17T09:12:11,audio,35,10,0.05,correlation,15,0.1,cosine,15,,eom,cosine,42,5,0.5055,18,61,174
2026-04-17T09:12:23,audio,35,10,0.05,cosine,15,0.1,euclidean,15,,leaf,euclidean,42,7,0.6366,21,31,55
2026-04-17T09:12:23,audio,35,10,0.05,cosine,15,0.1,cosine,15,,leaf,euclidean,42,7,0.6366,21,31,55
2026-04-17T09:12:24,audio,35,10,0.05,cosine,15,0.1,cosine,15,,leaf,cosine,42,7,0.6257,21,36,55
2026-04-17T09:12:24,audio,35,10,0.05,cosine,15,0.1,euclidean,15,,leaf,cosine,42,7,0.6257,21,36,55
2026-04-17T09:12:35,audio,35,10,0.05,euclidean,15,0.1,euclidean,15,,leaf,cosine,42,6,0.6243,23,48,72
2026-04-17T09:12:35,audio,35,10,0.05,euclidean,15,0.1,cosine,15,,leaf,euclidean,42,6,0.638,23,47,69
2026-04-17T09:12:35,audio,35,10,0.05,euclidean,15,0.1,euclidean,15,,leaf,euclidean,42,6,0.638,23,47,69
2026-04-17T09:12:35,audio,35,10,0.05,euclidean,15,0.1,cosine,15,,leaf,cosine,42,6,0.6243,23,48,72
2026-04-17T09:12:48,audio,35,10,0.05,correlation,15,0.1,euclidean,15,,leaf,euclidean,42,7,0.6148,15,43,62
2026-04-17T09:12:48,audio,35,10,0.05,correlation,15,0.1,euclidean,15,,leaf,cosine,42,6,0.5929,18,53,64
2026-04-17T09:12:48,audio,35,10,0.05,correlation,15,0.1,cosine,15,,leaf,euclidean,42,7,0.6148,15,43,62
2026-04-17T09:12:48,audio,35,10,0.05,correlation,15,0.1,cosine,15,,leaf,cosine,42,6,0.5929,18,53,64
2026-04-17T09:12:59,audio,35,10,0.05,cosine,15,0.1,cosine,25,,eom,euclidean,42,4,0.6421,25,50,136
2026-04-17T09:13:00,audio,35,10,0.05,cosine,15,0.1,euclidean,25,,eom,euclidean,42,4,0.6421,25,50,136
2026-04-17T09:13:00,audio,35,10,0.05,cosine,15,0.1,cosine,25,,eom,cosine,42,4,0.6434,29,54,124
2026-04-17T09:13:00,audio,35,10,0.05,cosine,15,0.1,euclidean,25,,eom,cosine,42,4,0.6434,29,54,124
2026-04-17T09:13:12,audio,35,10,0.05,euclidean,15,0.1,euclidean,25,,eom,euclidean,42,3,0.5314,28,122,193
2026-04-17T09:13:12,audio,35,10,0.05,euclidean,15,0.1,cosine,25,,eom,euclidean,42,3,0.5314,28,122,193
2026-04-17T09:13:12,audio,35,10,0.05,euclidean,15,0.1,euclidean,25,,eom,cosine,42,2,0.4645,192,196,200
2026-04-17T09:13:12,audio,35,10,0.05,euclidean,15,0.1,cosine,25,,eom,cosine,42,2,0.4645,192,196,200
2026-04-17T09:13:25,audio,35,10,0.05,correlation,15,0.1,euclidean,25,,eom,euclidean,42,3,0.5014,40,162,163
2026-04-17T09:13:25,audio,35,10,0.05,correlation,15,0.1,euclidean,25,,eom,cosine,42,3,0.515,41,150,164
2026-04-17T09:13:26,audio,35,10,0.05,correlation,15,0.1,cosine,25,,eom,euclidean,42,3,0.5014,40,162,163
2026-04-17T09:13:26,audio,35,10,0.05,correlation,15,0.1,cosine,25,,eom,cosine,42,3,0.515,41,150,164
2026-04-17T09:13:37,audio,35,10,0.05,cosine,15,0.1,cosine,25,,leaf,cosine,42,5,0.7077,28,46,62
2026-04-17T09:13:37,audio,35,10,0.05,cosine,15,0.1,cosine,25,,leaf,euclidean,42,5,0.7295,25,44,57
2026-04-17T09:13:37,audio,35,10,0.05,cosine,15,0.1,euclidean,25,,leaf,euclidean,42,5,0.7295,25,44,57
2026-04-17T09:13:38,audio,35,10,0.05,cosine,15,0.1,euclidean,25,,leaf,cosine,42,5,0.7077,28,46,62
2026-04-17T09:13:50,audio,35,10,0.05,euclidean,15,0.1,euclidean,25,,leaf,euclidean,42,4,0.5847,28,41,193
2026-04-17T09:13:50,audio,35,10,0.05,euclidean,15,0.1,euclidean,25,,leaf,cosine,42,4,0.5874,25,42,192
2026-04-17T09:13:50,audio,35,10,0.05,euclidean,15,0.1,cosine,25,,leaf,euclidean,42,4,0.5847,28,41,193
2026-04-17T09:13:50,audio,35,10,0.05,euclidean,15,0.1,cosine,25,,leaf,cosine,42,4,0.5874,25,42,192
2026-04-17T09:14:02,audio,35,10,0.05,correlation,15,0.1,euclidean,25,,leaf,euclidean,42,5,0.694,34,40,75
2026-04-17T09:14:02,audio,35,10,0.05,correlation,15,0.1,euclidean,25,,leaf,cosine,42,5,0.7049,32,39,71
2026-04-17T09:14:02,audio,35,10,0.05,correlation,15,0.1,cosine,25,,leaf,cosine,42,5,0.7049,32,39,71
2026-04-17T09:14:02,audio,35,10,0.05,correlation,15,0.1,cosine,25,,leaf,euclidean,42,5,0.694,34,40,75
2026-04-17T09:14:14,audio,35,15,0.0,cosine,15,0.1,cosine,10,,eom,euclidean,42,6,0.3525,15,66,178
2026-04-17T09:14:14,audio,35,15,0.0,cosine,15,0.1,euclidean,10,,eom,euclidean,42,6,0.3525,15,66,178
2026-04-17T09:14:15,audio,35,15,0.0,cosine,15,0.1,euclidean,10,,eom,cosine,42,8,0.4727,11,39,127
2026-04-17T09:14:15,audio,35,15,0.0,cosine,15,0.1,cosine,10,,eom,cosine,42,8,0.4727,11,39,127
2026-04-17T09:14:27,audio,35,15,0.0,euclidean,15,0.1,euclidean,10,,eom,euclidean,42,2,0.0423,11,350,690
2026-04-17T09:14:27,audio,35,15,0.0,euclidean,15,0.1,euclidean,10,,eom,cosine,42,2,0.0396,11,351,692
2026-04-17T09:14:27,audio,35,15,0.0,euclidean,15,0.1,cosine,10,,eom,cosine,42,2,0.0396,11,351,692
2026-04-17T09:14:27,audio,35,15,0.0,euclidean,15,0.1,cosine,10,,eom,euclidean,42,2,0.0423,11,350,690
2026-04-17T09:14:39,audio,35,15,0.0,correlation,15,0.1,cosine,10,,eom,euclidean,42,8,0.4563,10,43,93
2026-04-17T09:14:39,audio,35,15,0.0,correlation,15,0.1,cosine,10,,eom,cosine,42,7,0.429,12,28,202
2026-04-17T09:14:39,audio,35,15,0.0,correlation,15,0.1,euclidean,10,,eom,euclidean,42,8,0.4563,10,43,93
2026-04-17T09:14:39,audio,35,15,0.0,correlation,15,0.1,euclidean,10,,eom,cosine,42,7,0.429,12,28,202
2026-04-17T09:14:52,audio,35,15,0.0,cosine,15,0.1,cosine,10,,leaf,euclidean,42,11,0.5861,11,23,66
2026-04-17T09:14:52,audio,35,15,0.0,cosine,15,0.1,euclidean,10,,leaf,euclidean,42,11,0.5861,11,23,66
2026-04-17T09:14:52,audio,35,15,0.0,cosine,15,0.1,euclidean,10,,leaf,cosine,42,10,0.5997,10,24,62
2026-04-17T09:14:52,audio,35,15,0.0,cosine,15,0.1,cosine,10,,leaf,cosine,42,10,0.5997,10,24,62
2026-04-17T09:15:03,audio,35,15,0.0,euclidean,15,0.1,euclidean,10,,leaf,euclidean,42,12,0.638,11,18,51
2026-04-17T09:15:04,audio,35,15,0.0,euclidean,15,0.1,euclidean,10,,leaf,cosine,42,10,0.5601,10,27,87
2026-04-17T09:15:04,audio,35,15,0.0,euclidean,15,0.1,cosine,10,,leaf,euclidean,42,12,0.638,11,18,51
2026-04-17T09:15:04,audio,35,15,0.0,euclidean,15,0.1,cosine,10,,leaf,cosine,42,10,0.5601,10,27,87
2026-04-17T09:15:17,audio,35,15,0.0,correlation,15,0.1,euclidean,10,,leaf,euclidean,42,12,0.6243,10,20,69
2026-04-17T09:15:17,audio,35,15,0.0,correlation,15,0.1,euclidean,10,,leaf,cosine,42,12,0.6243,10,19,68
2026-04-17T09:15:17,audio,35,15,0.0,correlation,15,0.1,cosine,10,,leaf,euclidean,42,12,0.6243,10,20,69
2026-04-17T09:15:17,audio,35,15,0.0,correlation,15,0.1,cosine,10,,leaf,cosine,42,12,0.6243,10,19,68
2026-04-17T09:15:29,audio,35,15,0.0,cosine,15,0.1,cosine,15,,eom,euclidean,42,5,0.4563,18,59,173
2026-04-17T09:15:30,audio,35,15,0.0,cosine,15,0.1,euclidean,15,,eom,cosine,42,5,0.4467,18,60,176
2026-04-17T09:15:30,audio,35,15,0.0,cosine,15,0.1,euclidean,15,,eom,euclidean,42,5,0.4563,18,59,173
2026-04-17T09:15:30,audio,35,15,0.0,cosine,15,0.1,cosine,15,,eom,cosine,42,5,0.4467,18,60,176
2026-04-17T09:15:41,audio,35,15,0.0,euclidean,15,0.1,euclidean,15,,eom,euclidean,42,4,0.5178,28,62,200
2026-04-17T09:15:41,audio,35,15,0.0,euclidean,15,0.1,cosine,15,,eom,euclidean,42,4,0.5178,28,62,200
2026-04-17T09:15:41,audio,35,15,0.0,euclidean,15,0.1,euclidean,15,,eom,cosine,42,4,0.5519,29,59,180
2026-04-17T09:15:41,audio,35,15,0.0,euclidean,15,0.1,cosine,15,,eom,cosine,42,4,0.5519,29,59,180
2026-04-17T09:15:54,audio,35,15,0.0,correlation,15,0.1,euclidean,15,,eom,euclidean,42,5,0.4481,19,81,174
2026-04-17T09:15:55,audio,35,15,0.0,correlation,15,0.1,euclidean,15,,eom,cosine,42,5,0.4986,20,64,170
2026-04-17T09:15:55,audio,35,15,0.0,correlation,15,0.1,cosine,15,,eom,euclidean,42,5,0.4481,19,81,174
2026-04-17T09:15:55,audio,35,15,0.0,correlation,15,0.1,cosine,15,,eom,cosine,42,5,0.4986,20,64,170
2026-04-17T09:16:06,audio,35,15,0.0,cosine,15,0.1,euclidean,15,,leaf,euclidean,42,7,0.5519,15,55,93
2026-04-17T09:16:06,audio,35,15,0.0,cosine,15,0.1,cosine,15,,leaf,euclidean,42,7,0.5519,15,55,93
2026-04-17T09:16:06,audio,35,15,0.0,cosine,15,0.1,cosine,15,,leaf,cosine,42,8,0.5956,15,35,60
2026-04-17T09:16:06,audio,35,15,0.0,cosine,15,0.1,euclidean,15,,leaf,cosine,42,8,0.5956,15,35,60
2026-04-17T09:16:19,audio,35,15,0.0,euclidean,15,0.1,euclidean,15,,leaf,euclidean,42,6,0.6462,28,38,73
2026-04-17T09:16:19,audio,35,15,0.0,euclidean,15,0.1,euclidean,15,,leaf,cosine,42,6,0.6585,29,36,68
2026-04-17T09:16:19,audio,35,15,0.0,euclidean,15,0.1,cosine,15,,leaf,euclidean,42,6,0.6462,28,38,73
2026-04-17T09:16:19,audio,35,15,0.0,euclidean,15,0.1,cosine,15,,leaf,cosine,42,6,0.6585,29,36,68
2026-04-17T09:16:32,audio,35,15,0.0,correlation,15,0.1,euclidean,15,,leaf,euclidean,42,6,0.5219,19,60,84
2026-04-17T09:16:32,audio,35,15,0.0,correlation,15,0.1,cosine,15,,leaf,euclidean,42,6,0.5219,19,60,84
2026-04-17T09:16:32,audio,35,15,0.0,correlation,15,0.1,euclidean,15,,leaf,cosine,42,6,0.5861,20,54,68
2026-04-17T09:16:33,audio,35,15,0.0,correlation,15,0.1,cosine,15,,leaf,cosine,42,6,0.5861,20,54,68
2026-04-17T09:16:44,audio,35,15,0.0,cosine,15,0.1,euclidean,25,,eom,euclidean,42,3,0.4959,43,155,171
2026-04-17T09:16:44,audio,35,15,0.0,cosine,15,0.1,cosine,25,,eom,euclidean,42,3,0.4959,43,155,171
2026-04-17T09:16:44,audio,35,15,0.0,cosine,15,0.1,cosine,25,,eom,cosine,42,4,0.556,40,55,175
2026-04-17T09:16:44,audio,35,15,0.0,cosine,15,0.1,euclidean,25,,eom,cosine,42,4,0.556,40,55,175
2026-04-17T09:16:56,audio,35,15,0.0,euclidean,15,0.1,cosine,25,,eom,euclidean,42,4,0.571,28,45,196
2026-04-17T09:16:57,audio,35,15,0.0,euclidean,15,0.1,euclidean,25,,eom,euclidean,42,4,0.571,28,45,196
2026-04-17T09:16:57,audio,35,15,0.0,euclidean,15,0.1,cosine,25,,eom,cosine,42,3,0.526,30,131,186
2026-04-17T09:16:57,audio,35,15,0.0,euclidean,15,0.1,euclidean,25,,eom,cosine,42,3,0.526,30,131,186
2026-04-17T09:17:09,audio,35,15,0.0,correlation,15,0.1,euclidean,25,,eom,euclidean,42,4,0.6339,36,49,133
2026-04-17T09:17:09,audio,35,15,0.0,correlation,15,0.1,cosine,25,,eom,euclidean,42,4,0.6339,36,49,133
2026-04-17T09:17:09,audio,35,15,0.0,correlation,15,0.1,euclidean,25,,eom,cosine,42,5,0.694,28,41,69
2026-04-17T09:17:09,audio,35,15,0.0,correlation,15,0.1,cosine,25,,eom,cosine,42,5,0.694,28,41,69
2026-04-17T09:17:22,audio,35,15,0.0,cosine,15,0.1,euclidean,25,,leaf,euclidean,42,5,0.6516,41,43,67
2026-04-17T09:17:22,audio,35,15,0.0,cosine,15,0.1,cosine,25,,leaf,euclidean,42,5,0.6516,41,43,67
2026-04-17T09:17:22,audio,35,15,0.0,cosine,15,0.1,cosine,25,,leaf,cosine,42,5,0.6393,40,46,74
2026-04-17T09:17:22,audio,35,15,0.0,cosine,15,0.1,euclidean,25,,leaf,cosine,42,5,0.6393,40,46,74
2026-04-17T09:17:35,audio,35,15,0.0,euclidean,15,0.1,euclidean,25,,leaf,euclidean,42,4,0.571,28,45,196
2026-04-17T09:17:35,audio,35,15,0.0,euclidean,15,0.1,euclidean,25,,leaf,cosine,42,4,0.5997,30,38,186
2026-04-17T09:17:35,audio,35,15,0.0,euclidean,15,0.1,cosine,25,,leaf,cosine,42,4,0.5997,30,38,186
2026-04-17T09:17:35,audio,35,15,0.0,euclidean,15,0.1,cosine,25,,leaf,euclidean,42,4,0.571,28,45,196
2026-04-17T09:17:47,audio,35,15,0.0,correlation,15,0.1,euclidean,25,,leaf,euclidean,42,5,0.694,26,43,63
2026-04-17T09:17:47,audio,35,15,0.0,correlation,15,0.1,euclidean,25,,leaf,cosine,42,5,0.694,28,41,69
2026-04-17T09:17:47,audio,35,15,0.0,correlation,15,0.1,cosine,25,,leaf,cosine,42,5,0.694,28,41,69
2026-04-17T09:17:47,audio,35,15,0.0,correlation,15,0.1,cosine,25,,leaf,euclidean,42,5,0.694,26,43,63
2026-04-17T09:18:00,audio,35,15,0.05,cosine,15,0.1,cosine,10,,eom,euclidean,42,7,0.4454,13,55,178
2026-04-17T09:18:00,audio,35,15,0.05,cosine,15,0.1,euclidean,10,,eom,cosine,42,9,0.5464,13,27,65
2026-04-17T09:18:00,audio,35,15,0.05,cosine,15,0.1,euclidean,10,,eom,euclidean,42,7,0.4454,13,55,178
2026-04-17T09:18:00,audio,35,15,0.05,cosine,15,0.1,cosine,10,,eom,cosine,42,9,0.5464,13,27,65
2026-04-17T09:18:11,audio,35,15,0.05,euclidean,15,0.1,cosine,10,,eom,euclidean,42,2,0.0888,11,333,656
2026-04-17T09:18:11,audio,35,15,0.05,euclidean,15,0.1,euclidean,10,,eom,euclidean,42,2,0.0888,11,333,656
2026-04-17T09:18:11,audio,35,15,0.05,euclidean,15,0.1,cosine,10,,eom,cosine,42,2,0.0765,11,338,665
2026-04-17T09:18:11,audio,35,15,0.05,euclidean,15,0.1,euclidean,10,,eom,cosine,42,2,0.0765,11,338,665
2026-04-17T09:18:24,audio,35,15,0.05,correlation,15,0.1,cosine,10,,eom,euclidean,42,9,0.5423,11,29,72
2026-04-17T09:18:24,audio,35,15,0.05,correlation,15,0.1,euclidean,10,,eom,euclidean,42,9,0.5423,11,29,72
2026-04-17T09:18:24,audio,35,15,0.05,correlation,15,0.1,euclidean,10,,eom,cosine,42,9,0.5464,11,25,82
2026-04-17T09:18:24,audio,35,15,0.05,correlation,15,0.1,cosine,10,,eom,cosine,42,9,0.5464,11,25,82
2026-04-17T09:18:37,audio,35,15,0.05,cosine,15,0.1,euclidean,10,,leaf,euclidean,42,10,0.5806,13,23,64
2026-04-17T09:18:37,audio,35,15,0.05,cosine,15,0.1,cosine,10,,leaf,euclidean,42,10,0.5806,13,23,64
2026-04-17T09:18:37,audio,35,15,0.05,cosine,15,0.1,euclidean,10,,leaf,cosine,42,10,0.571,13,24,65
2026-04-17T09:18:38,audio,35,15,0.05,cosine,15,0.1,cosine,10,,leaf,cosine,42,10,0.571,13,24,65
2026-04-17T09:18:48,audio,35,15,0.05,euclidean,15,0.1,euclidean,10,,leaf,euclidean,42,11,0.6954,10,18,45
2026-04-17T09:18:49,audio,35,15,0.05,euclidean,15,0.1,cosine,10,,leaf,euclidean,42,11,0.6954,10,18,45
2026-04-17T09:18:49,audio,35,15,0.05,euclidean,15,0.1,euclidean,10,,leaf,cosine,42,10,0.6189,11,25,58
2026-04-17T09:18:49,audio,35,15,0.05,euclidean,15,0.1,cosine,10,,leaf,cosine,42,10,0.6189,11,25,58
2026-04-17T09:19:02,audio,35,15,0.05,correlation,15,0.1,euclidean,10,,leaf,euclidean,42,11,0.6421,11,16,70
2026-04-17T09:19:02,audio,35,15,0.05,correlation,15,0.1,cosine,10,,leaf,euclidean,42,11,0.6421,11,16,70
2026-04-17T09:19:02,audio,35,15,0.05,correlation,15,0.1,euclidean,10,,leaf,cosine,42,11,0.6544,11,15,69
2026-04-17T09:19:02,audio,35,15,0.05,correlation,15,0.1,cosine,10,,leaf,cosine,42,11,0.6544,11,15,69
2026-04-17T09:19:14,audio,35,15,0.05,cosine,15,0.1,euclidean,15,,eom,cosine,42,6,0.5533,18,54,88
2026-04-17T09:19:14,audio,35,15,0.05,cosine,15,0.1,euclidean,15,,eom,euclidean,42,6,0.5587,17,55,83
2026-04-17T09:19:14,audio,35,15,0.05,cosine,15,0.1,cosine,15,,eom,cosine,42,6,0.5533,18,54,88
2026-04-17T09:19:14,audio,35,15,0.05,cosine,15,0.1,cosine,15,,eom,euclidean,42,6,0.5587,17,55,83
2026-04-17T09:19:26,audio,35,15,0.05,euclidean,15,0.1,euclidean,15,,eom,euclidean,42,4,0.5656,30,59,169
2026-04-17T09:19:26,audio,35,15,0.05,euclidean,15,0.1,euclidean,15,,eom,cosine,42,4,0.5533,38,59,170
2026-04-17T09:19:27,audio,35,15,0.05,euclidean,15,0.1,cosine,15,,eom,euclidean,42,4,0.5656,30,59,169
2026-04-17T09:19:27,audio,35,15,0.05,euclidean,15,0.1,cosine,15,,eom,cosine,42,4,0.5533,38,59,170
2026-04-17T09:19:40,audio,35,15,0.05,correlation,15,0.1,cosine,15,,eom,cosine,42,5,0.5505,18,60,154
2026-04-17T09:19:40,audio,35,15,0.05,correlation,15,0.1,euclidean,15,,eom,euclidean,42,5,0.5519,15,56,155
2026-04-17T09:19:40,audio,35,15,0.05,correlation,15,0.1,cosine,15,,eom,euclidean,42,5,0.5519,15,56,155
2026-04-17T09:19:40,audio,35,15,0.05,correlation,15,0.1,euclidean,15,,eom,cosine,42,5,0.5505,18,60,154
2026-04-17T09:19:51,audio,35,15,0.05,cosine,15,0.1,euclidean,15,,leaf,euclidean,42,6,0.5587,17,55,83
2026-04-17T09:19:52,audio,35,15,0.05,cosine,15,0.1,euclidean,15,,leaf,cosine,42,6,0.5533,18,54,88
2026-04-17T09:19:52,audio,35,15,0.05,cosine,15,0.1,cosine,15,,leaf,cosine,42,6,0.5533,18,54,88
2026-04-17T09:19:52,audio,35,15,0.05,cosine,15,0.1,cosine,15,,leaf,euclidean,42,6,0.5587,17,55,83
2026-04-17T09:20:04,audio,35,15,0.05,euclidean,15,0.1,euclidean,15,,leaf,euclidean,42,6,0.6407,22,40,69
2026-04-17T09:20:04,audio,35,15,0.05,euclidean,15,0.1,euclidean,15,,leaf,cosine,42,6,0.6749,16,35,67
2026-04-17T09:20:04,audio,35,15,0.05,euclidean,15,0.1,cosine,15,,leaf,cosine,42,6,0.6749,16,35,67
2026-04-17T09:20:04,audio,35,15,0.05,euclidean,15,0.1,cosine,15,,leaf,euclidean,42,6,0.6407,22,40,69
2026-04-17T09:20:16,audio,35,15,0.05,correlation,15,0.1,euclidean,15,,leaf,euclidean,42,6,0.6339,15,48,60
2026-04-17T09:20:16,audio,35,15,0.05,correlation,15,0.1,cosine,15,,leaf,euclidean,42,6,0.6339,15,48,60
2026-04-17T09:20:16,audio,35,15,0.05,correlation,15,0.1,cosine,15,,leaf,cosine,42,6,0.6202,18,51,61
2026-04-17T09:20:16,audio,35,15,0.05,correlation,15,0.1,euclidean,15,,leaf,cosine,42,6,0.6202,18,51,61
2026-04-17T09:20:29,audio,35,15,0.05,cosine,15,0.1,cosine,25,,eom,euclidean,42,3,0.5191,39,152,161
2026-04-17T09:20:29,audio,35,15,0.05,cosine,15,0.1,euclidean,25,,eom,euclidean,42,3,0.5191,39,152,161
2026-04-17T09:20:29,audio,35,15,0.05,cosine,15,0.1,cosine,25,,eom,cosine,42,3,0.5505,37,145,147
2026-04-17T09:20:29,audio,35,15,0.05,cosine,15,0.1,euclidean,25,,eom,cosine,42,3,0.5505,37,145,147
2026-04-17T09:20:42,audio,35,15,0.05,euclidean,15,0.1,euclidean,25,,eom,euclidean,42,2,0.4454,203,203,203
2026-04-17T09:20:42,audio,35,15,0.05,euclidean,15,0.1,euclidean,25,,eom,cosine,42,2,0.4904,173,186,200
2026-04-17T09:20:42,audio,35,15,0.05,euclidean,15,0.1,cosine,25,,eom,cosine,42,2,0.4904,173,186,200
2026-04-17T09:20:42,audio,35,15,0.05,euclidean,15,0.1,cosine,25,,eom,euclidean,42,2,0.4454,203,203,203
2026-04-17T09:20:54,audio,35,15,0.05,correlation,15,0.1,euclidean,25,,eom,euclidean,42,3,0.6366,44,56,166
2026-04-17T09:20:54,audio,35,15,0.05,correlation,15,0.1,euclidean,25,,eom,cosine,42,3,0.5601,49,64,209
2026-04-17T09:20:54,audio,35,15,0.05,correlation,15,0.1,cosine,25,,eom,euclidean,42,3,0.6366,44,56,166
2026-04-17T09:20:54,audio,35,15,0.05,correlation,15,0.1,cosine,25,,eom,cosine,42,3,0.5601,49,64,209
2026-04-17T09:21:07,audio,35,15,0.05,cosine,15,0.1,euclidean,25,,leaf,euclidean,42,5,0.694,35,39,59
2026-04-17T09:21:07,audio,35,15,0.05,cosine,15,0.1,cosine,25,,leaf,cosine,42,5,0.6913,36,39,59
2026-04-17T09:21:07,audio,35,15,0.05,cosine,15,0.1,cosine,25,,leaf,euclidean,42,5,0.694,35,39,59
2026-04-17T09:21:07,audio,35,15,0.05,cosine,15,0.1,euclidean,25,,leaf,cosine,42,5,0.6913,36,39,59
2026-04-17T09:21:19,audio,35,15,0.05,euclidean,15,0.1,cosine,25,,leaf,euclidean,42,4,0.5738,25,42,203
2026-04-17T09:21:19,audio,35,15,0.05,euclidean,15,0.1,euclidean,25,,leaf,cosine,42,3,0.5984,41,80,173
2026-04-17T09:21:19,audio,35,15,0.05,euclidean,15,0.1,euclidean,25,,leaf,euclidean,42,4,0.5738,25,42,203
2026-04-17T09:21:20,audio,35,15,0.05,euclidean,15,0.1,cosine,25,,leaf,cosine,42,3,0.5984,41,80,173
2026-04-17T09:21:32,audio,35,15,0.05,correlation,15,0.1,euclidean,25,,leaf,euclidean,42,3,0.6366,44,56,166
2026-04-17T09:21:32,audio,35,15,0.05,correlation,15,0.1,cosine,25,,leaf,euclidean,42,3,0.6366,44,56,166
2026-04-17T09:21:32,audio,35,15,0.05,correlation,15,0.1,cosine,25,,leaf,cosine,42,4,0.7541,33,41,64
2026-04-17T09:21:33,audio,35,15,0.05,correlation,15,0.1,euclidean,25,,leaf,cosine,42,4,0.7541,33,41,64
2026-04-17T09:21:45,audio,35,30,0.0,cosine,15,0.1,cosine,10,,eom,cosine,42,7,0.5765,10,39,73
2026-04-17T09:21:46,audio,35,30,0.0,cosine,15,0.1,cosine,10,,eom,euclidean,42,8,0.5861,10,35,73
2026-04-17T09:21:46,audio,35,30,0.0,cosine,15,0.1,euclidean,10,,eom,euclidean,42,8,0.5861,10,35,73
2026-04-17T09:21:46,audio,35,30,0.0,cosine,15,0.1,euclidean,10,,eom,cosine,42,7,0.5765,10,39,73
2026-04-17T09:21:57,audio,35,30,0.0,euclidean,15,0.1,euclidean,10,,eom,cosine,42,2,0.2978,10,257,504
2026-04-17T09:21:57,audio,35,30,0.0,euclidean,15,0.1,cosine,10,,eom,euclidean,42,2,0.2691,11,267,524
2026-04-17T09:21:57,audio,35,30,0.0,euclidean,15,0.1,euclidean,10,,eom,euclidean,42,2,0.2691,11,267,524
2026-04-17T09:21:57,audio,35,30,0.0,euclidean,15,0.1,cosine,10,,eom,cosine,42,2,0.2978,10,257,504
2026-04-17T09:22:10,audio,35,30,0.0,correlation,15,0.1,euclidean,10,,eom,euclidean,42,6,0.5464,10,49,122
2026-04-17T09:22:11,audio,35,30,0.0,correlation,15,0.1,euclidean,10,,eom,cosine,42,6,0.5533,11,48,124
2026-04-17T09:22:11,audio,35,30,0.0,correlation,15,0.1,cosine,10,,eom,euclidean,42,6,0.5464,10,49,122
2026-04-17T09:22:11,audio,35,30,0.0,correlation,15,0.1,cosine,10,,eom,cosine,42,6,0.5533,11,48,124
2026-04-17T09:22:22,audio,35,30,0.0,cosine,15,0.1,cosine,10,,leaf,euclidean,42,9,0.6216,10,33,70
2026-04-17T09:22:22,audio,35,30,0.0,cosine,15,0.1,euclidean,10,,leaf,euclidean,42,9,0.6216,10,33,70
2026-04-17T09:22:23,audio,35,30,0.0,cosine,15,0.1,cosine,10,,leaf,cosine,42,8,0.6107,10,30,73
2026-04-17T09:22:23,audio,35,30,0.0,cosine,15,0.1,euclidean,10,,leaf,cosine,42,8,0.6107,10,30,73
2026-04-17T09:22:35,audio,35,30,0.0,euclidean,15,0.1,euclidean,10,,leaf,euclidean,42,12,0.6694,10,16,55
2026-04-17T09:22:35,audio,35,30,0.0,euclidean,15,0.1,cosine,10,,leaf,euclidean,42,12,0.6694,10,16,55
2026-04-17T09:22:35,audio,35,30,0.0,euclidean,15,0.1,euclidean,10,,leaf,cosine,42,11,0.6585,10,16,53
2026-04-17T09:22:36,audio,35,30,0.0,euclidean,15,0.1,cosine,10,,leaf,cosine,42,11,0.6585,10,16,53
2026-04-17T09:22:48,audio,35,30,0.0,correlation,15,0.1,cosine,10,,leaf,euclidean,42,9,0.6489,10,19,54
2026-04-17T09:22:49,audio,35,30,0.0,correlation,15,0.1,euclidean,10,,leaf,euclidean,42,9,0.6489,10,19,54
2026-04-17T09:22:49,audio,35,30,0.0,correlation,15,0.1,cosine,10,,leaf,cosine,42,9,0.6503,11,19,52
2026-04-17T09:22:49,audio,35,30,0.0,correlation,15,0.1,euclidean,10,,leaf,cosine,42,9,0.6503,11,19,52
2026-04-17T09:23:00,audio,35,30,0.0,cosine,15,0.1,euclidean,15,,eom,euclidean,42,3,0.5219,39,66,245
2026-04-17T09:23:01,audio,35,30,0.0,cosine,15,0.1,cosine,15,,eom,euclidean,42,3,0.5219,39,66,245
2026-04-17T09:23:01,audio,35,30,0.0,cosine,15,0.1,euclidean,15,,eom,cosine,42,3,0.5219,54,57,239
2026-04-17T09:23:01,audio,35,30,0.0,cosine,15,0.1,cosine,15,,eom,cosine,42,3,0.5219,54,57,239
2026-04-17T09:23:13,audio,35,30,0.0,euclidean,15,0.1,euclidean,15,,eom,euclidean,42,4,0.6216,52,70,85
2026-04-17T09:23:13,audio,35,30,0.0,euclidean,15,0.1,euclidean,15,,eom,cosine,42,3,0.5478,51,65,215
2026-04-17T09:23:13,audio,35,30,0.0,euclidean,15,0.1,cosine,15,,eom,euclidean,42,4,0.6216,52,70,85
2026-04-17T09:23:14,audio,35,30,0.0,euclidean,15,0.1,cosine,15,,eom,cosine,42,3,0.5478,51,65,215
2026-04-17T09:23:26,audio,35,30,0.0,correlation,15,0.1,euclidean,15,,eom,euclidean,42,6,0.6038,17,50,70
2026-04-17T09:23:26,audio,35,30,0.0,correlation,15,0.1,cosine,15,,eom,euclidean,42,6,0.6038,17,50,70
2026-04-17T09:23:26,audio,35,30,0.0,correlation,15,0.1,euclidean,15,,eom,cosine,42,7,0.5779,15,49,69
2026-04-17T09:23:26,audio,35,30,0.0,correlation,15,0.1,cosine,15,,eom,cosine,42,7,0.5779,15,49,69
2026-04-17T09:23:39,audio,35,30,0.0,cosine,15,0.1,euclidean,15,,leaf,euclidean,42,6,0.679,17,37,66
2026-04-17T09:23:39,audio,35,30,0.0,cosine,15,0.1,euclidean,15,,leaf,cosine,42,6,0.6694,21,44,57
2026-04-17T09:23:39,audio,35,30,0.0,cosine,15,0.1,cosine,15,,leaf,euclidean,42,6,0.679,17,37,66
2026-04-17T09:23:39,audio,35,30,0.0,cosine,15,0.1,cosine,15,,leaf,cosine,42,6,0.6694,21,44,57
2026-04-17T09:23:50,audio,35,30,0.0,euclidean,15,0.1,euclidean,15,,leaf,euclidean,42,4,0.6216,52,70,85
2026-04-17T09:23:50,audio,35,30,0.0,euclidean,15,0.1,euclidean,15,,leaf,cosine,42,4,0.6721,51,60,68
2026-04-17T09:23:50,audio,35,30,0.0,euclidean,15,0.1,cosine,15,,leaf,euclidean,42,4,0.6216,52,70,85
2026-04-17T09:23:51,audio,35,30,0.0,euclidean,15,0.1,cosine,15,,leaf,cosine,42,4,0.6721,51,60,68
2026-04-17T09:24:04,audio,35,30,0.0,correlation,15,0.1,cosine,15,,leaf,euclidean,42,6,0.6038,17,50,70
2026-04-17T09:24:04,audio,35,30,0.0,correlation,15,0.1,euclidean,15,,leaf,cosine,42,7,0.5779,15,49,69
2026-04-17T09:24:04,audio,35,30,0.0,correlation,15,0.1,cosine,15,,leaf,cosine,42,7,0.5779,15,49,69
2026-04-17T09:24:04,audio,35,30,0.0,correlation,15,0.1,euclidean,15,,leaf,euclidean,42,6,0.6038,17,50,70
2026-04-17T09:24:17,audio,35,30,0.0,cosine,15,0.1,euclidean,25,,eom,euclidean,42,4,0.6421,30,50,131
2026-04-17T09:24:17,audio,35,30,0.0,cosine,15,0.1,cosine,25,,eom,euclidean,42,4,0.6421,30,50,131
2026-04-17T09:24:17,audio,35,30,0.0,cosine,15,0.1,euclidean,25,,eom,cosine,42,4,0.6626,29,46,126
2026-04-17T09:24:17,audio,35,30,0.0,cosine,15,0.1,cosine,25,,eom,cosine,42,4,0.6626,29,46,126
2026-04-17T09:24:28,audio,35,30,0.0,euclidean,15,0.1,euclidean,25,,eom,euclidean,42,3,0.6352,45,63,159
2026-04-17T09:24:29,audio,35,30,0.0,euclidean,15,0.1,cosine,25,,eom,euclidean,42,3,0.6352,45,63,159
2026-04-17T09:24:29,audio,35,30,0.0,euclidean,15,0.1,euclidean,25,,eom,cosine,42,3,0.7117,40,53,118
2026-04-17T09:24:29,audio,35,30,0.0,euclidean,15,0.1,cosine,25,,eom,cosine,42,3,0.7117,40,53,118
2026-04-17T09:24:42,audio,35,30,0.0,correlation,15,0.1,euclidean,25,,eom,euclidean,42,3,0.6393,34,62,168
2026-04-17T09:24:42,audio,35,30,0.0,correlation,15,0.1,cosine,25,,eom,euclidean,42,3,0.6393,34,62,168
2026-04-17T09:24:42,audio,35,30,0.0,correlation,15,0.1,euclidean,25,,eom,cosine,42,3,0.6503,35,63,158
2026-04-17T09:24:42,audio,35,30,0.0,correlation,15,0.1,cosine,25,,eom,cosine,42,3,0.6503,35,63,158
2026-04-17T09:24:54,audio,35,30,0.0,cosine,15,0.1,euclidean,25,,leaf,euclidean,42,5,0.7063,30,37,64
2026-04-17T09:24:54,audio,35,30,0.0,cosine,15,0.1,euclidean,25,,leaf,cosine,42,5,0.7145,29,36,57
2026-04-17T09:24:54,audio,35,30,0.0,cosine,15,0.1,cosine,25,,leaf,euclidean,42,5,0.7063,30,37,64
2026-04-17T09:24:54,audio,35,30,0.0,cosine,15,0.1,cosine,25,,leaf,cosine,42,5,0.7145,29,36,57
2026-04-17T09:25:06,audio,35,30,0.0,euclidean,15,0.1,cosine,25,,leaf,euclidean,42,4,0.7391,25,51,63
2026-04-17T09:25:07,audio,35,30,0.0,euclidean,15,0.1,euclidean,25,,leaf,euclidean,42,4,0.7391,25,51,63
2026-04-17T09:25:07,audio,35,30,0.0,euclidean,15,0.1,euclidean,25,,leaf,cosine,42,4,0.7623,38,41,53
2026-04-17T09:25:07,audio,35,30,0.0,euclidean,15,0.1,cosine,25,,leaf,cosine,42,4,0.7623,38,41,53
2026-04-17T09:25:20,audio,35,30,0.0,correlation,15,0.1,euclidean,25,,leaf,euclidean,42,4,0.7459,25,48,65
2026-04-17T09:25:20,audio,35,30,0.0,correlation,15,0.1,cosine,25,,leaf,euclidean,42,4,0.7459,25,48,65
2026-04-17T09:25:20,audio,35,30,0.0,correlation,15,0.1,euclidean,25,,leaf,cosine,42,4,0.7391,27,49,66
2026-04-17T09:25:20,audio,35,30,0.0,correlation,15,0.1,cosine,25,,leaf,cosine,42,4,0.7391,27,49,66
2026-04-17T09:25:32,audio,35,30,0.05,cosine,15,0.1,cosine,10,,eom,euclidean,42,3,0.4139,21,167,241
2026-04-17T09:25:32,audio,35,30,0.05,cosine,15,0.1,euclidean,10,,eom,euclidean,42,3,0.4139,21,167,241
2026-04-17T09:25:32,audio,35,30,0.05,cosine,15,0.1,euclidean,10,,eom,cosine,42,5,0.4863,10,32,242
2026-04-17T09:25:32,audio,35,30,0.05,cosine,15,0.1,cosine,10,,eom,cosine,42,5,0.4863,10,32,242
2026-04-17T09:25:45,audio,35,30,0.05,euclidean,15,0.1,euclidean,10,,eom,euclidean,42,2,0.3046,10,254,499
2026-04-17T09:25:45,audio,35,30,0.05,euclidean,15,0.1,euclidean,10,,eom,cosine,42,2,0.2869,10,261,512
2026-04-17T09:25:45,audio,35,30,0.05,euclidean,15,0.1,cosine,10,,eom,euclidean,42,2,0.3046,10,254,499
2026-04-17T09:25:45,audio,35,30,0.05,euclidean,15,0.1,cosine,10,,eom,cosine,42,2,0.2869,10,261,512
2026-04-17T09:25:57,audio,35,30,0.05,correlation,15,0.1,euclidean,10,,eom,euclidean,42,8,0.6216,10,33,72
2026-04-17T09:25:57,audio,35,30,0.05,correlation,15,0.1,euclidean,10,,eom,cosine,42,8,0.6243,11,31,75
2026-04-17T09:25:57,audio,35,30,0.05,correlation,15,0.1,cosine,10,,eom,euclidean,42,8,0.6216,10,33,72
2026-04-17T09:25:57,audio,35,30,0.05,correlation,15,0.1,cosine,10,,eom,cosine,42,8,0.6243,11,31,75
2026-04-17T09:26:10,audio,35,30,0.05,cosine,15,0.1,euclidean,10,,leaf,euclidean,42,9,0.7117,10,21,42
2026-04-17T09:26:10,audio,35,30,0.05,cosine,15,0.1,euclidean,10,,leaf,cosine,42,8,0.6749,10,27,70
2026-04-17T09:26:10,audio,35,30,0.05,cosine,15,0.1,cosine,10,,leaf,euclidean,42,9,0.7117,10,21,42
2026-04-17T09:26:10,audio,35,30,0.05,cosine,15,0.1,cosine,10,,leaf,cosine,42,8,0.6749,10,27,70
2026-04-17T09:26:23,audio,35,30,0.05,euclidean,15,0.1,euclidean,10,,leaf,cosine,42,11,0.6872,10,16,49
2026-04-17T09:26:23,audio,35,30,0.05,euclidean,15,0.1,euclidean,10,,leaf,euclidean,42,11,0.6831,10,15,53
2026-04-17T09:26:23,audio,35,30,0.05,euclidean,15,0.1,cosine,10,,leaf,euclidean,42,11,0.6831,10,15,53
2026-04-17T09:26:23,audio,35,30,0.05,euclidean,15,0.1,cosine,10,,leaf,cosine,42,11,0.6872,10,16,49
2026-04-17T09:26:35,audio,35,30,0.05,correlation,15,0.1,cosine,10,,leaf,euclidean,42,8,0.6216,10,33,72
2026-04-17T09:26:35,audio,35,30,0.05,correlation,15,0.1,euclidean,10,,leaf,euclidean,42,8,0.6216,10,33,72
2026-04-17T09:26:35,audio,35,30,0.05,correlation,15,0.1,cosine,10,,leaf,cosine,42,8,0.6243,11,31,75
2026-04-17T09:26:35,audio,35,30,0.05,correlation,15,0.1,euclidean,10,,leaf,cosine,42,8,0.6243,11,31,75
2026-04-17T09:26:48,audio,35,30,0.05,cosine,15,0.1,euclidean,15,,eom,cosine,42,3,0.515,52,54,249
2026-04-17T09:26:48,audio,35,30,0.05,cosine,15,0.1,cosine,15,,eom,euclidean,42,3,0.5287,53,57,235
2026-04-17T09:26:48,audio,35,30,0.05,cosine,15,0.1,euclidean,15,,eom,euclidean,42,3,0.5287,53,57,235
2026-04-17T09:26:49,audio,35,30,0.05,cosine,15,0.1,cosine,15,,eom,cosine,42,3,0.515,52,54,249
2026-04-17T09:27:00,audio,35,30,0.05,euclidean,15,0.1,cosine,15,,eom,euclidean,42,3,0.5601,51,59,212
2026-04-17T09:27:00,audio,35,30,0.05,euclidean,15,0.1,euclidean,15,,eom,cosine,42,4,0.6503,51,62,81
2026-04-17T09:27:00,audio,35,30,0.05,euclidean,15,0.1,cosine,15,,eom,cosine,42,4,0.6503,51,62,81
2026-04-17T09:27:00,audio,35,30,0.05,euclidean,15,0.1,euclidean,15,,eom,euclidean,42,3,0.5601,51,59,212
2026-04-17T09:27:13,audio,35,30,0.05,correlation,15,0.1,euclidean,15,,eom,cosine,42,4,0.5806,31,50,175
2026-04-17T09:27:13,audio,35,30,0.05,correlation,15,0.1,cosine,15,,eom,cosine,42,4,0.5806,31,50,175
2026-04-17T09:27:14,audio,35,30,0.05,correlation,15,0.1,euclidean,15,,eom,euclidean,42,3,0.5082,47,55,258
2026-04-17T09:27:14,audio,35,30,0.05,correlation,15,0.1,cosine,15,,eom,euclidean,42,3,0.5082,47,55,258
2026-04-17T09:27:27,audio,35,30,0.05,cosine,15,0.1,euclidean,15,,leaf,euclidean,42,5,0.694,18,53,62
2026-04-17T09:27:27,audio,35,30,0.05,cosine,15,0.1,cosine,15,,leaf,euclidean,42,5,0.694,18,53,62
2026-04-17T09:27:27,audio,35,30,0.05,cosine,15,0.1,cosine,15,,leaf,cosine,42,6,0.7022,16,39,54
2026-04-17T09:27:27,audio,35,30,0.05,cosine,15,0.1,euclidean,15,,leaf,cosine,42,6,0.7022,16,39,54
2026-04-17T09:27:38,audio,35,30,0.05,euclidean,15,0.1,euclidean,15,,leaf,euclidean,42,4,0.6721,51,61,66
2026-04-17T09:27:38,audio,35,30,0.05,euclidean,15,0.1,cosine,15,,leaf,cosine,42,4,0.6503,51,62,81
2026-04-17T09:27:38,audio,35,30,0.05,euclidean,15,0.1,euclidean,15,,leaf,cosine,42,4,0.6503,51,62,81
2026-04-17T09:27:38,audio,35,30,0.05,euclidean,15,0.1,cosine,15,,leaf,euclidean,42,4,0.6721,51,61,66
2026-04-17T09:27:52,audio,35,30,0.05,correlation,15,0.1,euclidean,15,,leaf,euclidean,42,6,0.6694,15,43,55
2026-04-17T09:27:52,audio,35,30,0.05,correlation,15,0.1,euclidean,15,,leaf,cosine,42,6,0.6721,17,43,56
2026-04-17T09:27:52,audio,35,30,0.05,correlation,15,0.1,cosine,15,,leaf,euclidean,42,6,0.6694,15,43,55
2026-04-17T09:27:52,audio,35,30,0.05,correlation,15,0.1,cosine,15,,leaf,cosine,42,6,0.6721,17,43,56
2026-04-17T09:28:04,audio,35,30,0.05,cosine,15,0.1,euclidean,25,,eom,cosine,42,3,0.6598,27,110,112
2026-04-17T09:28:04,audio,35,30,0.05,cosine,15,0.1,euclidean,25,,eom,euclidean,42,3,0.6475,27,114,117
2026-04-17T09:28:04,audio,35,30,0.05,cosine,15,0.1,cosine,25,,eom,cosine,42,3,0.6598,27,110,112
2026-04-17T09:28:04,audio,35,30,0.05,cosine,15,0.1,cosine,25,,eom,euclidean,42,3,0.6475,27,114,117
2026-04-17T09:28:16,audio,35,30,0.05,euclidean,15,0.1,euclidean,25,,eom,euclidean,42,3,0.6885,40,53,135
2026-04-17T09:28:16,audio,35,30,0.05,euclidean,15,0.1,cosine,25,,eom,euclidean,42,3,0.6885,40,53,135
2026-04-17T09:28:16,audio,35,30,0.05,euclidean,15,0.1,euclidean,25,,eom,cosine,42,3,0.724,42,51,109
2026-04-17T09:28:17,audio,35,30,0.05,euclidean,15,0.1,cosine,25,,eom,cosine,42,3,0.724,42,51,109
2026-04-17T09:28:30,audio,35,30,0.05,correlation,15,0.1,euclidean,25,,eom,euclidean,42,2,0.6011,122,146,170
2026-04-17T09:28:30,audio,35,30,0.05,correlation,15,0.1,cosine,25,,eom,euclidean,42,2,0.6011,122,146,170
2026-04-17T09:28:30,audio,35,30,0.05,correlation,15,0.1,cosine,25,,eom,cosine,42,3,0.6667,34,58,152
2026-04-17T09:28:30,audio,35,30,0.05,correlation,15,0.1,euclidean,25,,eom,cosine,42,3,0.6667,34,58,152
2026-04-17T09:28:42,audio,35,30,0.05,cosine,15,0.1,cosine,25,,leaf,cosine,42,5,0.7609,25,29,48
2026-04-17T09:28:42,audio,35,30,0.05,cosine,15,0.1,euclidean,25,,leaf,euclidean,42,5,0.7719,27,30,44
2026-04-17T09:28:42,audio,35,30,0.05,cosine,15,0.1,euclidean,25,,leaf,cosine,42,5,0.7609,25,29,48
2026-04-17T09:28:43,audio,35,30,0.05,cosine,15,0.1,cosine,25,,leaf,euclidean,42,5,0.7719,27,30,44
2026-04-17T09:28:55,audio,35,30,0.05,euclidean,15,0.1,cosine,25,,leaf,euclidean,42,4,0.7541,40,43,53
2026-04-17T09:28:55,audio,35,30,0.05,euclidean,15,0.1,euclidean,25,,leaf,euclidean,42,4,0.7541,40,43,53
2026-04-17T09:28:55,audio,35,30,0.05,euclidean,15,0.1,euclidean,25,,leaf,cosine,42,4,0.7828,28,40,51
2026-04-17T09:28:55,audio,35,30,0.05,euclidean,15,0.1,cosine,25,,leaf,cosine,42,4,0.7828,28,40,51
2026-04-17T09:29:07,audio,35,30,0.05,correlation,15,0.1,cosine,25,,leaf,euclidean,42,3,0.6503,33,53,170
2026-04-17T09:29:07,audio,35,30,0.05,correlation,15,0.1,euclidean,25,,leaf,euclidean,42,3,0.6503,33,53,170
2026-04-17T09:29:07,audio,35,30,0.05,correlation,15,0.1,euclidean,25,,leaf,cosine,42,3,0.6667,34,58,152
2026-04-17T09:29:08,audio,35,30,0.05,correlation,15,0.1,cosine,25,,leaf,cosine,42,3,0.6667,34,58,152
2026-04-17T09:29:20,audio,40,10,0.0,cosine,15,0.1,euclidean,10,,eom,euclidean,42,3,0.1175,11,24,611
2026-04-17T09:29:20,audio,40,10,0.0,cosine,15,0.1,euclidean,10,,eom,cosine,42,12,0.3757,11,26,124
2026-04-17T09:29:20,audio,40,10,0.0,cosine,15,0.1,cosine,10,,eom,euclidean,42,3,0.1175,11,24,611
2026-04-17T09:29:20,audio,40,10,0.0,cosine,15,0.1,cosine,10,,eom,cosine,42,12,0.3757,11,26,124
2026-04-17T09:29:31,audio,40,10,0.0,euclidean,15,0.1,euclidean,10,,eom,cosine,42,2,0.0109,11,362,713
2026-04-17T09:29:32,audio,40,10,0.0,euclidean,15,0.1,cosine,10,,eom,euclidean,42,2,0.0191,11,359,707
2026-04-17T09:29:32,audio,40,10,0.0,euclidean,15,0.1,euclidean,10,,eom,euclidean,42,2,0.0191,11,359,707
2026-04-17T09:29:32,audio,40,10,0.0,euclidean,15,0.1,cosine,10,,eom,cosine,42,2,0.0109,11,362,713
2026-04-17T09:29:45,audio,40,10,0.0,correlation,15,0.1,euclidean,10,,eom,cosine,42,13,0.4973,10,17,70
2026-04-17T09:29:45,audio,40,10,0.0,correlation,15,0.1,cosine,10,,eom,euclidean,42,11,0.4536,11,28,122
2026-04-17T09:29:45,audio,40,10,0.0,correlation,15,0.1,euclidean,10,,eom,euclidean,42,11,0.4536,11,28,122
2026-04-17T09:29:46,audio,40,10,0.0,correlation,15,0.1,cosine,10,,eom,cosine,42,13,0.4973,10,17,70
2026-04-17T09:29:58,audio,40,10,0.0,cosine,15,0.1,euclidean,10,,leaf,euclidean,42,14,0.4754,10,22,72
2026-04-17T09:29:58,audio,40,10,0.0,cosine,15,0.1,cosine,10,,leaf,euclidean,42,14,0.4754,10,22,72
2026-04-17T09:29:58,audio,40,10,0.0,cosine,15,0.1,cosine,10,,leaf,cosine,42,16,0.5027,10,17,83
2026-04-17T09:29:58,audio,40,10,0.0,cosine,15,0.1,euclidean,10,,leaf,cosine,42,16,0.5027,10,17,83
2026-04-17T09:30:09,audio,40,10,0.0,euclidean,15,0.1,euclidean,10,,leaf,euclidean,42,12,0.5546,11,22,69
2026-04-17T09:30:09,audio,40,10,0.0,euclidean,15,0.1,euclidean,10,,leaf,cosine,42,12,0.5533,11,23,59
2026-04-17T09:30:09,audio,40,10,0.0,euclidean,15,0.1,cosine,10,,leaf,cosine,42,12,0.5533,11,23,59
2026-04-17T09:30:09,audio,40,10,0.0,euclidean,15,0.1,cosine,10,,leaf,euclidean,42,12,0.5546,11,22,69
2026-04-17T09:30:22,audio,40,10,0.0,correlation,15,0.1,euclidean,10,,leaf,euclidean,42,13,0.5546,11,18,67
2026-04-17T09:30:22,audio,40,10,0.0,correlation,15,0.1,cosine,10,,leaf,euclidean,42,13,0.5546,11,18,67
2026-04-17T09:30:22,audio,40,10,0.0,correlation,15,0.1,euclidean,10,,leaf,cosine,42,14,0.5437,10,17,70
2026-04-17T09:30:22,audio,40,10,0.0,correlation,15,0.1,cosine,10,,leaf,cosine,42,14,0.5437,10,17,70
2026-04-17T09:30:34,audio,40,10,0.0,cosine,15,0.1,euclidean,15,,eom,euclidean,42,2,0.1626,24,306,589
2026-04-17T09:30:34,audio,40,10,0.0,cosine,15,0.1,cosine,15,,eom,euclidean,42,2,0.1626,24,306,589
2026-04-17T09:30:34,audio,40,10,0.0,cosine,15,0.1,euclidean,15,,eom,cosine,42,8,0.485,18,31,107
2026-04-17T09:30:34,audio,40,10,0.0,cosine,15,0.1,cosine,15,,eom,cosine,42,8,0.485,18,31,107
2026-04-17T09:30:47,audio,40,10,0.0,euclidean,15,0.1,cosine,15,,eom,euclidean,42,5,0.4139,25,56,219
2026-04-17T09:30:47,audio,40,10,0.0,euclidean,15,0.1,euclidean,15,,eom,cosine,42,5,0.4153,25,58,210
2026-04-17T09:30:47,audio,40,10,0.0,euclidean,15,0.1,euclidean,15,,eom,euclidean,42,5,0.4139,25,56,219
2026-04-17T09:30:48,audio,40,10,0.0,euclidean,15,0.1,cosine,15,,eom,cosine,42,5,0.4153,25,58,210
2026-04-17T09:31:00,audio,40,10,0.0,correlation,15,0.1,cosine,15,,eom,euclidean,42,2,0.168,29,304,580
2026-04-17T09:31:00,audio,40,10,0.0,correlation,15,0.1,euclidean,15,,eom,euclidean,42,2,0.168,29,304,580
2026-04-17T09:31:01,audio,40,10,0.0,correlation,15,0.1,cosine,15,,eom,cosine,42,6,0.4495,29,61,119
2026-04-17T09:31:01,audio,40,10,0.0,correlation,15,0.1,euclidean,15,,eom,cosine,42,6,0.4495,29,61,119
2026-04-17T09:31:12,audio,40,10,0.0,cosine,15,0.1,cosine,15,,leaf,euclidean,42,8,0.4645,17,43,101
2026-04-17T09:31:12,audio,40,10,0.0,cosine,15,0.1,euclidean,15,,leaf,euclidean,42,8,0.4645,17,43,101
2026-04-17T09:31:12,audio,40,10,0.0,cosine,15,0.1,cosine,15,,leaf,cosine,42,8,0.485,18,31,107
2026-04-17T09:31:12,audio,40,10,0.0,cosine,15,0.1,euclidean,15,,leaf,cosine,42,8,0.485,18,31,107
2026-04-17T09:31:24,audio,40,10,0.0,euclidean,15,0.1,cosine,15,,leaf,euclidean,42,8,0.5956,15,26,83
2026-04-17T09:31:24,audio,40,10,0.0,euclidean,15,0.1,euclidean,15,,leaf,euclidean,42,8,0.5956,15,26,83
2026-04-17T09:31:24,audio,40,10,0.0,euclidean,15,0.1,euclidean,15,,leaf,cosine,42,10,0.623,15,23,58
2026-04-17T09:31:25,audio,40,10,0.0,euclidean,15,0.1,cosine,15,,leaf,cosine,42,10,0.623,15,23,58
2026-04-17T09:31:38,audio,40,10,0.0,correlation,15,0.1,euclidean,15,,leaf,euclidean,42,6,0.4467,29,61,121
2026-04-17T09:31:38,audio,40,10,0.0,correlation,15,0.1,euclidean,15,,leaf,cosine,42,7,0.5219,18,59,73
2026-04-17T09:31:38,audio,40,10,0.0,correlation,15,0.1,cosine,15,,leaf,cosine,42,7,0.5219,18,59,73
2026-04-17T09:31:38,audio,40,10,0.0,correlation,15,0.1,cosine,15,,leaf,euclidean,42,6,0.4467,29,61,121
2026-04-17T09:31:50,audio,40,10,0.0,cosine,15,0.1,cosine,25,,eom,euclidean,42,2,0.4317,155,208,261
2026-04-17T09:31:51,audio,40,10,0.0,cosine,15,0.1,euclidean,25,,eom,cosine,42,3,0.6216,35,61,181
2026-04-17T09:31:51,audio,40,10,0.0,cosine,15,0.1,cosine,25,,eom,cosine,42,3,0.6216,35,61,181
2026-04-17T09:31:51,audio,40,10,0.0,cosine,15,0.1,euclidean,25,,eom,euclidean,42,2,0.4317,155,208,261
2026-04-17T09:32:03,audio,40,10,0.0,euclidean,15,0.1,euclidean,25,,eom,euclidean,42,4,0.5301,33,60,191
2026-04-17T09:32:03,audio,40,10,0.0,euclidean,15,0.1,euclidean,25,,eom,cosine,42,4,0.5314,35,65,177
2026-04-17T09:32:03,audio,40,10,0.0,euclidean,15,0.1,cosine,25,,eom,cosine,42,4,0.5314,35,65,177
2026-04-17T09:32:03,audio,40,10,0.0,euclidean,15,0.1,cosine,25,,eom,euclidean,42,4,0.5301,33,60,191
2026-04-17T09:32:15,audio,40,10,0.0,correlation,15,0.1,cosine,25,,eom,euclidean,42,4,0.5642,27,65,162
2026-04-17T09:32:15,audio,40,10,0.0,correlation,15,0.1,euclidean,25,,eom,euclidean,42,4,0.5642,27,65,162
2026-04-17T09:32:15,audio,40,10,0.0,correlation,15,0.1,euclidean,25,,eom,cosine,42,4,0.5833,27,53,172
2026-04-17T09:32:15,audio,40,10,0.0,correlation,15,0.1,cosine,25,,eom,cosine,42,4,0.5833,27,53,172
2026-04-17T09:32:28,audio,40,10,0.0,cosine,15,0.1,cosine,25,,leaf,euclidean,42,6,0.6434,25,41,63
2026-04-17T09:32:28,audio,40,10,0.0,cosine,15,0.1,euclidean,25,,leaf,cosine,42,4,0.7213,35,50,69
2026-04-17T09:32:28,audio,40,10,0.0,cosine,15,0.1,cosine,25,,leaf,cosine,42,4,0.7213,35,50,69
2026-04-17T09:32:28,audio,40,10,0.0,cosine,15,0.1,euclidean,25,,leaf,euclidean,42,6,0.6434,25,41,63
2026-04-17T09:32:39,audio,40,10,0.0,euclidean,15,0.1,euclidean,25,,leaf,euclidean,42,4,0.5301,33,60,191
2026-04-17T09:32:39,audio,40,10,0.0,euclidean,15,0.1,euclidean,25,,leaf,cosine,42,4,0.5314,35,65,177
2026-04-17T09:32:39,audio,40,10,0.0,euclidean,15,0.1,cosine,25,,leaf,cosine,42,4,0.5314,35,65,177
2026-04-17T09:32:39,audio,40,10,0.0,euclidean,15,0.1,cosine,25,,leaf,euclidean,42,4,0.5301,33,60,191
2026-04-17T09:32:52,audio,40,10,0.0,correlation,15,0.1,euclidean,25,,leaf,euclidean,42,5,0.6216,27,59,78
2026-04-17T09:32:52,audio,40,10,0.0,correlation,15,0.1,cosine,25,,leaf,euclidean,42,5,0.6216,27,59,78
2026-04-17T09:32:52,audio,40,10,0.0,correlation,15,0.1,euclidean,25,,leaf,cosine,42,5,0.6557,27,43,76
2026-04-17T09:32:53,audio,40,10,0.0,correlation,15,0.1,cosine,25,,leaf,cosine,42,5,0.6557,27,43,76
2026-04-17T09:33:05,audio,40,10,0.05,cosine,15,0.1,euclidean,10,,eom,euclidean,42,11,0.4549,10,29,110
2026-04-17T09:33:05,audio,40,10,0.05,cosine,15,0.1,cosine,10,,eom,euclidean,42,11,0.4549,10,29,110
2026-04-17T09:33:06,audio,40,10,0.05,cosine,15,0.1,euclidean,10,,eom,cosine,42,10,0.4904,11,31,75
2026-04-17T09:33:06,audio,40,10,0.05,cosine,15,0.1,cosine,10,,eom,cosine,42,10,0.4904,11,31,75
2026-04-17T09:33:16,audio,40,10,0.05,euclidean,15,0.1,cosine,10,,eom,euclidean,42,6,0.3921,11,39,205
2026-04-17T09:33:17,audio,40,10,0.05,euclidean,15,0.1,euclidean,10,,eom,euclidean,42,6,0.3921,11,39,205
2026-04-17T09:33:17,audio,40,10,0.05,euclidean,15,0.1,cosine,10,,eom,cosine,42,8,0.4809,11,22,203
2026-04-17T09:33:17,audio,40,10,0.05,euclidean,15,0.1,euclidean,10,,eom,cosine,42,8,0.4809,11,22,203
2026-04-17T09:33:30,audio,40,10,0.05,correlation,15,0.1,euclidean,10,,eom,cosine,42,3,0.1325,10,29,596
2026-04-17T09:33:30,audio,40,10,0.05,correlation,15,0.1,cosine,10,,eom,euclidean,42,2,0.1694,29,304,579
2026-04-17T09:33:30,audio,40,10,0.05,correlation,15,0.1,euclidean,10,,eom,euclidean,42,2,0.1694,29,304,579
2026-04-17T09:33:30,audio,40,10,0.05,correlation,15,0.1,cosine,10,,eom,cosine,42,3,0.1325,10,29,596
2026-04-17T09:33:41,audio,40,10,0.05,cosine,15,0.1,euclidean,10,,leaf,euclidean,42,14,0.5902,10,16,47
2026-04-17T09:33:41,audio,40,10,0.05,cosine,15,0.1,euclidean,10,,leaf,cosine,42,12,0.5765,11,22,60
2026-04-17T09:33:42,audio,40,10,0.05,cosine,15,0.1,cosine,10,,leaf,cosine,42,12,0.5765,11,22,60
2026-04-17T09:33:42,audio,40,10,0.05,cosine,15,0.1,cosine,10,,leaf,euclidean,42,14,0.5902,10,16,47
2026-04-17T09:33:54,audio,40,10,0.05,euclidean,15,0.1,cosine,10,,leaf,euclidean,42,11,0.6148,11,23,56
2026-04-17T09:33:54,audio,40,10,0.05,euclidean,15,0.1,euclidean,10,,leaf,euclidean,42,11,0.6148,11,23,56
2026-04-17T09:33:54,audio,40,10,0.05,euclidean,15,0.1,euclidean,10,,leaf,cosine,42,11,0.6175,11,22,57
2026-04-17T09:33:54,audio,40,10,0.05,euclidean,15,0.1,cosine,10,,leaf,cosine,42,11,0.6175,11,22,57
2026-04-17T09:34:07,audio,40,10,0.05,correlation,15,0.1,euclidean,10,,leaf,euclidean,42,10,0.6557,12,22,56
2026-04-17T09:34:07,audio,40,10,0.05,correlation,15,0.1,cosine,10,,leaf,euclidean,42,10,0.6557,12,22,56
2026-04-17T09:34:07,audio,40,10,0.05,correlation,15,0.1,euclidean,10,,leaf,cosine,42,11,0.6352,10,18,59
2026-04-17T09:34:07,audio,40,10,0.05,correlation,15,0.1,cosine,10,,leaf,cosine,42,11,0.6352,10,18,59
2026-04-17T09:34:19,audio,40,10,0.05,cosine,15,0.1,euclidean,15,,eom,euclidean,42,2,0.2268,24,283,542
2026-04-17T09:34:19,audio,40,10,0.05,cosine,15,0.1,cosine,15,,eom,euclidean,42,2,0.2268,24,283,542
2026-04-17T09:34:19,audio,40,10,0.05,cosine,15,0.1,euclidean,15,,eom,cosine,42,2,0.1954,26,294,563
2026-04-17T09:34:19,audio,40,10,0.05,cosine,15,0.1,cosine,15,,eom,cosine,42,2,0.1954,26,294,563
2026-04-17T09:34:31,audio,40,10,0.05,euclidean,15,0.1,euclidean,15,,eom,cosine,42,5,0.5027,17,52,198
2026-04-17T09:34:31,audio,40,10,0.05,euclidean,15,0.1,euclidean,15,,eom,euclidean,42,5,0.4986,18,54,195
2026-04-17T09:34:31,audio,40,10,0.05,euclidean,15,0.1,cosine,15,,eom,euclidean,42,5,0.4986,18,54,195
2026-04-17T09:34:32,audio,40,10,0.05,euclidean,15,0.1,cosine,15,,eom,cosine,42,5,0.5027,17,52,198
2026-04-17T09:34:43,audio,40,10,0.05,correlation,15,0.1,cosine,15,,eom,euclidean,42,2,0.2104,25,289,553
2026-04-17T09:34:43,audio,40,10,0.05,correlation,15,0.1,cosine,15,,eom,cosine,42,2,0.2008,26,292,559
2026-04-17T09:34:43,audio,40,10,0.05,correlation,15,0.1,euclidean,15,,eom,euclidean,42,2,0.2104,25,289,553
2026-04-17T09:34:44,audio,40,10,0.05,correlation,15,0.1,euclidean,15,,eom,cosine,42,2,0.2008,26,292,559
2026-04-17T09:34:56,audio,40,10,0.05,cosine,15,0.1,cosine,15,,leaf,euclidean,42,7,0.5683,24,41,84
2026-04-17T09:34:56,audio,40,10,0.05,cosine,15,0.1,euclidean,15,,leaf,euclidean,42,7,0.5683,24,41,84
2026-04-17T09:34:56,audio,40,10,0.05,cosine,15,0.1,euclidean,15,,leaf,cosine,42,7,0.5697,15,30,93
2026-04-17T09:34:56,audio,40,10,0.05,cosine,15,0.1,cosine,15,,leaf,cosine,42,7,0.5697,15,30,93
2026-04-17T09:35:09,audio,40,10,0.05,euclidean,15,0.1,euclidean,15,,leaf,euclidean,42,6,0.5984,18,43,100
2026-04-17T09:35:09,audio,40,10,0.05,euclidean,15,0.1,euclidean,15,,leaf,cosine,42,7,0.6831,16,29,66
2026-04-17T09:35:09,audio,40,10,0.05,euclidean,15,0.1,cosine,15,,leaf,cosine,42,7,0.6831,16,29,66
2026-04-17T09:35:09,audio,40,10,0.05,euclidean,15,0.1,cosine,15,,leaf,euclidean,42,6,0.5984,18,43,100
2026-04-17T09:35:21,audio,40,10,0.05,correlation,15,0.1,cosine,15,,leaf,cosine,42,5,0.5328,26,63,100
2026-04-17T09:35:21,audio,40,10,0.05,correlation,15,0.1,cosine,15,,leaf,euclidean,42,6,0.5792,25,51,97
2026-04-17T09:35:21,audio,40,10,0.05,correlation,15,0.1,euclidean,15,,leaf,euclidean,42,6,0.5792,25,51,97
2026-04-17T09:35:21,audio,40,10,0.05,correlation,15,0.1,euclidean,15,,leaf,cosine,42,5,0.5328,26,63,100
2026-04-17T09:35:34,audio,40,10,0.05,cosine,15,0.1,euclidean,25,,eom,euclidean,42,4,0.6079,27,60,140
2026-04-17T09:35:34,audio,40,10,0.05,cosine,15,0.1,euclidean,25,,eom,cosine,42,4,0.6721,41,51,96
2026-04-17T09:35:34,audio,40,10,0.05,cosine,15,0.1,cosine,25,,eom,euclidean,42,4,0.6079,27,60,140
2026-04-17T09:35:34,audio,40,10,0.05,cosine,15,0.1,cosine,25,,eom,cosine,42,4,0.6721,41,51,96
2026-04-17T09:35:45,audio,40,10,0.05,euclidean,15,0.1,euclidean,25,,eom,euclidean,42,2,0.3552,219,236,253
2026-04-17T09:35:45,audio,40,10,0.05,euclidean,15,0.1,euclidean,25,,eom,cosine,42,4,0.6052,35,49,156
2026-04-17T09:35:45,audio,40,10,0.05,euclidean,15,0.1,cosine,25,,eom,euclidean,42,2,0.3552,219,236,253
2026-04-17T09:35:45,audio,40,10,0.05,euclidean,15,0.1,cosine,25,,eom,cosine,42,4,0.6052,35,49,156
2026-04-17T09:35:58,audio,40,10,0.05,correlation,15,0.1,cosine,25,,eom,euclidean,42,4,0.623,27,49,150
2026-04-17T09:35:58,audio,40,10,0.05,correlation,15,0.1,euclidean,25,,eom,euclidean,42,4,0.623,27,49,150
2026-04-17T09:35:58,audio,40,10,0.05,correlation,15,0.1,euclidean,25,,eom,cosine,42,2,0.5451,157,166,176
2026-04-17T09:35:58,audio,40,10,0.05,correlation,15,0.1,cosine,25,,eom,cosine,42,2,0.5451,157,166,176
2026-04-17T09:36:11,audio,40,10,0.05,cosine,15,0.1,euclidean,25,,leaf,euclidean,42,5,0.6885,27,48,69
2026-04-17T09:36:11,audio,40,10,0.05,cosine,15,0.1,euclidean,25,,leaf,cosine,42,4,0.6721,41,51,96
2026-04-17T09:36:11,audio,40,10,0.05,cosine,15,0.1,cosine,25,,leaf,cosine,42,4,0.6721,41,51,96
2026-04-17T09:36:11,audio,40,10,0.05,cosine,15,0.1,cosine,25,,leaf,euclidean,42,5,0.6885,27,48,69
2026-04-17T09:36:22,audio,40,10,0.05,euclidean,15,0.1,euclidean,25,,leaf,euclidean,42,4,0.515,32,52,219
2026-04-17T09:36:22,audio,40,10,0.05,euclidean,15,0.1,euclidean,25,,leaf,cosine,42,4,0.6052,35,49,156
2026-04-17T09:36:22,audio,40,10,0.05,euclidean,15,0.1,cosine,25,,leaf,euclidean,42,4,0.515,32,52,219
2026-04-17T09:36:22,audio,40,10,0.05,euclidean,15,0.1,cosine,25,,leaf,cosine,42,4,0.6052,35,49,156
2026-04-17T09:36:35,audio,40,10,0.05,correlation,15,0.1,euclidean,25,,leaf,euclidean,42,5,0.7063,27,42,57
2026-04-17T09:36:35,audio,40,10,0.05,correlation,15,0.1,cosine,25,,leaf,euclidean,42,5,0.7063,27,42,57
2026-04-17T09:36:35,audio,40,10,0.05,correlation,15,0.1,euclidean,25,,leaf,cosine,42,4,0.7459,35,45,61
2026-04-17T09:36:36,audio,40,10,0.05,correlation,15,0.1,cosine,25,,leaf,cosine,42,4,0.7459,35,45,61
2026-04-17T09:36:47,audio,40,15,0.0,cosine,15,0.1,cosine,10,,eom,euclidean,42,8,0.5027,11,56,68
2026-04-17T09:36:47,audio,40,15,0.0,cosine,15,0.1,euclidean,10,,eom,euclidean,42,8,0.5027,11,56,68
2026-04-17T09:36:47,audio,40,15,0.0,cosine,15,0.1,euclidean,10,,eom,cosine,42,8,0.5096,11,55,68
2026-04-17T09:36:47,audio,40,15,0.0,cosine,15,0.1,cosine,10,,eom,cosine,42,8,0.5096,11,55,68
2026-04-17T09:37:00,audio,40,15,0.0,euclidean,15,0.1,euclidean,10,,eom,euclidean,42,2,0.0164,11,360,709
2026-04-17T09:37:00,audio,40,15,0.0,euclidean,15,0.1,euclidean,10,,eom,cosine,42,2,0.0164,11,360,709
2026-04-17T09:37:00,audio,40,15,0.0,euclidean,15,0.1,cosine,10,,eom,cosine,42,2,0.0164,11,360,709
2026-04-17T09:37:00,audio,40,15,0.0,euclidean,15,0.1,cosine,10,,eom,euclidean,42,2,0.0164,11,360,709
2026-04-17T09:37:13,audio,40,15,0.0,correlation,15,0.1,cosine,10,,eom,euclidean,42,10,0.5342,10,24,84
2026-04-17T09:37:13,audio,40,15,0.0,correlation,15,0.1,euclidean,10,,eom,euclidean,42,10,0.5342,10,24,84
2026-04-17T09:37:13,audio,40,15,0.0,correlation,15,0.1,euclidean,10,,eom,cosine,42,11,0.4904,11,23,89
2026-04-17T09:37:13,audio,40,15,0.0,correlation,15,0.1,cosine,10,,eom,cosine,42,11,0.4904,11,23,89
2026-04-17T09:37:25,audio,40,15,0.0,cosine,15,0.1,euclidean,10,,leaf,euclidean,42,9,0.5301,11,28,65
2026-04-17T09:37:25,audio,40,15,0.0,cosine,15,0.1,euclidean,10,,leaf,cosine,42,9,0.5505,11,26,63
2026-04-17T09:37:25,audio,40,15,0.0,cosine,15,0.1,cosine,10,,leaf,euclidean,42,9,0.5301,11,28,65
2026-04-17T09:37:25,audio,40,15,0.0,cosine,15,0.1,cosine,10,,leaf,cosine,42,9,0.5505,11,26,63
2026-04-17T09:37:37,audio,40,15,0.0,euclidean,15,0.1,euclidean,10,,leaf,euclidean,42,14,0.5847,10,19,51
2026-04-17T09:37:38,audio,40,15,0.0,euclidean,15,0.1,cosine,10,,leaf,euclidean,42,14,0.5847,10,19,51
2026-04-17T09:37:38,audio,40,15,0.0,euclidean,15,0.1,cosine,10,,leaf,cosine,42,11,0.6025,10,20,53
2026-04-17T09:37:38,audio,40,15,0.0,euclidean,15,0.1,euclidean,10,,leaf,cosine,42,11,0.6025,10,20,53
2026-04-17T09:37:49,audio,40,15,0.0,correlation,15,0.1,cosine,10,,leaf,euclidean,42,11,0.5984,10,23,84
2026-04-17T09:37:50,audio,40,15,0.0,correlation,15,0.1,euclidean,10,,leaf,cosine,42,13,0.6393,10,19,47
2026-04-17T09:37:50,audio,40,15,0.0,correlation,15,0.1,euclidean,10,,leaf,euclidean,42,11,0.5984,10,23,84
2026-04-17T09:37:50,audio,40,15,0.0,correlation,15,0.1,cosine,10,,leaf,cosine,42,13,0.6393,10,19,47
2026-04-17T09:38:02,audio,40,15,0.0,cosine,15,0.1,cosine,15,,eom,euclidean,42,7,0.5943,15,47,65
2026-04-17T09:38:02,audio,40,15,0.0,cosine,15,0.1,euclidean,15,,eom,euclidean,42,7,0.5943,15,47,65
2026-04-17T09:38:02,audio,40,15,0.0,cosine,15,0.1,cosine,15,,eom,cosine,42,7,0.5792,16,52,68
2026-04-17T09:38:02,audio,40,15,0.0,cosine,15,0.1,euclidean,15,,eom,cosine,42,7,0.5792,16,52,68
2026-04-17T09:38:15,audio,40,15,0.0,euclidean,15,0.1,euclidean,15,,eom,euclidean,42,6,0.623,21,42,75
2026-04-17T09:38:15,audio,40,15,0.0,euclidean,15,0.1,cosine,15,,eom,euclidean,42,6,0.623,21,42,75
2026-04-17T09:38:15,audio,40,15,0.0,euclidean,15,0.1,euclidean,15,,eom,cosine,42,4,0.5423,34,50,200
2026-04-17T09:38:15,audio,40,15,0.0,euclidean,15,0.1,cosine,15,,eom,cosine,42,4,0.5423,34,50,200
2026-04-17T09:38:27,audio,40,15,0.0,correlation,15,0.1,cosine,15,,eom,euclidean,42,7,0.5342,19,48,74
2026-04-17T09:38:27,audio,40,15,0.0,correlation,15,0.1,euclidean,15,,eom,cosine,42,7,0.5328,20,46,73
2026-04-17T09:38:27,audio,40,15,0.0,correlation,15,0.1,euclidean,15,,eom,euclidean,42,7,0.5342,19,48,74
2026-04-17T09:38:27,audio,40,15,0.0,correlation,15,0.1,cosine,15,,eom,cosine,42,7,0.5328,20,46,73
2026-04-17T09:38:40,audio,40,15,0.0,cosine,15,0.1,euclidean,15,,leaf,euclidean,42,7,0.5943,15,47,65
2026-04-17T09:38:40,audio,40,15,0.0,cosine,15,0.1,cosine,15,,leaf,euclidean,42,7,0.5943,15,47,65
2026-04-17T09:38:40,audio,40,15,0.0,cosine,15,0.1,euclidean,15,,leaf,cosine,42,7,0.5792,16,52,68
2026-04-17T09:38:40,audio,40,15,0.0,cosine,15,0.1,cosine,15,,leaf,cosine,42,7,0.5792,16,52,68
2026-04-17T09:38:51,audio,40,15,0.0,euclidean,15,0.1,euclidean,15,,leaf,cosine,42,6,0.6462,19,39,70
2026-04-17T09:38:51,audio,40,15,0.0,euclidean,15,0.1,cosine,15,,leaf,euclidean,42,6,0.623,21,42,75
2026-04-17T09:38:51,audio,40,15,0.0,euclidean,15,0.1,euclidean,15,,leaf,euclidean,42,6,0.623,21,42,75
2026-04-17T09:38:51,audio,40,15,0.0,euclidean,15,0.1,cosine,15,,leaf,cosine,42,6,0.6462,19,39,70
2026-04-17T09:39:05,audio,40,15,0.0,correlation,15,0.1,euclidean,15,,leaf,euclidean,42,7,0.5342,19,48,74
2026-04-17T09:39:05,audio,40,15,0.0,correlation,15,0.1,cosine,15,,leaf,euclidean,42,7,0.5342,19,48,74
2026-04-17T09:39:05,audio,40,15,0.0,correlation,15,0.1,euclidean,15,,leaf,cosine,42,7,0.5328,20,46,73
2026-04-17T09:39:05,audio,40,15,0.0,correlation,15,0.1,cosine,15,,leaf,cosine,42,7,0.5328,20,46,73
2026-04-17T09:39:17,audio,40,15,0.0,cosine,15,0.1,euclidean,25,,eom,euclidean,42,3,0.5191,42,133,177
2026-04-17T09:39:18,audio,40,15,0.0,cosine,15,0.1,cosine,25,,eom,euclidean,42,3,0.5191,42,133,177
2026-04-17T09:39:18,audio,40,15,0.0,cosine,15,0.1,euclidean,25,,eom,cosine,42,4,0.5888,41,63,133
2026-04-17T09:39:18,audio,40,15,0.0,cosine,15,0.1,cosine,25,,eom,cosine,42,4,0.5888,41,63,133
2026-04-17T09:39:29,audio,40,15,0.0,euclidean,15,0.1,euclidean,25,,eom,euclidean,42,4,0.4918,32,47,245
2026-04-17T09:39:29,audio,40,15,0.0,euclidean,15,0.1,cosine,25,,eom,euclidean,42,4,0.4918,32,47,245
2026-04-17T09:39:29,audio,40,15,0.0,euclidean,15,0.1,euclidean,25,,eom,cosine,42,4,0.5369,33,46,214
2026-04-17T09:39:29,audio,40,15,0.0,euclidean,15,0.1,cosine,25,,eom,cosine,42,4,0.5369,33,46,214
2026-04-17T09:39:42,audio,40,15,0.0,correlation,15,0.1,euclidean,25,,eom,euclidean,42,4,0.582,30,52,171
2026-04-17T09:39:42,audio,40,15,0.0,correlation,15,0.1,euclidean,25,,eom,cosine,42,5,0.6489,29,52,80
2026-04-17T09:39:42,audio,40,15,0.0,correlation,15,0.1,cosine,25,,eom,euclidean,42,4,0.582,30,52,171
2026-04-17T09:39:42,audio,40,15,0.0,correlation,15,0.1,cosine,25,,eom,cosine,42,5,0.6489,29,52,80
2026-04-17T09:39:54,audio,40,15,0.0,cosine,15,0.1,cosine,25,,leaf,euclidean,42,5,0.6434,36,42,86
2026-04-17T09:39:54,audio,40,15,0.0,cosine,15,0.1,cosine,25,,leaf,cosine,42,5,0.6585,37,44,83
2026-04-17T09:39:54,audio,40,15,0.0,cosine,15,0.1,euclidean,25,,leaf,euclidean,42,5,0.6434,36,42,86
2026-04-17T09:39:54,audio,40,15,0.0,cosine,15,0.1,euclidean,25,,leaf,cosine,42,5,0.6585,37,44,83
2026-04-17T09:40:06,audio,40,15,0.0,euclidean,15,0.1,euclidean,25,,leaf,cosine,42,5,0.7117,29,41,57
2026-04-17T09:40:06,audio,40,15,0.0,euclidean,15,0.1,cosine,25,,leaf,euclidean,42,4,0.4918,32,47,245
2026-04-17T09:40:06,audio,40,15,0.0,euclidean,15,0.1,euclidean,25,,leaf,euclidean,42,4,0.4918,32,47,245
2026-04-17T09:40:07,audio,40,15,0.0,euclidean,15,0.1,cosine,25,,leaf,cosine,42,5,0.7117,29,41,57
2026-04-17T09:40:20,audio,40,15,0.0,correlation,15,0.1,euclidean,25,,leaf,euclidean,42,6,0.6762,27,37,55
2026-04-17T09:40:20,audio,40,15,0.0,correlation,15,0.1,cosine,25,,leaf,euclidean,42,6,0.6762,27,37,55
2026-04-17T09:40:20,audio,40,15,0.0,correlation,15,0.1,cosine,25,,leaf,cosine,42,5,0.6489,29,52,80
2026-04-17T09:40:20,audio,40,15,0.0,correlation,15,0.1,euclidean,25,,leaf,cosine,42,5,0.6489,29,52,80
2026-04-17T09:40:31,audio,40,15,0.05,cosine,15,0.1,euclidean,10,,eom,euclidean,42,7,0.5765,16,57,63
2026-04-17T09:40:31,audio,40,15,0.05,cosine,15,0.1,cosine,10,,eom,euclidean,42,7,0.5765,16,57,63
2026-04-17T09:40:32,audio,40,15,0.05,cosine,15,0.1,euclidean,10,,eom,cosine,42,7,0.5724,17,56,61
2026-04-17T09:40:32,audio,40,15,0.05,cosine,15,0.1,cosine,10,,eom,cosine,42,7,0.5724,17,56,61
2026-04-17T09:40:44,audio,40,15,0.05,euclidean,15,0.1,cosine,10,,eom,cosine,42,2,0.1311,11,318,625
2026-04-17T09:40:44,audio,40,15,0.05,euclidean,15,0.1,euclidean,10,,eom,cosine,42,2,0.1311,11,318,625
2026-04-17T09:40:44,audio,40,15,0.05,euclidean,15,0.1,euclidean,10,,eom,euclidean,42,2,0.1694,11,304,597
2026-04-17T09:40:44,audio,40,15,0.05,euclidean,15,0.1,cosine,10,,eom,euclidean,42,2,0.1694,11,304,597
2026-04-17T09:40:56,audio,40,15,0.05,correlation,15,0.1,euclidean,10,,eom,euclidean,42,9,0.5806,10,25,73
2026-04-17T09:40:56,audio,40,15,0.05,correlation,15,0.1,euclidean,10,,eom,cosine,42,9,0.5451,10,27,76
2026-04-17T09:40:56,audio,40,15,0.05,correlation,15,0.1,cosine,10,,eom,euclidean,42,9,0.5806,10,25,73
2026-04-17T09:40:56,audio,40,15,0.05,correlation,15,0.1,cosine,10,,eom,cosine,42,9,0.5451,10,27,76
2026-04-17T09:41:09,audio,40,15,0.05,cosine,15,0.1,euclidean,10,,leaf,euclidean,42,8,0.5943,16,33,63
2026-04-17T09:41:09,audio,40,15,0.05,cosine,15,0.1,cosine,10,,leaf,euclidean,42,8,0.5943,16,33,63
2026-04-17T09:41:09,audio,40,15,0.05,cosine,15,0.1,cosine,10,,leaf,cosine,42,8,0.5929,14,35,61
2026-04-17T09:41:09,audio,40,15,0.05,cosine,15,0.1,euclidean,10,,leaf,cosine,42,8,0.5929,14,35,61
2026-04-17T09:41:21,audio,40,15,0.05,euclidean,15,0.1,euclidean,10,,leaf,euclidean,42,11,0.5929,10,20,59
2026-04-17T09:41:21,audio,40,15,0.05,euclidean,15,0.1,euclidean,10,,leaf,cosine,42,11,0.6243,10,19,50
2026-04-17T09:41:22,audio,40,15,0.05,euclidean,15,0.1,cosine,10,,leaf,euclidean,42,11,0.5929,10,20,59
2026-04-17T09:41:22,audio,40,15,0.05,euclidean,15,0.1,cosine,10,,leaf,cosine,42,11,0.6243,10,19,50
2026-04-17T09:41:34,audio,40,15,0.05,correlation,15,0.1,cosine,10,,leaf,cosine,42,10,0.6148,10,19,69
2026-04-17T09:41:34,audio,40,15,0.05,correlation,15,0.1,cosine,10,,leaf,euclidean,42,9,0.5806,10,25,73
2026-04-17T09:41:34,audio,40,15,0.05,correlation,15,0.1,euclidean,10,,leaf,euclidean,42,9,0.5806,10,25,73
2026-04-17T09:41:34,audio,40,15,0.05,correlation,15,0.1,euclidean,10,,leaf,cosine,42,10,0.6148,10,19,69
2026-04-17T09:41:46,audio,40,15,0.05,cosine,15,0.1,euclidean,15,,eom,euclidean,42,5,0.4645,15,56,247
2026-04-17T09:41:47,audio,40,15,0.05,cosine,15,0.1,cosine,15,,eom,euclidean,42,5,0.4645,15,56,247
2026-04-17T09:41:47,audio,40,15,0.05,cosine,15,0.1,euclidean,15,,eom,cosine,42,6,0.6544,18,50,56
2026-04-17T09:41:47,audio,40,15,0.05,cosine,15,0.1,cosine,15,,eom,cosine,42,6,0.6544,18,50,56
2026-04-17T09:41:58,audio,40,15,0.05,euclidean,15,0.1,cosine,15,,eom,euclidean,42,5,0.5984,29,58,90
2026-04-17T09:41:58,audio,40,15,0.05,euclidean,15,0.1,euclidean,15,,eom,cosine,42,6,0.6475,17,41,69
2026-04-17T09:41:58,audio,40,15,0.05,euclidean,15,0.1,cosine,15,,eom,cosine,42,6,0.6475,17,41,69
2026-04-17T09:41:58,audio,40,15,0.05,euclidean,15,0.1,euclidean,15,,eom,euclidean,42,5,0.5984,29,58,90
2026-04-17T09:42:11,audio,40,15,0.05,correlation,15,0.1,euclidean,15,,eom,euclidean,42,6,0.6093,15,52,72
2026-04-17T09:42:11,audio,40,15,0.05,correlation,15,0.1,euclidean,15,,eom,cosine,42,6,0.6134,15,51,75
2026-04-17T09:42:11,audio,40,15,0.05,correlation,15,0.1,cosine,15,,eom,euclidean,42,6,0.6093,15,52,72
2026-04-17T09:42:12,audio,40,15,0.05,correlation,15,0.1,cosine,15,,eom,cosine,42,6,0.6134,15,51,75
2026-04-17T09:42:24,audio,40,15,0.05,cosine,15,0.1,cosine,15,,leaf,euclidean,42,7,0.6325,15,47,56
2026-04-17T09:42:24,audio,40,15,0.05,cosine,15,0.1,euclidean,15,,leaf,cosine,42,6,0.6544,18,50,56
2026-04-17T09:42:24,audio,40,15,0.05,cosine,15,0.1,euclidean,15,,leaf,euclidean,42,7,0.6325,15,47,56
2026-04-17T09:42:24,audio,40,15,0.05,cosine,15,0.1,cosine,15,,leaf,cosine,42,6,0.6544,18,50,56
2026-04-17T09:42:36,audio,40,15,0.05,euclidean,15,0.1,euclidean,15,,leaf,euclidean,42,5,0.5984,29,58,90
2026-04-17T09:42:36,audio,40,15,0.05,euclidean,15,0.1,cosine,15,,leaf,euclidean,42,5,0.5984,29,58,90
2026-04-17T09:42:36,audio,40,15,0.05,euclidean,15,0.1,euclidean,15,,leaf,cosine,42,6,0.6475,17,41,69
2026-04-17T09:42:36,audio,40,15,0.05,euclidean,15,0.1,cosine,15,,leaf,cosine,42,6,0.6475,17,41,69
2026-04-17T09:42:49,audio,40,15,0.05,correlation,15,0.1,euclidean,15,,leaf,euclidean,42,6,0.6093,15,52,72
2026-04-17T09:42:49,audio,40,15,0.05,correlation,15,0.1,cosine,15,,leaf,euclidean,42,6,0.6093,15,52,72
2026-04-17T09:42:49,audio,40,15,0.05,correlation,15,0.1,cosine,15,,leaf,cosine,42,6,0.6134,15,51,75
2026-04-17T09:42:50,audio,40,15,0.05,correlation,15,0.1,euclidean,15,,leaf,cosine,42,6,0.6134,15,51,75
2026-04-17T09:43:01,audio,40,15,0.05,cosine,15,0.1,euclidean,25,,eom,euclidean,42,3,0.5751,35,116,160
2026-04-17T09:43:01,audio,40,15,0.05,cosine,15,0.1,cosine,25,,eom,euclidean,42,3,0.5751,35,116,160
2026-04-17T09:43:01,audio,40,15,0.05,cosine,15,0.1,cosine,25,,eom,cosine,42,4,0.6093,35,46,159
2026-04-17T09:43:01,audio,40,15,0.05,cosine,15,0.1,euclidean,25,,eom,cosine,42,4,0.6093,35,46,159
2026-04-17T09:43:13,audio,40,15,0.05,euclidean,15,0.1,euclidean,25,,eom,euclidean,42,3,0.4822,29,142,208
2026-04-17T09:43:14,audio,40,15,0.05,euclidean,15,0.1,cosine,25,,eom,euclidean,42,3,0.4822,29,142,208
2026-04-17T09:43:14,audio,40,15,0.05,euclidean,15,0.1,euclidean,25,,eom,cosine,42,2,0.4645,196,196,196
2026-04-17T09:43:14,audio,40,15,0.05,euclidean,15,0.1,cosine,25,,eom,cosine,42,2,0.4645,196,196,196
2026-04-17T09:43:27,audio,40,15,0.05,correlation,15,0.1,euclidean,25,,eom,cosine,42,4,0.6434,26,46,142
2026-04-17T09:43:27,audio,40,15,0.05,correlation,15,0.1,cosine,25,,eom,euclidean,42,5,0.6585,31,48,81
2026-04-17T09:43:27,audio,40,15,0.05,correlation,15,0.1,cosine,25,,eom,cosine,42,4,0.6434,26,46,142
2026-04-17T09:43:27,audio,40,15,0.05,correlation,15,0.1,euclidean,25,,eom,euclidean,42,5,0.6585,31,48,81
2026-04-17T09:43:39,audio,40,15,0.05,cosine,15,0.1,euclidean,25,,leaf,cosine,42,5,0.6858,35,38,66
2026-04-17T09:43:39,audio,40,15,0.05,cosine,15,0.1,euclidean,25,,leaf,euclidean,42,5,0.6803,35,37,72
2026-04-17T09:43:39,audio,40,15,0.05,cosine,15,0.1,cosine,25,,leaf,euclidean,42,5,0.6803,35,37,72
2026-04-17T09:43:39,audio,40,15,0.05,cosine,15,0.1,cosine,25,,leaf,cosine,42,5,0.6858,35,38,66
2026-04-17T09:43:51,audio,40,15,0.05,euclidean,15,0.1,euclidean,25,,leaf,cosine,42,4,0.5984,28,35,196
2026-04-17T09:43:51,audio,40,15,0.05,euclidean,15,0.1,euclidean,25,,leaf,euclidean,42,4,0.5546,29,44,208
2026-04-17T09:43:51,audio,40,15,0.05,euclidean,15,0.1,cosine,25,,leaf,euclidean,42,4,0.5546,29,44,208
2026-04-17T09:43:52,audio,40,15,0.05,euclidean,15,0.1,cosine,25,,leaf,cosine,42,4,0.5984,28,35,196
2026-04-17T09:44:03,audio,40,15,0.05,correlation,15,0.1,euclidean,25,,leaf,euclidean,42,5,0.6585,31,48,81
2026-04-17T09:44:03,audio,40,15,0.05,correlation,15,0.1,cosine,25,,leaf,cosine,42,5,0.709,26,45,62
2026-04-17T09:44:04,audio,40,15,0.05,correlation,15,0.1,euclidean,25,,leaf,cosine,42,5,0.709,26,45,62
2026-04-17T09:44:04,audio,40,15,0.05,correlation,15,0.1,cosine,25,,leaf,euclidean,42,5,0.6585,31,48,81
2026-04-17T09:44:16,audio,40,30,0.0,cosine,15,0.1,cosine,10,,eom,euclidean,42,9,0.5833,13,31,54
2026-04-17T09:44:16,audio,40,30,0.0,cosine,15,0.1,euclidean,10,,eom,cosine,42,9,0.5792,12,33,55
2026-04-17T09:44:17,audio,40,30,0.0,cosine,15,0.1,euclidean,10,,eom,euclidean,42,9,0.5833,13,31,54
2026-04-17T09:44:17,audio,40,30,0.0,cosine,15,0.1,cosine,10,,eom,cosine,42,9,0.5792,12,33,55
2026-04-17T09:44:30,audio,40,30,0.0,euclidean,15,0.1,euclidean,10,,eom,cosine,42,9,0.638,11,23,67
2026-04-17T09:44:30,audio,40,30,0.0,euclidean,15,0.1,euclidean,10,,eom,euclidean,42,4,0.5109,10,45,257
2026-04-17T09:44:31,audio,40,30,0.0,euclidean,15,0.1,cosine,10,,eom,euclidean,42,4,0.5109,10,45,257
2026-04-17T09:44:31,audio,40,30,0.0,euclidean,15,0.1,cosine,10,,eom,cosine,42,9,0.638,11,23,67
2026-04-17T09:44:42,audio,40,30,0.0,correlation,15,0.1,cosine,10,,eom,euclidean,42,4,0.4904,13,51,258
2026-04-17T09:44:43,audio,40,30,0.0,correlation,15,0.1,cosine,10,,eom,cosine,42,5,0.5178,12,48,223
2026-04-17T09:44:43,audio,40,30,0.0,correlation,15,0.1,euclidean,10,,eom,cosine,42,5,0.5178,12,48,223
2026-04-17T09:44:43,audio,40,30,0.0,correlation,15,0.1,euclidean,10,,eom,euclidean,42,4,0.4904,13,51,258
2026-04-17T09:44:55,audio,40,30,0.0,cosine,15,0.1,cosine,10,,leaf,euclidean,42,10,0.6148,12,19,54
2026-04-17T09:44:56,audio,40,30,0.0,cosine,15,0.1,euclidean,10,,leaf,euclidean,42,10,0.6148,12,19,54
2026-04-17T09:44:56,audio,40,30,0.0,cosine,15,0.1,euclidean,10,,leaf,cosine,42,10,0.6093,12,20,55
2026-04-17T09:44:56,audio,40,30,0.0,cosine,15,0.1,cosine,10,,leaf,cosine,42,10,0.6093,12,20,55
2026-04-17T09:45:07,audio,40,30,0.0,euclidean,15,0.1,cosine,10,,leaf,euclidean,42,11,0.6817,10,14,48
2026-04-17T09:45:07,audio,40,30,0.0,euclidean,15,0.1,euclidean,10,,leaf,euclidean,42,11,0.6817,10,14,48
2026-04-17T09:45:07,audio,40,30,0.0,euclidean,15,0.1,cosine,10,,leaf,cosine,42,9,0.638,11,23,67
2026-04-17T09:45:07,audio,40,30,0.0,euclidean,15,0.1,euclidean,10,,leaf,cosine,42,9,0.638,11,23,67
2026-04-17T09:45:20,audio,40,30,0.0,correlation,15,0.1,cosine,10,,leaf,euclidean,42,8,0.6407,13,31,55
2026-04-17T09:45:21,audio,40,30,0.0,correlation,15,0.1,euclidean,10,,leaf,cosine,42,8,0.6557,12,26,56
2026-04-17T09:45:21,audio,40,30,0.0,correlation,15,0.1,euclidean,10,,leaf,euclidean,42,8,0.6407,13,31,55
2026-04-17T09:45:21,audio,40,30,0.0,correlation,15,0.1,cosine,10,,leaf,cosine,42,8,0.6557,12,26,56
2026-04-17T09:45:33,audio,40,30,0.0,cosine,15,0.1,cosine,15,,eom,euclidean,42,6,0.6462,20,41,68
2026-04-17T09:45:32,audio,40,30,0.0,cosine,15,0.1,euclidean,15,,eom,euclidean,42,6,0.6462,20,41,68
2026-04-17T09:45:32,audio,40,30,0.0,cosine,15,0.1,cosine,15,,eom,cosine,42,3,0.515,44,66,245
2026-04-17T09:45:33,audio,40,30,0.0,cosine,15,0.1,euclidean,15,,eom,cosine,42,3,0.515,44,66,245
2026-04-17T09:45:45,audio,40,30,0.0,euclidean,15,0.1,cosine,15,,eom,euclidean,42,3,0.5724,45,60,208
2026-04-17T09:45:45,audio,40,30,0.0,euclidean,15,0.1,euclidean,15,,eom,euclidean,42,3,0.5724,45,60,208
2026-04-17T09:45:45,audio,40,30,0.0,euclidean,15,0.1,euclidean,15,,eom,cosine,42,3,0.5533,51,53,223
2026-04-17T09:45:45,audio,40,30,0.0,euclidean,15,0.1,cosine,15,,eom,cosine,42,3,0.5533,51,53,223
2026-04-17T09:45:58,audio,40,30,0.0,correlation,15,0.1,euclidean,15,,eom,euclidean,42,4,0.6721,47,60,72
2026-04-17T09:45:59,audio,40,30,0.0,correlation,15,0.1,cosine,15,,eom,euclidean,42,4,0.6721,47,60,72
2026-04-17T09:45:59,audio,40,30,0.0,correlation,15,0.1,euclidean,15,,eom,cosine,42,5,0.6954,16,52,64
2026-04-17T09:45:59,audio,40,30,0.0,correlation,15,0.1,cosine,15,,eom,cosine,42,5,0.6954,16,52,64
2026-04-17T09:46:10,audio,40,30,0.0,cosine,15,0.1,cosine,15,,leaf,euclidean,42,6,0.6462,20,41,68
2026-04-17T09:46:10,audio,40,30,0.0,cosine,15,0.1,cosine,15,,leaf,cosine,42,6,0.6626,19,42,66
2026-04-17T09:46:10,audio,40,30,0.0,cosine,15,0.1,euclidean,15,,leaf,euclidean,42,6,0.6462,20,41,68
2026-04-17T09:46:10,audio,40,30,0.0,cosine,15,0.1,euclidean,15,,leaf,cosine,42,6,0.6626,19,42,66
2026-04-17T09:46:23,audio,40,30,0.0,euclidean,15,0.1,euclidean,15,,leaf,euclidean,42,5,0.6803,30,45,60
2026-04-17T09:46:23,audio,40,30,0.0,euclidean,15,0.1,euclidean,15,,leaf,cosine,42,5,0.6885,23,51,59
2026-04-17T09:46:23,audio,40,30,0.0,euclidean,15,0.1,cosine,15,,leaf,euclidean,42,5,0.6803,30,45,60
2026-04-17T09:46:23,audio,40,30,0.0,euclidean,15,0.1,cosine,15,,leaf,cosine,42,5,0.6885,23,51,59
2026-04-17T09:46:35,audio,40,30,0.0,correlation,15,0.1,euclidean,15,,leaf,euclidean,42,4,0.6721,47,60,72
2026-04-17T09:46:36,audio,40,30,0.0,correlation,15,0.1,cosine,15,,leaf,euclidean,42,4,0.6721,47,60,72
2026-04-17T09:46:36,audio,40,30,0.0,correlation,15,0.1,euclidean,15,,leaf,cosine,42,5,0.6954,16,52,64
2026-04-17T09:46:36,audio,40,30,0.0,correlation,15,0.1,cosine,15,,leaf,cosine,42,5,0.6954,16,52,64
2026-04-17T09:46:49,audio,40,30,0.0,cosine,15,0.1,cosine,25,,eom,euclidean,42,4,0.6366,33,52,129
2026-04-17T09:46:49,audio,40,30,0.0,cosine,15,0.1,euclidean,25,,eom,euclidean,42,4,0.6366,33,52,129
2026-04-17T09:46:49,audio,40,30,0.0,cosine,15,0.1,euclidean,25,,eom,cosine,42,4,0.6434,30,54,122
2026-04-17T09:46:50,audio,40,30,0.0,cosine,15,0.1,cosine,25,,eom,cosine,42,4,0.6434,30,54,122
2026-04-17T09:47:02,audio,40,30,0.0,euclidean,15,0.1,euclidean,25,,eom,euclidean,42,2,0.6066,141,144,147
2026-04-17T09:47:02,audio,40,30,0.0,euclidean,15,0.1,cosine,25,,eom,euclidean,42,2,0.6066,141,144,147
2026-04-17T09:47:02,audio,40,30,0.0,euclidean,15,0.1,euclidean,25,,eom,cosine,42,2,0.6216,136,138,141
2026-04-17T09:47:02,audio,40,30,0.0,euclidean,15,0.1,cosine,25,,eom,cosine,42,2,0.6216,136,138,141
2026-04-17T09:47:14,audio,40,30,0.0,correlation,15,0.1,cosine,25,,eom,euclidean,42,3,0.582,43,62,201
2026-04-17T09:47:14,audio,40,30,0.0,correlation,15,0.1,cosine,25,,eom,cosine,42,3,0.5943,36,65,196
2026-04-17T09:47:15,audio,40,30,0.0,correlation,15,0.1,euclidean,25,,eom,euclidean,42,3,0.582,43,62,201
2026-04-17T09:47:15,audio,40,30,0.0,correlation,15,0.1,euclidean,25,,eom,cosine,42,3,0.5943,36,65,196
2026-04-17T09:47:27,audio,40,30,0.0,cosine,15,0.1,cosine,25,,leaf,euclidean,42,5,0.6995,30,34,70
2026-04-17T09:47:28,audio,40,30,0.0,cosine,15,0.1,euclidean,25,,leaf,euclidean,42,5,0.6995,30,34,70
2026-04-17T09:47:28,audio,40,30,0.0,cosine,15,0.1,euclidean,25,,leaf,cosine,42,5,0.6967,30,34,75
2026-04-17T09:47:28,audio,40,30,0.0,cosine,15,0.1,cosine,25,,leaf,cosine,42,5,0.6967,30,34,75
2026-04-17T09:47:39,audio,40,30,0.0,euclidean,15,0.1,euclidean,25,,leaf,euclidean,42,3,0.7117,33,37,141
2026-04-17T09:47:39,audio,40,30,0.0,euclidean,15,0.1,cosine,25,,leaf,euclidean,42,3,0.7117,33,37,141
2026-04-17T09:47:39,audio,40,30,0.0,euclidean,15,0.1,euclidean,25,,leaf,cosine,42,3,0.7213,32,36,136
2026-04-17T09:47:39,audio,40,30,0.0,euclidean,15,0.1,cosine,25,,leaf,cosine,42,3,0.7213,32,36,136
2026-04-17T09:47:52,audio,40,30,0.0,correlation,15,0.1,euclidean,25,,leaf,euclidean,42,4,0.7322,29,52,62
2026-04-17T09:47:53,audio,40,30,0.0,correlation,15,0.1,euclidean,25,,leaf,cosine,42,4,0.7281,32,50,66
2026-04-17T09:47:53,audio,40,30,0.0,correlation,15,0.1,cosine,25,,leaf,euclidean,42,4,0.7322,29,52,62
2026-04-17T09:47:53,audio,40,30,0.0,correlation,15,0.1,cosine,25,,leaf,cosine,42,4,0.7281,32,50,66
2026-04-17T09:48:06,audio,40,30,0.05,cosine,15,0.1,euclidean,10,,eom,euclidean,42,9,0.6298,12,32,52
2026-04-17T09:48:06,audio,40,30,0.05,cosine,15,0.1,euclidean,10,,eom,cosine,42,9,0.627,11,28,52
2026-04-17T09:48:06,audio,40,30,0.05,cosine,15,0.1,cosine,10,,eom,cosine,42,9,0.627,11,28,52
2026-04-17T09:48:06,audio,40,30,0.05,cosine,15,0.1,cosine,10,,eom,euclidean,42,9,0.6298,12,32,52
2026-04-17T09:48:17,audio,40,30,0.05,euclidean,15,0.1,euclidean,10,,eom,euclidean,42,3,0.5423,47,64,224
2026-04-17T09:48:17,audio,40,30,0.05,euclidean,15,0.1,cosine,10,,eom,euclidean,42,3,0.5423,47,64,224
2026-04-17T09:48:17,audio,40,30,0.05,euclidean,15,0.1,cosine,10,,eom,cosine,42,3,0.5464,47,65,220
2026-04-17T09:48:17,audio,40,30,0.05,euclidean,15,0.1,euclidean,10,,eom,cosine,42,3,0.5464,47,65,220
2026-04-17T09:48:31,audio,40,30,0.05,correlation,15,0.1,cosine,10,,eom,euclidean,42,7,0.6817,11,38,51
2026-04-17T09:48:31,audio,40,30,0.05,correlation,15,0.1,euclidean,10,,eom,euclidean,42,7,0.6817,11,38,51
2026-04-17T09:48:31,audio,40,30,0.05,correlation,15,0.1,cosine,10,,eom,cosine,42,9,0.6735,10,21,56
2026-04-17T09:48:31,audio,40,30,0.05,correlation,15,0.1,euclidean,10,,eom,cosine,42,9,0.6735,10,21,56
2026-04-17T09:48:43,audio,40,30,0.05,cosine,15,0.1,cosine,10,,leaf,euclidean,42,10,0.6598,12,18,52
2026-04-17T09:48:44,audio,40,30,0.05,cosine,15,0.1,euclidean,10,,leaf,euclidean,42,10,0.6598,12,18,52
2026-04-17T09:48:44,audio,40,30,0.05,cosine,15,0.1,euclidean,10,,leaf,cosine,42,10,0.6585,11,20,50
2026-04-17T09:48:44,audio,40,30,0.05,cosine,15,0.1,cosine,10,,leaf,cosine,42,10,0.6585,11,20,50
2026-04-17T09:48:56,audio,40,30,0.05,euclidean,15,0.1,cosine,10,,leaf,euclidean,42,8,0.6967,11,19,64
2026-04-17T09:48:56,audio,40,30,0.05,euclidean,15,0.1,euclidean,10,,leaf,euclidean,42,8,0.6967,11,19,64
2026-04-17T09:48:56,audio,40,30,0.05,euclidean,15,0.1,euclidean,10,,leaf,cosine,42,9,0.6735,10,18,65
2026-04-17T09:48:56,audio,40,30,0.05,euclidean,15,0.1,cosine,10,,leaf,cosine,42,9,0.6735,10,18,65
2026-04-17T09:49:10,audio,40,30,0.05,correlation,15,0.1,euclidean,10,,leaf,euclidean,42,7,0.6817,11,38,51
2026-04-17T09:49:10,audio,40,30,0.05,correlation,15,0.1,euclidean,10,,leaf,cosine,42,9,0.6735,10,21,56
2026-04-17T09:49:10,audio,40,30,0.05,correlation,15,0.1,cosine,10,,leaf,euclidean,42,7,0.6817,11,38,51
2026-04-17T09:49:10,audio,40,30,0.05,correlation,15,0.1,cosine,10,,leaf,cosine,42,9,0.6735,10,21,56
2026-04-17T09:49:22,audio,40,30,0.05,cosine,15,0.1,cosine,15,,eom,euclidean,42,5,0.7199,21,41,60
2026-04-17T09:49:23,audio,40,30,0.05,cosine,15,0.1,euclidean,15,,eom,euclidean,42,5,0.7199,21,41,60
2026-04-17T09:49:23,audio,40,30,0.05,cosine,15,0.1,cosine,15,,eom,cosine,42,5,0.7486,16,39,48
2026-04-17T09:49:23,audio,40,30,0.05,cosine,15,0.1,euclidean,15,,eom,cosine,42,5,0.7486,16,39,48
2026-04-17T09:49:35,audio,40,30,0.05,euclidean,15,0.1,cosine,15,,eom,euclidean,42,3,0.5751,45,61,205
2026-04-17T09:49:35,audio,40,30,0.05,euclidean,15,0.1,euclidean,15,,eom,euclidean,42,3,0.5751,45,61,205
2026-04-17T09:49:35,audio,40,30,0.05,euclidean,15,0.1,euclidean,15,,eom,cosine,42,3,0.5587,45,61,217
2026-04-17T09:49:36,audio,40,30,0.05,euclidean,15,0.1,cosine,15,,eom,cosine,42,3,0.5587,45,61,217
2026-04-17T09:49:47,audio,40,30,0.05,correlation,15,0.1,cosine,15,,eom,euclidean,42,4,0.7281,44,50,54
2026-04-17T09:49:48,audio,40,30,0.05,correlation,15,0.1,euclidean,15,,eom,euclidean,42,4,0.7281,44,50,54
2026-04-17T09:49:48,audio,40,30,0.05,correlation,15,0.1,euclidean,15,,eom,cosine,42,3,0.6475,42,43,173
2026-04-17T09:49:48,audio,40,30,0.05,correlation,15,0.1,cosine,15,,eom,cosine,42,3,0.6475,42,43,173
2026-04-17T09:50:00,audio,40,30,0.05,cosine,15,0.1,cosine,15,,leaf,euclidean,42,5,0.7199,21,41,60
2026-04-17T09:50:01,audio,40,30,0.05,cosine,15,0.1,cosine,15,,leaf,cosine,42,5,0.7486,16,39,48
2026-04-17T09:50:01,audio,40,30,0.05,cosine,15,0.1,euclidean,15,,leaf,euclidean,42,5,0.7199,21,41,60
2026-04-17T09:50:01,audio,40,30,0.05,cosine,15,0.1,euclidean,15,,leaf,cosine,42,5,0.7486,16,39,48
2026-04-17T09:50:12,audio,40,30,0.05,euclidean,15,0.1,cosine,15,,leaf,euclidean,42,4,0.7036,27,53,84
2026-04-17T09:50:12,audio,40,30,0.05,euclidean,15,0.1,cosine,15,,leaf,cosine,42,5,0.724,16,43,61
2026-04-17T09:50:13,audio,40,30,0.05,euclidean,15,0.1,euclidean,15,,leaf,cosine,42,5,0.724,16,43,61
2026-04-17T09:50:13,audio,40,30,0.05,euclidean,15,0.1,euclidean,15,,leaf,euclidean,42,4,0.7036,27,53,84
2026-04-17T09:50:26,audio,40,30,0.05,correlation,15,0.1,cosine,15,,leaf,euclidean,42,4,0.7281,44,50,54
2026-04-17T09:50:26,audio,40,30,0.05,correlation,15,0.1,euclidean,15,,leaf,euclidean,42,4,0.7281,44,50,54
2026-04-17T09:50:26,audio,40,30,0.05,correlation,15,0.1,cosine,15,,leaf,cosine,42,4,0.7746,31,42,49
2026-04-17T09:50:26,audio,40,30,0.05,correlation,15,0.1,euclidean,15,,leaf,cosine,42,4,0.7746,31,42,49
2026-04-17T09:50:39,audio,40,30,0.05,cosine,15,0.1,cosine,25,,eom,euclidean,42,2,0.6093,116,143,170
2026-04-17T09:50:39,audio,40,30,0.05,cosine,15,0.1,euclidean,25,,eom,euclidean,42,2,0.6093,116,143,170
2026-04-17T09:50:39,audio,40,30,0.05,cosine,15,0.1,euclidean,25,,eom,cosine,42,2,0.6257,100,137,174
2026-04-17T09:50:39,audio,40,30,0.05,cosine,15,0.1,cosine,25,,eom,cosine,42,2,0.6257,100,137,174
2026-04-17T09:50:50,audio,40,30,0.05,euclidean,15,0.1,cosine,25,,eom,euclidean,42,2,0.653,120,127,134
2026-04-17T09:50:50,audio,40,30,0.05,euclidean,15,0.1,euclidean,25,,eom,euclidean,42,2,0.653,120,127,134
2026-04-17T09:50:50,audio,40,30,0.05,euclidean,15,0.1,euclidean,25,,eom,cosine,42,3,0.7145,43,51,115
2026-04-17T09:50:51,audio,40,30,0.05,euclidean,15,0.1,cosine,25,,eom,cosine,42,3,0.7145,43,51,115
2026-04-17T09:51:04,audio,40,30,0.05,correlation,15,0.1,euclidean,25,,eom,euclidean,42,4,0.6872,26,50,103
2026-04-17T09:51:04,audio,40,30,0.05,correlation,15,0.1,cosine,25,,eom,euclidean,42,4,0.6872,26,50,103
2026-04-17T09:51:04,audio,40,30,0.05,correlation,15,0.1,euclidean,25,,eom,cosine,42,3,0.6202,36,57,185
2026-04-17T09:51:04,audio,40,30,0.05,correlation,15,0.1,cosine,25,,eom,cosine,42,3,0.6202,36,57,185
2026-04-17T09:51:16,audio,40,30,0.05,cosine,15,0.1,cosine,25,,leaf,euclidean,42,4,0.7719,27,41,57
2026-04-17T09:51:16,audio,40,30,0.05,cosine,15,0.1,euclidean,25,,leaf,euclidean,42,4,0.7719,27,41,57
2026-04-17T09:51:16,audio,40,30,0.05,cosine,15,0.1,euclidean,25,,leaf,cosine,42,4,0.7377,30,52,58
2026-04-17T09:51:16,audio,40,30,0.05,cosine,15,0.1,cosine,25,,leaf,cosine,42,4,0.7377,30,52,58
2026-04-17T09:51:29,audio,40,30,0.05,euclidean,15,0.1,cosine,25,,leaf,cosine,42,3,0.7145,43,51,115
2026-04-17T09:51:29,audio,40,30,0.05,euclidean,15,0.1,cosine,25,,leaf,euclidean,42,3,0.7199,39,46,120
2026-04-17T09:51:29,audio,40,30,0.05,euclidean,15,0.1,euclidean,25,,leaf,cosine,42,3,0.7145,43,51,115
2026-04-17T09:51:29,audio,40,30,0.05,euclidean,15,0.1,euclidean,25,,leaf,euclidean,42,3,0.7199,39,46,120
2026-04-17T09:51:42,audio,40,30,0.05,correlation,15,0.1,euclidean,25,,leaf,euclidean,42,4,0.6872,26,50,103
2026-04-17T09:51:42,audio,40,30,0.05,correlation,15,0.1,euclidean,25,,leaf,cosine,42,3,0.6202,36,57,185
2026-04-17T09:51:42,audio,40,30,0.05,correlation,15,0.1,cosine,25,,leaf,cosine,42,3,0.6202,36,57,185
2026-04-17T09:51:42,audio,40,30,0.05,correlation,15,0.1,cosine,25,,leaf,euclidean,42,4,0.6872,26,50,103
